ID,FILE,SPLIT,URL,AUTHOR,TITLE,YEAR,CENTURY,SCHOOL,TYPE,MEDIUM_FAMILY,SRC_WIDTH,SRC_HEIGHT,IMG_ASPECT,CROP_LOSS,SRC_PATH
a__aagaard__deerlake,images/a__aagaard__deerlake.png,train,https://www.wga.hu/html/a/aagaard/deerlake.html,"AAGAARD, Carl Frederik",Deer beside a Lake,1888.0,19,Danish,landscape,Huile,400.0,272.0,1.4705882352941178,0.09333333333333349,data/raw/images/a/aagaard/deerlake.jpg
a__abbate__deerhunt,images/a__abbate__deerhunt.png,train,https://www.wga.hu/html/a/abbate/deerhunt.html,"ABBATE, Niccolò dell'",Stag Hunt,1551.0,16,Italian,landscape,Huile,400.0,263.0,1.520912547528517,0.1233333333333333,data/raw/images/a/abbate/deerhunt.jpg
a__abbati__abbati2,images/a__abbati__abbati2.png,train,https://www.wga.hu/html/a/abbati/abbati2.html,"ABBATI, Giuseppe",Country Road with Cypresses,1860.0,19,Italian,landscape,Huile,400.0,299.0,1.3377926421404682,0.0033333333333334103,data/raw/images/a/abbati/abbati2.jpg
a__abbati__abbati3,images/a__abbati__abbati3.png,train,https://www.wga.hu/html/a/abbati/abbati3.html,"ABBATI, Giuseppe",The Cloister of Santa Croce,1861.5,19,Italian,landscape,Huile,400.0,303.0,1.3201320132013201,0.00990099009900991,data/raw/images/a/abbati/abbati3.jpg
a__achenbac__firework,images/a__achenbac__firework.png,train,https://www.wga.hu/html/a/achenbac/firework.html,"ACHENBACH, Oswald",Fireworks in Naples,1875.0,19,German,landscape,Huile,400.0,251.0,1.593625498007968,0.16333333333333333,data/raw/images/a/achenbac/firework.jpg
a__aivazovs__9th_wave,images/a__aivazovs__9th_wave.png,train,https://www.wga.hu/html/a/aivazovs/9th_wave.html,"AIVAZOVSKY, Ivan Konstantinovich",The Ninth Wave,1850.0,19,Russian,landscape,Huile,400.0,264.0,1.5151515151515151,0.12,data/raw/images/a/aivazovs/9th_wave.jpg
a__albotto__campo,images/a__albotto__campo.png,train,https://www.wga.hu/html/a/albotto/campo.html,"ALBOTTO, Francesco",View of Campo Santi Giovanni e Paolo,1745.0,18,Italian,landscape,Huile,400.0,251.0,1.593625498007968,0.16333333333333333,data/raw/images/a/albotto/campo.jpg
a__albotto__giuseppe,images/a__albotto__giuseppe.png,train,https://www.wga.hu/html/a/albotto/giuseppe.html,"ALBOTTO, Francesco",San Giuseppe di Castello,1745.0,18,Italian,landscape,Huile,400.0,234.0,1.7094017094017093,0.21999999999999997,data/raw/images/a/albotto/giuseppe.jpg
a__alekseye__view_stp,images/a__alekseye__view_stp.png,train,https://www.wga.hu/html/a/alekseye/view_stp.html,"ALEKSEYEV, Fyodor Yakovlevich",View of St. Petersburg,1795.0,18,Russian,landscape,Huile,400.0,244.0,1.639344262295082,0.18666666666666676,data/raw/images/a/alekseye/view_stp.jpg
a__allegrai__etienne__landmose,images/a__allegrai__etienne__landmose.png,train,https://www.wga.hu/html/a/allegrai/etienne/landmose.html,"ALLEGRAIN, Etienne",Landscape with the Finding of Moses,,17,French,landscape,Huile,400.0,307.0,1.3029315960912051,0.0228013029315961,data/raw/images/a/allegrai/etienne/landmose.jpg
a__allegrai__etienne__riverla2,images/a__allegrai__etienne__riverla2.png,train,https://www.wga.hu/html/a/allegrai/etienne/riverla2.html,"ALLEGRAIN, Etienne",River Landscape,,17,French,landscape,Huile,400.0,250.0,1.6,0.16666666666666674,data/raw/images/a/allegrai/etienne/riverla2.jpg
a__alsloot__extensiv,images/a__alsloot__extensiv.png,train,https://www.wga.hu/html/a/alsloot/extensiv.html,"ALSLOOT, Denis van",Extensive Wooded Landscape with Cephalus and Procris,,17,Flemish,landscape,Huile,400.0,265.0,1.509433962264151,0.11666666666666681,data/raw/images/a/alsloot/extensiv.jpg
a__alsloot__skating,images/a__alsloot__skating.png,train,https://www.wga.hu/html/a/alsloot/skating.html,"ALSLOOT, Denis van",Skating during Carnival,1620.0,17,Flemish,landscape,Huile,400.0,225.0,1.7777777777777777,0.25,data/raw/images/a/alsloot/skating.jpg
a__alsloot__winter_l,images/a__alsloot__winter_l.png,train,https://www.wga.hu/html/a/alsloot/winter_l.html,"ALSLOOT, Denis van",Winter Landscape,1610.0,17,Flemish,landscape,Huile,400.0,300.0,1.3333333333333333,0.0,data/raw/images/a/alsloot/winter_l.jpg
a__alsloot__winterla,images/a__alsloot__winterla.png,train,https://www.wga.hu/html/a/alsloot/winterla.html,"ALSLOOT, Denis van","Winter Landscape in the Fôret de Soignes, with the Flight Into Egypt",1616.0,17,Flemish,landscape,Huile,400.0,288.0,1.3888888888888888,0.040000000000000036,data/raw/images/a/alsloot/winterla.jpg
a__alt__viewvien,images/a__alt__viewvien.png,train,https://www.wga.hu/html/a/alt/viewvien.html,"ALT, Rudolf von",View of Vienna from the Prater,1834.0,19,Austrian,landscape,Techniques sur papier,400.0,282.0,1.4184397163120568,0.06000000000000005,data/raw/images/a/alt/viewvien.jpg
a__anderson__rateship,images/a__anderson__rateship.png,train,https://www.wga.hu/html/a/anderson/rateship.html,"ANDERSON, William",An English 3rd-Rate Ship of the Line in Three Positions,,19,Scottish,landscape,Huile,400.0,245.0,1.6326530612244898,0.18333333333333335,data/raw/images/a/anderson/rateship.jpg
a__anderson__shipcalm,images/a__anderson__shipcalm.png,train,https://www.wga.hu/html/a/anderson/shipcalm.html,"ANDERSON, William",Shipping in a Calm Sea off the Coast,1803.0,19,Scottish,landscape,Huile,400.0,289.0,1.3840830449826989,0.036666666666666625,data/raw/images/a/anderson/shipcalm.jpg
a__anderson__shipping,images/a__anderson__shipping.png,train,https://www.wga.hu/html/a/anderson/shipping.html,"ANDERSON, William",Shipping on the Thames off Deptford,1825.0,19,Scottish,landscape,Huile,400.0,286.0,1.3986013986013985,0.046666666666666634,data/raw/images/a/anderson/shipping.jpg
a__andreesc__winter,images/a__andreesc__winter.png,train,https://www.wga.hu/html/a/andreesc/winter.html,"ANDREESCU, Ion",Winter at Barbizon,1881.0,19,Other,landscape,Huile,400.0,323.0,1.238390092879257,0.07120743034055721,data/raw/images/a/andreesc/winter.jpg
a__anesi__landsca3,images/a__anesi__landsca3.png,train,https://www.wga.hu/html/a/anesi/landsca3.html,"ANESI, Paolo",Italianate Coastal Landscape,,18,Italian,landscape,Huile,400.0,270.0,1.4814814814814814,0.09999999999999998,data/raw/images/a/anesi/landsca3.jpg
a__anesi__rome,images/a__anesi__rome.png,train,https://www.wga.hu/html/a/anesi/rome.html,"ANESI, Paolo",Tiber Bridge in Rome,,18,Italian,landscape,Huile,400.0,252.0,1.5873015873015872,0.16000000000000003,data/raw/images/a/anesi/rome.jpg
a__anesi__rome1,images/a__anesi__rome1.png,train,https://www.wga.hu/html/a/anesi/rome1.html,"ANESI, Paolo",View of the Roman Campagna,,18,Italian,landscape,Huile,400.0,294.0,1.3605442176870748,0.020000000000000018,data/raw/images/a/anesi/rome1.jpg
a__anesi__scene,images/a__anesi__scene.png,train,https://www.wga.hu/html/a/anesi/scene.html,"ANESI, Paolo",Harbour Scene,,18,Italian,landscape,Huile,400.0,307.0,1.3029315960912051,0.0228013029315961,data/raw/images/a/anesi/scene.jpg
a__anesi__tivoli,images/a__anesi__tivoli.png,train,https://www.wga.hu/html/a/anesi/tivoli.html,"ANESI, Paolo",View of Tivoli and the Roman Campagna,,18,Italian,landscape,Huile,400.0,290.0,1.3793103448275863,0.03333333333333344,data/raw/images/a/anesi/tivoli.jpg
a__angrand__railway,images/a__angrand__railway.png,train,https://www.wga.hu/html/a/angrand/railway.html,"ANGRAND, Charles",The Western Railway Leaving Paris,1886.0,19,French,landscape,Huile,400.0,307.0,1.3029315960912051,0.0228013029315961,data/raw/images/a/angrand/railway.jpg
a__apshoven__landscap,images/a__apshoven__landscap.png,train,https://www.wga.hu/html/a/apshoven/landscap.html,"APSHOVEN, Thomas van",Landscape with a Musician,,17,Flemish,landscape,Huile,400.0,295.0,1.3559322033898304,0.01666666666666672,data/raw/images/a/apshoven/landscap.jpg
a__arthois__edgewood,images/a__arthois__edgewood.png,train,https://www.wga.hu/html/a/arthois/edgewood.html,"ARTHOIS, Jacques d'",Edge of a Wood,,17,Flemish,landscape,Huile,400.0,298.0,1.342281879194631,0.006666666666666821,data/raw/images/a/arthois/edgewood.jpg
a__arthois__extensiv,images/a__arthois__extensiv.png,train,https://www.wga.hu/html/a/arthois/extensiv.html,"ARTHOIS, Jacques d'",An Extensive Wooded Landscape with Travellers on a Path,,17,Flemish,landscape,Huile,400.0,314.0,1.2738853503184713,0.04458598726114649,data/raw/images/a/arthois/extensiv.jpg
a__arthois__landherd,images/a__arthois__landherd.png,train,https://www.wga.hu/html/a/arthois/landherd.html,"ARTHOIS, Jacques d'",Landscape with a Herd,1640.0,17,Flemish,landscape,Huile,400.0,305.0,1.3114754098360655,0.016393442622950838,data/raw/images/a/arthois/landherd.jpg
a__arthois__landscap,images/a__arthois__landscap.png,test,https://www.wga.hu/html/a/arthois/landscap.html,"ARTHOIS, Jacques d'",Wooded Landscape,,17,Flemish,landscape,Huile,400.0,276.0,1.4492753623188406,0.08000000000000007,data/raw/images/a/arthois/landscap.jpg
a__arthois__woodedla,images/a__arthois__woodedla.png,test,https://www.wga.hu/html/a/arthois/woodedla.html,"ARTHOIS, Jacques d'",Wooded Landscape,,17,Flemish,landscape,Huile,400.0,270.0,1.4814814814814814,0.09999999999999998,data/raw/images/a/arthois/woodedla.jpg
a__asch__citywall,images/a__asch__citywall.png,train,https://www.wga.hu/html/a/asch/citywall.html,"ASCH, Pieter Jansz. van",The Delft City Wall with the Houttuinen,1650.0,17,Dutch,landscape,Huile,400.0,270.0,1.4814814814814814,0.09999999999999998,data/raw/images/a/asch/citywall.jpg
a__asch__river_la,images/a__asch__river_la.png,test,https://www.wga.hu/html/a/asch/river_la.html,"ASCH, Pieter Jansz. van",River Landscape,1640.0,17,Dutch,landscape,Huile,400.0,262.0,1.5267175572519085,0.12666666666666682,data/raw/images/a/asch/river_la.jpg
a__ashford__kilarney,images/a__ashford__kilarney.png,train,https://www.wga.hu/html/a/ashford/kilarney.html,"ASHFORD, William",View of Killarney,1778.0,18,Irish,landscape,Huile,400.0,292.0,1.36986301369863,0.026666666666666616,data/raw/images/a/ashford/kilarney.jpg
a__ashford__killarn1,images/a__ashford__killarn1.png,train,https://www.wga.hu/html/a/ashford/killarn1.html,"ASHFORD, William",A View of Killarney with the Passage to the Upper Lake,1779.0,18,Irish,landscape,Huile,400.0,297.0,1.3468013468013469,0.01000000000000012,data/raw/images/a/ashford/killarn1.jpg
a__assche__waterfal,images/a__assche__waterfal.png,train,https://www.wga.hu/html/a/assche/waterfal.html,"ASSCHE, Henri van",Landscape with Waterfall and Farm,1806.0,19,Belgian,landscape,Huile,400.0,274.0,1.4598540145985401,0.08666666666666667,data/raw/images/a/assche/waterfal.jpg
a__assche__winterla,images/a__assche__winterla.png,train,https://www.wga.hu/html/a/assche/winterla.html,"ASSCHE, Henri van",Winter Landscape,1814.0,19,Belgian,landscape,Huile,400.0,303.0,1.3201320132013201,0.00990099009900991,data/raw/images/a/assche/winterla.jpg
a__asselyn__aqueduct,images/a__asselyn__aqueduct.png,train,https://www.wga.hu/html/a/asselyn/aqueduct.html,"ASSELYN, Jan",Italian Landscape with the Ruins of a Roman Bridge and Aqueduct,,17,Dutch,landscape,Huile,400.0,333.0,1.2012012012012012,0.09909909909909909,data/raw/images/a/asselyn/aqueduct.jpg
a__asselyn__breach,images/a__asselyn__breach.png,train,https://www.wga.hu/html/a/asselyn/breach.html,"ASSELYN, Jan",The Breach of the Sint Anthonisdijk,1651.0,17,Dutch,landscape,Huile,400.0,316.0,1.2658227848101267,0.050632911392405,data/raw/images/a/asselyn/breach.jpg
a__asselyn__coastal,images/a__asselyn__coastal.png,train,https://www.wga.hu/html/a/asselyn/coastal.html,"ASSELYN, Jan",Coastal Scene with Resting Riders,1652.0,17,Dutch,landscape,Huile,400.0,290.0,1.3793103448275863,0.03333333333333344,data/raw/images/a/asselyn/coastal.jpg
a__asselyn__italiana,images/a__asselyn__italiana.png,train,https://www.wga.hu/html/a/asselyn/italiana.html,"ASSELYN, Jan",Italianate Landscape with a River and an Arched Bridge,1648.0,17,Dutch,landscape,Huile,400.0,318.0,1.2578616352201257,0.05660377358490565,data/raw/images/a/asselyn/italiana.jpg
a__asselyn__italianb,images/a__asselyn__italianb.png,train,https://www.wga.hu/html/a/asselyn/italianb.html,"ASSELYN, Jan",Italianate Landscape with Peasants and Animals Fording a River,1642.5,17,Dutch,landscape,Huile,400.0,316.0,1.2658227848101267,0.050632911392405,data/raw/images/a/asselyn/italianb.jpg
a__asselyn__landsca1,images/a__asselyn__landsca1.png,train,https://www.wga.hu/html/a/asselyn/landsca1.html,"ASSELYN, Jan",Landscape with Ruins and Hunting Party,1645.0,17,Dutch,landscape,Huile,400.0,310.0,1.2903225806451613,0.032258064516129004,data/raw/images/a/asselyn/landsca1.jpg
a__asselyn__landsca2,images/a__asselyn__landsca2.png,train,https://www.wga.hu/html/a/asselyn/landsca2.html,"ASSELYN, Jan",Mountainous Landscape with Traveling Herdsmen,1647.5,17,Dutch,landscape,Huile,400.0,245.0,1.6326530612244898,0.18333333333333335,data/raw/images/a/asselyn/landsca2.jpg
a__asselyn__landscap,images/a__asselyn__landscap.png,test,https://www.wga.hu/html/a/asselyn/landscap.html,"ASSELYN, Jan",Italian Landscape with SS. Giovanni e Paolo in Rome,,17,Dutch,landscape,Huile,400.0,329.0,1.21580547112462,0.08814589665653494,data/raw/images/a/asselyn/landscap.jpg
a__asselyn__riverban,images/a__asselyn__riverban.png,test,https://www.wga.hu/html/a/asselyn/riverban.html,"ASSELYN, Jan",River Bank with Herdsmen,1650.0,17,Dutch,landscape,Huile,400.0,255.0,1.5686274509803921,0.15000000000000002,data/raw/images/a/asselyn/riverban.jpg
a__avercamp__barend__landscap,images/a__avercamp__barend__landscap.png,train,https://www.wga.hu/html/a/avercamp/barend/landscap.html,"AVERCAMP, Barend",Landscape with Frozen River,1655.0,17,Dutch,landscape,Huile,400.0,243.0,1.646090534979424,0.19000000000000006,data/raw/images/a/avercamp/barend/landscap.jpg
a__avercamp__barend__winterla,images/a__avercamp__barend__winterla.png,train,https://www.wga.hu/html/a/avercamp/barend/winterla.html,"AVERCAMP, Barend",Winter Landscape,,17,Dutch,landscape,Huile,400.0,286.0,1.3986013986013985,0.046666666666666634,data/raw/images/a/avercamp/barend/winterla.jpg
a__avercamp__hendrick__ice_scen,images/a__avercamp__hendrick__ice_scen.png,train,https://www.wga.hu/html/a/avercamp/hendrick/ice_scen.html,"AVERCAMP, Hendrick",Ice Scene,,17,Dutch,landscape,Huile,400.0,281.0,1.4234875444839858,0.06333333333333346,data/raw/images/a/avercamp/hendrick/ice_scen.jpg
a__avercamp__hendrick__panorami,images/a__avercamp__hendrick__panorami.png,train,https://www.wga.hu/html/a/avercamp/hendrick/panorami.html,"AVERCAMP, Hendrick",A Panoramic Winter Landscape,1610.0,17,Dutch,landscape,Huile,400.0,253.0,1.5810276679841897,0.15666666666666673,data/raw/images/a/avercamp/hendrick/panorami.jpg
a__avercamp__hendrick__scene_ic,images/a__avercamp__hendrick__scene_ic.png,train,https://www.wga.hu/html/a/avercamp/hendrick/scene_ic.html,"AVERCAMP, Hendrick",A Scene on the Ice near a Town,1615.0,17,Dutch,landscape,Huile,400.0,257.0,1.556420233463035,0.14333333333333342,data/raw/images/a/avercamp/hendrick/scene_ic.jpg
a__avercamp__hendrick__scenewin,images/a__avercamp__hendrick__scenewin.png,train,https://www.wga.hu/html/a/avercamp/hendrick/scenewin.html,"AVERCAMP, Hendrick",Winter Landscape with Skaters,1608.0,17,Dutch,landscape,Huile,400.0,229.0,1.7467248908296944,0.2366666666666667,data/raw/images/a/avercamp/hendrick/scenewin.jpg
a__avercamp__hendrick__skaters,images/a__avercamp__hendrick__skaters.png,train,https://www.wga.hu/html/a/avercamp/hendrick/skaters.html,"AVERCAMP, Hendrick",Skaters,,17,Dutch,landscape,Huile,400.0,261.0,1.5325670498084292,0.13000000000000012,data/raw/images/a/avercamp/hendrick/skaters.jpg
a__avercamp__hendrick__winter_m,images/a__avercamp__hendrick__winter_m.png,train,https://www.wga.hu/html/a/avercamp/hendrick/winter_m.html,"AVERCAMP, Hendrick",Winter Landscape,,17,Dutch,landscape,Huile,400.0,239.0,1.6736401673640167,0.20333333333333337,data/raw/images/a/avercamp/hendrick/winter_m.jpg
a__avercamp__hendrick__winterla,images/a__avercamp__hendrick__winterla.png,train,https://www.wga.hu/html/a/avercamp/hendrick/winterla.html,"AVERCAMP, Hendrick",Winter Landscape,,17,Dutch,landscape,Huile,400.0,237.0,1.6877637130801688,0.21000000000000008,data/raw/images/a/avercamp/hendrick/winterla.jpg
a__avercamp__hendrick__winterln,images/a__avercamp__hendrick__winterln.png,train,https://www.wga.hu/html/a/avercamp/hendrick/winterln.html,"AVERCAMP, Hendrick",Winter Landscape,1607.5,17,Dutch,landscape,Huile,400.0,285.0,1.4035087719298245,0.050000000000000044,data/raw/images/a/avercamp/hendrick/winterln.jpg
a__avercamp__hendrick__winters,images/a__avercamp__hendrick__winters.png,train,https://www.wga.hu/html/a/avercamp/hendrick/winters.html,"AVERCAMP, Hendrick",Winter Scene,1614.5,17,Dutch,landscape,Huile,400.0,295.0,1.3559322033898304,0.01666666666666672,data/raw/images/a/avercamp/hendrick/winters.jpg
a__avercamp__hendrick__wintersc,images/a__avercamp__hendrick__wintersc.png,train,https://www.wga.hu/html/a/avercamp/hendrick/wintersc.html,"AVERCAMP, Hendrick",Winter Scene at Yselmuiden,1613.0,17,Dutch,landscape,Huile,400.0,252.0,1.5873015873015872,0.16000000000000003,data/raw/images/a/avercamp/hendrick/wintersc.jpg
a__avercamp__hendrick__wskaters,images/a__avercamp__hendrick__wskaters.png,test,https://www.wga.hu/html/a/avercamp/hendrick/wskaters.html,"AVERCAMP, Hendrick",Frozen River with Skaters,1612.5,17,Dutch,landscape,Huile,400.0,398.0,1.0050251256281406,0.24623115577889454,data/raw/images/a/avercamp/hendrick/wskaters.jpg
a__azeglio__arabs,images/a__azeglio__arabs.png,train,https://www.wga.hu/html/a/azeglio/arabs.html,"AZEGLIO, Massimo Taparelli, Marquis d'",Arabs on Horseback,1840.0,19,Italian,landscape,Huile,400.0,276.0,1.4492753623188406,0.08000000000000007,data/raw/images/a/azeglio/arabs.jpg
b__backhuys__distress,images/b__backhuys__distress.png,train,https://www.wga.hu/html/b/backhuys/distress.html,"BACKHUYSEN, Ludolf",Ships in Distress off a Rocky Coast,1667.0,17,Dutch,landscape,Huile,400.0,271.0,1.4760147601476015,0.09666666666666668,data/raw/images/b/backhuys/distress.jpg
b__backhuys__fishing,images/b__backhuys__fishing.png,train,https://www.wga.hu/html/b/backhuys/fishing.html,"BACKHUYSEN, Ludolf",A Fishing Pink,1680.0,17,Dutch,landscape,Huile,400.0,317.0,1.2618296529968454,0.05362776025236593,data/raw/images/b/backhuys/fishing.jpg
b__backhuys__ragstorm,images/b__backhuys__ragstorm.png,train,https://www.wga.hu/html/b/backhuys/ragstorm.html,"BACKHUYSEN, Ludolf",Ships in Distress in a Raging Storm,1690.0,17,Dutch,landscape,Huile,400.0,262.0,1.5267175572519085,0.12666666666666682,data/raw/images/b/backhuys/ragstorm.jpg
b__backhuys__shipping,images/b__backhuys__shipping.png,train,https://www.wga.hu/html/b/backhuys/shipping.html,"BACKHUYSEN, Ludolf",Shipping by the Dutch Coast,,17,Dutch,landscape,Huile,400.0,303.0,1.3201320132013201,0.00990099009900991,data/raw/images/b/backhuys/shipping.jpg
b__backhuys__smalldut,images/b__backhuys__smalldut.png,train,https://www.wga.hu/html/b/backhuys/smalldut.html,"BACKHUYSEN, Ludolf",Small Dutch Vessels,,17,Dutch,landscape,Huile,400.0,287.0,1.3937282229965158,0.043333333333333446,data/raw/images/b/backhuys/smalldut.jpg
b__backhuys__stiffbre,images/b__backhuys__stiffbre.png,test,https://www.wga.hu/html/b/backhuys/stiffbre.html,"BACKHUYSEN, Ludolf",Ships in a Stiff Breeze,1690.0,17,Dutch,landscape,Huile,400.0,283.0,1.4134275618374559,0.056666666666666754,data/raw/images/b/backhuys/stiffbre.jpg
b__backhuys__the_gale,images/b__backhuys__the_gale.png,train,https://www.wga.hu/html/b/backhuys/the_gale.html,"BACKHUYSEN, Ludolf",Fishing Boats and Coasting Vessel in Rough Weather,1661.5,17,Dutch,landscape,Huile,400.0,278.0,1.4388489208633093,0.07333333333333336,data/raw/images/b/backhuys/the_gale.jpg
b__backhuys__vessel,images/b__backhuys__vessel.png,train,https://www.wga.hu/html/b/backhuys/vessel.html,"BACKHUYSEN, Ludolf",Dutch Vessels on the Sea at Amsterdam,1708.0,17,Dutch,landscape,Huile,400.0,325.0,1.2307692307692308,0.07692307692307687,data/raw/images/b/backhuys/vessel.jpg
b__backhuys__vessels,images/b__backhuys__vessels.png,train,https://www.wga.hu/html/b/backhuys/vessels.html,"BACKHUYSEN, Ludolf",Dutch Coastal Vessels,1704.0,17,Dutch,landscape,Huile,400.0,328.0,1.2195121951219512,0.08536585365853655,data/raw/images/b/backhuys/vessels.jpg
b__backhuys__vessels1,images/b__backhuys__vessels1.png,test,https://www.wga.hu/html/b/backhuys/vessels1.html,"BACKHUYSEN, Ludolf",Dutch Vessels off a Coastline on a Breezy Day,1680.0,17,Dutch,landscape,Huile,400.0,284.0,1.408450704225352,0.053333333333333344,data/raw/images/b/backhuys/vessels1.jpg
b__backhuys__view_ams,images/b__backhuys__view_ams.png,train,https://www.wga.hu/html/b/backhuys/view_ams.html,"BACKHUYSEN, Ludolf",View of Amsterdam with Ships on the Ij,1666.0,17,Dutch,landscape,Huile,400.0,225.0,1.7777777777777777,0.25,data/raw/images/b/backhuys/view_ams.jpg
b__backhuys__viewvlaa,images/b__backhuys__viewvlaa.png,train,https://www.wga.hu/html/b/backhuys/viewvlaa.html,"BACKHUYSEN, Ludolf",View from the Nieuwe Maas River towards the City of Vlaardingen,1684.5,17,Dutch,landscape,Huile,400.0,323.0,1.238390092879257,0.07120743034055721,data/raw/images/b/backhuys/viewvlaa.jpg
b__backhuys__zuiderze,images/b__backhuys__zuiderze.png,test,https://www.wga.hu/html/b/backhuys/zuiderze.html,"BACKHUYSEN, Ludolf",Ships on the Zuiderzee before the Fort of Naarden,1664.5,17,Dutch,landscape,Huile,400.0,299.0,1.3377926421404682,0.0033333333333334103,data/raw/images/b/backhuys/zuiderze.jpg
b__baertsoe__evening,images/b__baertsoe__evening.png,train,https://www.wga.hu/html/b/baertsoe/evening.html,"BAERTSOEN, Albert","Ghent, Evening",1903.0,19,Belgian,landscape,Huile,400.0,399.0,1.0025062656641603,0.24812030075187974,data/raw/images/b/baertsoe/evening.jpg
b__baglion__rocca2,images/b__baglion__rocca2.png,train,https://www.wga.hu/html/b/baglion/rocca2.html,"BAGLIONE, Cesare",Grotesques with Imaginary Landscapes,1572.5,16,Italian,landscape,Fresque,400.0,298.0,1.342281879194631,0.006666666666666821,data/raw/images/b/baglion/rocca2.jpg
b__barker__thomas__landscap,images/b__barker__thomas__landscap.png,test,https://www.wga.hu/html/b/barker/thomas/landscap.html,"BARKER, Thomas",Italianate Landscape With Travellers,1793.0,19,English,landscape,Huile,400.0,324.0,1.2345679012345678,0.07407407407407407,data/raw/images/b/barker/thomas/landscap.jpg
b__barra__landbuil,images/b__barra__landbuil.png,train,https://www.wga.hu/html/b/barra/landbuil.html,"BARRA, Didier",Landscape with Buildings,,17,French,landscape,Huile,400.0,302.0,1.3245033112582782,0.0066225165562913135,data/raw/images/b/barra/landbuil.jpg
b__barret__landsca1,images/b__barret__landsca1.png,train,https://www.wga.hu/html/b/barret/landsca1.html,"BARRET, George",Landscape with a Watermill,,18,Irish,landscape,Huile,400.0,328.0,1.2195121951219512,0.08536585365853655,data/raw/images/b/barret/landsca1.jpg
b__barret__landsca2,images/b__barret__landsca2.png,train,https://www.wga.hu/html/b/barret/landsca2.html,"BARRET, George",Landscape with an Approaching Shower,,18,Irish,landscape,Huile,400.0,282.0,1.4184397163120568,0.06000000000000005,data/raw/images/b/barret/landsca2.jpg
b__barret__landsca3,images/b__barret__landsca3.png,train,https://www.wga.hu/html/b/barret/landsca3.html,"BARRET, George",Wooded Landscape,,18,Irish,landscape,Huile,400.0,317.0,1.2618296529968454,0.05362776025236593,data/raw/images/b/barret/landsca3.jpg
b__barye__father__yforest1,images/b__barye__father__yforest1.png,train,https://www.wga.hu/html/b/barye/father/yforest1.html,"BARYE, Antoine-Louis","Forest of Fontainebleau: ""La Reine Blanche""",,19,French,landscape,Huile,400.0,301.0,1.3289036544850499,0.0033222591362125353,data/raw/images/b/barye/father/yforest1.jpg
b__barye__father__yforest2,images/b__barye__father__yforest2.png,train,https://www.wga.hu/html/b/barye/father/yforest2.html,"BARYE, Antoine-Louis","Forest of Fontainebleau: The ""Jean de Paris""",,19,French,landscape,Huile,400.0,254.0,1.5748031496062993,0.15333333333333343,data/raw/images/b/barye/father/yforest2.jpg
b__bassano__francesc__autumn,images/b__bassano__francesc__autumn.png,test,https://www.wga.hu/html/b/bassano/francesc/autumn.html,"BASSANO, Francesco","Autumn, with Moses Receiving the Ten Commandments",1784.5,16,Italian,landscape,Huile,400.0,288.0,1.3888888888888888,0.040000000000000036,data/raw/images/b/bassano/francesc/autumn.jpg
b__bassano__francesc__summe,images/b__bassano__francesc__summe.png,train,https://www.wga.hu/html/b/bassano/francesc/summe.html,"BASSANO, Francesco",Summer,,16,Italian,landscape,Huile,400.0,300.0,1.3333333333333333,0.0,data/raw/images/b/bassano/francesc/summe.jpg
b__bassano__francesc__summer,images/b__bassano__francesc__summer.png,train,https://www.wga.hu/html/b/bassano/francesc/summer.html,"BASSANO, Francesco",Summer,1577.5,16,Italian,landscape,Huile,400.0,243.0,1.646090534979424,0.19000000000000006,data/raw/images/b/bassano/francesc/summer.jpg
b__bassano__francesc__winter,images/b__bassano__francesc__winter.png,train,https://www.wga.hu/html/b/bassano/francesc/winter.html,"BASSANO, Francesco",Winter,1577.5,16,Italian,landscape,Huile,400.0,243.0,1.646090534979424,0.19000000000000006,data/raw/images/b/bassano/francesc/winter.jpg
b__bassano__jacopo__1__14pastor,images/b__bassano__jacopo__1__14pastor.png,train,https://www.wga.hu/html/b/bassano/jacopo/1/14pastor.html,"BASSANO, Jacopo",Pastoral Scene,1560.0,16,Italian,landscape,Huile,400.0,396.0,1.0101010101010102,0.24242424242424232,data/raw/images/b/bassano/jacopo/1/14pastor.jpg
b__bassano__jacopo__2__04garden,images/b__bassano__jacopo__2__04garden.png,train,https://www.wga.hu/html/b/bassano/jacopo/2/04garden.html,"BASSANO, Jacopo",Garden of Eden,1571.5,16,Italian,landscape,Huile,400.0,277.0,1.444043321299639,0.07666666666666677,data/raw/images/b/bassano/jacopo/2/04garden.jpg
b__battem__landscap,images/b__battem__landscap.png,train,https://www.wga.hu/html/b/battem/landscap.html,"BATTEM, Gerrit van",Mountainous Landscape,,17,Dutch,landscape,Huile,400.0,322.0,1.2422360248447204,0.06832298136645965,data/raw/images/b/battem/landscap.jpg
b__baum__landscap,images/b__baum__landscap.png,train,https://www.wga.hu/html/b/baum/landscap.html,"BAUM, Paul",Landscape,1896.0,19,German,landscape,Huile,400.0,309.0,1.2944983818770226,0.029126213592232997,data/raw/images/b/baum/landscap.jpg
b__bazille__04meric,images/b__bazille__04meric.png,train,https://www.wga.hu/html/b/bazille/04meric.html,"BAZILLE, Jean-Frédéric",The Terrace at Méric (Oleander),1867.0,19,French,landscape,Huile,400.0,236.0,1.694915254237288,0.21333333333333337,data/raw/images/b/bazille/04meric.jpg
b__bazille__07bather,images/b__bazille__07bather.png,train,https://www.wga.hu/html/b/bazille/07bather.html,"BAZILLE, Jean-Frédéric",Bathers (Summer Scene),1869.0,19,French,landscape,Huile,400.0,396.0,1.0101010101010102,0.24242424242424232,data/raw/images/b/bazille/07bather.jpg
b__beeckman__batavia,images/b__beeckman__batavia.png,train,https://www.wga.hu/html/b/beeckman/batavia.html,"BEECKMAN, Andries","The Castle of Batavia, Seen from Kali Besar West",1656.0,17,Dutch,landscape,Huile,400.0,276.0,1.4492753623188406,0.08000000000000007,data/raw/images/b/beeckman/batavia.jpg
b__beerstra__anthonie__manowar,images/b__beerstra__anthonie__manowar.png,train,https://www.wga.hu/html/b/beerstra/anthonie/manowar.html,"BEERSTRATEN, Anthonie",Dutch Man O' War Firing its Guns,1660.0,17,Flemish,landscape,Huile,400.0,285.0,1.4035087719298245,0.050000000000000044,data/raw/images/b/beerstra/anthonie/manowar.jpg
b__beerstra__anthonie__skating,images/b__beerstra__anthonie__skating.png,train,https://www.wga.hu/html/b/beerstra/anthonie/skating.html,"BEERSTRATEN, Anthonie",Skating near a Town Wall,,17,Flemish,landscape,Huile,400.0,266.0,1.5037593984962405,0.11333333333333329,data/raw/images/b/beerstra/anthonie/skating.jpg
b__beerstra__anthonie__winter_l,images/b__beerstra__anthonie__winter_l.png,train,https://www.wga.hu/html/b/beerstra/anthonie/winter_l.html,"BEERSTRATEN, Anthonie",Winter Landscape,,17,Flemish,landscape,Huile,400.0,290.0,1.3793103448275863,0.03333333333333344,data/raw/images/b/beerstra/anthonie/winter_l.jpg
b__beerstra__anthonie__winterla,images/b__beerstra__anthonie__winterla.png,test,https://www.wga.hu/html/b/beerstra/anthonie/winterla.html,"BEERSTRATEN, Anthonie",Winter Landscape with Skaters on a Frozen Lake,,17,Flemish,landscape,Huile,400.0,296.0,1.3513513513513513,0.013333333333333308,data/raw/images/b/beerstra/anthonie/winterla.jpg
b__beerstra__abrahams__capricci,images/b__beerstra__abrahams__capricci.png,train,https://www.wga.hu/html/b/beerstra/abrahams/capricci.html,"BEERSTRATEN, Jan Abrahamsz.",Capriccio of a Mediterranean Harbour,,17,Flemish,landscape,Huile,400.0,287.0,1.3937282229965158,0.043333333333333446,data/raw/images/b/beerstra/abrahams/capricci.jpg
b__beerstra__abrahams__coastal,images/b__beerstra__abrahams__coastal.png,train,https://www.wga.hu/html/b/beerstra/abrahams/coastal.html,"BEERSTRATEN, Jan Abrahamsz.",Coastal Landscape,,17,Dutch,landscape,Huile,400.0,296.0,1.3513513513513513,0.013333333333333308,data/raw/images/b/beerstra/abrahams/coastal.jpg
b__beerstra__abrahams__galley,images/b__beerstra__abrahams__galley.png,train,https://www.wga.hu/html/b/beerstra/abrahams/galley.html,"BEERSTRATEN, Jan Abrahamsz.",Galley in front of a Mediterranean Coast,,17,Flemish,landscape,Huile,400.0,257.0,1.556420233463035,0.14333333333333342,data/raw/images/b/beerstra/abrahams/galley.jpg
b__beerstra__abrahams__harbour,images/b__beerstra__abrahams__harbour.png,train,https://www.wga.hu/html/b/beerstra/abrahams/harbour.html,"BEERSTRATEN, Jan Abrahamsz.","Mediterranean Harbour, with the Dutch Vessel Profeet Elias at Anchor",1650.0,17,Flemish,landscape,Huile,400.0,289.0,1.3840830449826989,0.036666666666666625,data/raw/images/b/beerstra/abrahams/harbour.jpg
b__beerstra__abrahams__nieukoop,images/b__beerstra__abrahams__nieukoop.png,train,https://www.wga.hu/html/b/beerstra/abrahams/nieukoop.html,"BEERSTRATEN, Jan Abrahamsz.",Village of Nieukoop in Winter with Child Funeral,,17,Dutch,landscape,Huile,400.0,282.0,1.4184397163120568,0.06000000000000005,data/raw/images/b/beerstra/abrahams/nieukoop.jpg
b__beerstra__abrahams__shipwrec,images/b__beerstra__abrahams__shipwrec.png,train,https://www.wga.hu/html/b/beerstra/abrahams/shipwrec.html,"BEERSTRATEN, Jan Abrahamsz.","Shipwreck in Stormy Seas, near a Rocky Coast",,17,Flemish,landscape,Huile,400.0,306.0,1.3071895424836601,0.019607843137254832,data/raw/images/b/beerstra/abrahams/shipwrec.jpg
b__beerstra__abrahams__skating,images/b__beerstra__abrahams__skating.png,train,https://www.wga.hu/html/b/beerstra/abrahams/skating.html,"BEERSTRATEN, Jan Abrahamsz.","Skating at Sloten, near Amsterdam",1662.5,17,Flemish,landscape,Huile,400.0,276.0,1.4492753623188406,0.08000000000000007,data/raw/images/b/beerstra/abrahams/skating.jpg
b__beest__market,images/b__beest__market.png,train,https://www.wga.hu/html/b/beest/market.html,"BEEST, Sybrand van",The Hague Vegetable Market in Winter,1650.0,17,Dutch,landscape,Huile,400.0,244.0,1.639344262295082,0.18666666666666676,data/raw/images/b/beest/market.jpg
b__begeyn__seashore,images/b__begeyn__seashore.png,test,https://www.wga.hu/html/b/begeyn/seashore.html,"BEGEYN, Abraham Jansz.",Seashore,1662.0,17,Dutch,landscape,Huile,400.0,301.0,1.3289036544850499,0.0033222591362125353,data/raw/images/b/begeyn/seashore.jpg
b__beliard__bankoise,images/b__beliard__bankoise.png,train,https://www.wga.hu/html/b/beliard/bankoise.html,"BÉLIARD, Edouard",Banks of the Oise,1875.0,19,French,landscape,Huile,400.0,308.0,1.2987012987012987,0.025974025974025983,data/raw/images/b/beliard/bankoise.jpg
b__bellevoi__dutcship,images/b__bellevoi__dutcship.png,train,https://www.wga.hu/html/b/bellevoi/dutcship.html,"BELLEVOIS, Jacob Adriaensz.",Dutch Ships in Choppy Waters,,17,Dutch,landscape,Huile,400.0,294.0,1.3605442176870748,0.020000000000000018,data/raw/images/b/bellevoi/dutcship.jpg
b__bellevoi__stormy,images/b__bellevoi__stormy.png,train,https://www.wga.hu/html/b/bellevoi/stormy.html,"BELLEVOIS, Jacob Adriaensz.",Ships on a Stormy Sea,,17,Dutch,landscape,Huile,400.0,269.0,1.486988847583643,0.10333333333333328,data/raw/images/b/bellevoi/stormy.jpg
b__bellotto__1__bello100,images/b__bellotto__1__bello100.png,train,https://www.wga.hu/html/b/bellotto/1/bello100.html,"BELLOTTO, Bernardo",Rio dei Mendicanti with the Scuola di San Marco,1739.0,18,Italian,landscape,Huile,400.0,275.0,1.4545454545454546,0.08333333333333337,data/raw/images/b/bellotto/1/bello100.jpg
b__bellotto__1__bello103,images/b__bellotto__1__bello103.png,train,https://www.wga.hu/html/b/bellotto/1/bello103.html,"BELLOTTO, Bernardo",The Piazza della Signoria in Florence,1740.0,18,Italian,landscape,Huile,400.0,267.0,1.4981273408239701,0.1100000000000001,data/raw/images/b/bellotto/1/bello103.jpg
b__bellotto__1__bello103b,images/b__bellotto__1__bello103b.png,train,https://www.wga.hu/html/b/bellotto/1/bello103b.html,"BELLOTTO, Bernardo",The Arno in Florence,1740.0,18,Italian,landscape,Huile,400.0,271.0,1.4760147601476015,0.09666666666666668,data/raw/images/b/bellotto/1/bello103b.jpg
b__bellotto__1__bello106,images/b__bellotto__1__bello106.png,train,https://www.wga.hu/html/b/bellotto/1/bello106.html,"BELLOTTO, Bernardo",View of the Villa Cagnola at Gazzada near Varese,1744.0,18,Italian,landscape,Huile,400.0,262.0,1.5267175572519085,0.12666666666666682,data/raw/images/b/bellotto/1/bello106.jpg
b__bellotto__1__bello107,images/b__bellotto__1__bello107.png,train,https://www.wga.hu/html/b/bellotto/1/bello107.html,"BELLOTTO, Bernardo",View of Gazzada near Varese,1744.0,18,Italian,landscape,Huile,400.0,260.0,1.5384615384615385,0.13333333333333341,data/raw/images/b/bellotto/1/bello107.jpg
b__bellotto__1__bello108,images/b__bellotto__1__bello108.png,train,https://www.wga.hu/html/b/bellotto/1/bello108.html,"BELLOTTO, Bernardo",View of Turin near the Royal Palace,1745.0,18,Italian,landscape,Huile,400.0,292.0,1.36986301369863,0.026666666666666616,data/raw/images/b/bellotto/1/bello108.jpg
b__bellotto__1__bello109,images/b__bellotto__1__bello109.png,train,https://www.wga.hu/html/b/bellotto/1/bello109.html,"BELLOTTO, Bernardo",View of Verona and the River Adige from the Ponte Nuovo,1747.5,18,Italian,landscape,Huile,400.0,252.0,1.5873015873015872,0.16000000000000003,data/raw/images/b/bellotto/1/bello109.jpg
b__bellotto__1__bello110,images/b__bellotto__1__bello110.png,train,https://www.wga.hu/html/b/bellotto/1/bello110.html,"BELLOTTO, Bernardo",Rome: View of the Piazza di San Giovanni in Laterano,1743.5,18,Italian,landscape,Huile,400.0,252.0,1.5873015873015872,0.16000000000000003,data/raw/images/b/bellotto/1/bello110.jpg
b__bellotto__1__bello111,images/b__bellotto__1__bello111.png,train,https://www.wga.hu/html/b/bellotto/1/bello111.html,"BELLOTTO, Bernardo",Capriccio Padovano,1741.0,18,Italian,landscape,Huile,400.0,265.0,1.509433962264151,0.11666666666666681,data/raw/images/b/bellotto/1/bello111.jpg
b__bellotto__2__bello202,images/b__bellotto__2__bello202.png,train,https://www.wga.hu/html/b/bellotto/2/bello202.html,"BELLOTTO, Bernardo",View of Dresden from the Right Bank of the Elbe with the Augustus Bridge,1748.0,18,Italian,landscape,Huile,400.0,227.0,1.7621145374449338,0.2433333333333333,data/raw/images/b/bellotto/2/bello202.jpg
b__bellotto__2__bello204,images/b__bellotto__2__bello204.png,train,https://www.wga.hu/html/b/bellotto/2/bello204.html,"BELLOTTO, Bernardo",New Market Square in Dresden,1750.0,18,Italian,landscape,Huile,400.0,278.0,1.4388489208633093,0.07333333333333336,data/raw/images/b/bellotto/2/bello204.jpg
b__bellotto__2__bello205,images/b__bellotto__2__bello205.png,train,https://www.wga.hu/html/b/bellotto/2/bello205.html,"BELLOTTO, Bernardo",New Market Square in Dresden from the Jüdenhof,1750.0,18,Italian,landscape,Huile,400.0,228.0,1.7543859649122806,0.24,data/raw/images/b/bellotto/2/bello205.jpg
b__bellotto__2__bello210,images/b__bellotto__2__bello210.png,train,https://www.wga.hu/html/b/bellotto/2/bello210.html,"BELLOTTO, Bernardo",Pirna Seen from the Harbour Town,1754.0,18,Italian,landscape,Huile,400.0,225.0,1.7777777777777777,0.25,data/raw/images/b/bellotto/2/bello210.jpg
b__bellotto__2__bello212,images/b__bellotto__2__bello212.png,train,https://www.wga.hu/html/b/bellotto/2/bello212.html,"BELLOTTO, Bernardo","Dresden, the Ruins of the Pirnaische Vorstadt",1762.5,18,Italian,landscape,Huile,400.0,281.0,1.4234875444839858,0.06333333333333346,data/raw/images/b/bellotto/2/bello212.jpg
b__bellotto__2__bello214,images/b__bellotto__2__bello214.png,test,https://www.wga.hu/html/b/bellotto/2/bello214.html,"BELLOTTO, Bernardo",The Ruins of the Old Kreuzkirche in Dresden,1765.0,18,Italian,landscape,Huile,400.0,284.0,1.408450704225352,0.053333333333333344,data/raw/images/b/bellotto/2/bello214.jpg
b__bellotto__2__bello215,images/b__bellotto__2__bello215.png,train,https://www.wga.hu/html/b/bellotto/2/bello215.html,"BELLOTTO, Bernardo",View of Pirna from the Sonnenstein Castle,1754.5,18,Italian,landscape,Huile,400.0,225.0,1.7777777777777777,0.25,data/raw/images/b/bellotto/2/bello215.jpg
b__bellotto__3__bello301,images/b__bellotto__3__bello301.png,train,https://www.wga.hu/html/b/bellotto/3/bello301.html,"BELLOTTO, Bernardo","Vienna, the Lobkowitzplatz",1759.5,18,Italian,landscape,Huile,400.0,298.0,1.342281879194631,0.006666666666666821,data/raw/images/b/bellotto/3/bello301.jpg
b__bellotto__3__bello3022,images/b__bellotto__3__bello3022.png,train,https://www.wga.hu/html/b/bellotto/3/bello3022.html,"BELLOTTO, Bernardo",Liechtenstein Garden Palace in Vienna Seen from the East,1759.5,18,Italian,landscape,Huile,400.0,247.0,1.6194331983805668,0.17666666666666664,data/raw/images/b/bellotto/3/bello3022.jpg
b__bellotto__3__bello303,images/b__bellotto__3__bello303.png,test,https://www.wga.hu/html/b/bellotto/3/bello303.html,"BELLOTTO, Bernardo",View of Vienna from the Belvedere,1759.5,18,Italian,landscape,Huile,400.0,248.0,1.6129032258064515,0.17333333333333334,data/raw/images/b/bellotto/3/bello303.jpg
b__bellotto__3__bello304,images/b__bellotto__3__bello304.png,train,https://www.wga.hu/html/b/bellotto/3/bello304.html,"BELLOTTO, Bernardo",View of Warsaw from the Royal Palace,1773.0,18,Italian,landscape,Huile,400.0,244.0,1.639344262295082,0.18666666666666676,data/raw/images/b/bellotto/3/bello304.jpg
b__benouvil__jean__campagna,images/b__benouvil__jean__campagna.png,train,https://www.wga.hu/html/b/benouvil/jean/campagna.html,"BENOUVILLE, Jean-Achille",The Campagna at Lungezza near Rome,1848.0,19,French,landscape,Huile,400.0,278.0,1.4388489208633093,0.07333333333333336,data/raw/images/b/benouvil/jean/campagna.jpg
b__bentley__bentley1,images/b__bentley__bentley1.png,train,https://www.wga.hu/html/b/bentley/bentley1.html,"BENTLEY, Charles",A Squall Approaching the Northern French Coast,,19,English,landscape,Techniques sur papier,400.0,324.0,1.2345679012345678,0.07407407407407407,data/raw/images/b/bentley/bentley1.jpg
b__bentley__bentley2,images/b__bentley__bentley2.png,train,https://www.wga.hu/html/b/bentley/bentley2.html,"BENTLEY, Charles",Fishing Boats at Sunset off a Harbour,,19,English,landscape,Techniques sur papier,400.0,271.0,1.4760147601476015,0.09666666666666668,data/raw/images/b/bentley/bentley2.jpg
b__bentley__bentley3,images/b__bentley__bentley3.png,train,https://www.wga.hu/html/b/bentley/bentley3.html,"BENTLEY, Charles","The Rescue at Fowey Harbour, Cornwall",,19,English,landscape,Techniques sur papier,400.0,278.0,1.4388489208633093,0.07333333333333336,data/raw/images/b/bentley/bentley3.jpg
b__bentley__bentley4,images/b__bentley__bentley4.png,train,https://www.wga.hu/html/b/bentley/bentley4.html,"BENTLEY, Charles",Together with Low Tide,,19,English,landscape,Techniques sur papier,400.0,280.0,1.4285714285714286,0.06666666666666676,data/raw/images/b/bentley/bentley4.jpg
b__berchem__harbour,images/b__berchem__harbour.png,train,https://www.wga.hu/html/b/berchem/harbour.html,"BERCHEM, Nicolaes",A Southern Harbour Scene,1658.0,17,Dutch,landscape,Huile,400.0,304.0,1.3157894736842106,0.013157894736842035,data/raw/images/b/berchem/harbour.jpg
b__berchem__harbour1,images/b__berchem__harbour1.png,train,https://www.wga.hu/html/b/berchem/harbour1.html,"BERCHEM, Nicolaes",A Harbour Scene,1667.5,17,Dutch,landscape,Huile,400.0,332.0,1.2048192771084338,0.09638554216867457,data/raw/images/b/berchem/harbour1.jpg
b__berchem__herdsmen,images/b__berchem__herdsmen.png,train,https://www.wga.hu/html/b/berchem/herdsmen.html,"BERCHEM, Nicolaes",Herdsmen and Herds at a Waterfall,1665.0,17,Dutch,landscape,Huile,400.0,282.0,1.4184397163120568,0.06000000000000005,data/raw/images/b/berchem/herdsmen.jpg
b__berchem__i_sunset,images/b__berchem__i_sunset.png,train,https://www.wga.hu/html/b/berchem/i_sunset.html,"BERCHEM, Nicolaes",Italian Landscape at Sunset,1671.0,17,Dutch,landscape,Huile,400.0,288.0,1.3888888888888888,0.040000000000000036,data/raw/images/b/berchem/i_sunset.jpg
b__berchem__italiana,images/b__berchem__italiana.png,train,https://www.wga.hu/html/b/berchem/italiana.html,"BERCHEM, Nicolaes",An Italianate Landscape,1654.0,17,Dutch,landscape,Huile,400.0,336.0,1.1904761904761905,0.1071428571428571,data/raw/images/b/berchem/italiana.jpg
b__berchem__italianl,images/b__berchem__italianl.png,train,https://www.wga.hu/html/b/berchem/italianl.html,"BERCHEM, Nicolaes",Italian Landscape with Bridge,1656.0,17,Dutch,landscape,Huile,400.0,292.0,1.36986301369863,0.026666666666666616,data/raw/images/b/berchem/italianl.jpg
b__berchem__italianm,images/b__berchem__italianm.png,train,https://www.wga.hu/html/b/berchem/italianm.html,"BERCHEM, Nicolaes",Italian Landscape with Mountain Plateau,1655.0,17,Dutch,landscape,Huile,400.0,292.0,1.36986301369863,0.026666666666666616,data/raw/images/b/berchem/italianm.jpg
b__berchem__jacob_rl,images/b__berchem__jacob_rl.png,train,https://www.wga.hu/html/b/berchem/jacob_rl.html,"BERCHEM, Nicolaes",Muleteer by a Ford,1660.0,17,Dutch,landscape,Huile,400.0,323.0,1.238390092879257,0.07120743034055721,data/raw/images/b/berchem/jacob_rl.jpg
b__berchem__l_evenin,images/b__berchem__l_evenin.png,train,https://www.wga.hu/html/b/berchem/l_evenin.html,"BERCHEM, Nicolaes",Evening Landscape,1662.0,17,Dutch,landscape,Huile,400.0,289.0,1.3840830449826989,0.036666666666666625,data/raw/images/b/berchem/l_evenin.jpg
b__berchem__l_evenix,images/b__berchem__l_evenix.png,train,https://www.wga.hu/html/b/berchem/l_evenix.html,"BERCHEM, Nicolaes",Evening Landscape with Drovers and their Animals,,17,Dutch,landscape,Huile,400.0,292.0,1.36986301369863,0.026666666666666616,data/raw/images/b/berchem/l_evenix.jpg
b__berchem__pastoral,images/b__berchem__pastoral.png,test,https://www.wga.hu/html/b/berchem/pastoral.html,"BERCHEM, Nicolaes",Southern Pastoral,1658.0,17,Dutch,landscape,Huile,400.0,305.0,1.3114754098360655,0.016393442622950838,data/raw/images/b/berchem/pastoral.jpg
b__berchem__returnfa,images/b__berchem__returnfa.png,train,https://www.wga.hu/html/b/berchem/returnfa.html,"BERCHEM, Nicolaes",Return from the Falcon Hunt,1650.0,17,Dutch,landscape,Huile,400.0,279.0,1.4336917562724014,0.07000000000000006,data/raw/images/b/berchem/returnfa.jpg
b__berchem__rocky_l,images/b__berchem__rocky_l.png,train,https://www.wga.hu/html/b/berchem/rocky_l.html,"BERCHEM, Nicolaes",Rocky Landscape with Antique Ruins,1657.0,17,Dutch,landscape,Huile,400.0,318.0,1.2578616352201257,0.05660377358490565,data/raw/images/b/berchem/rocky_l.jpg
b__berckhey__gerrit__bend,images/b__berckhey__gerrit__bend.png,train,https://www.wga.hu/html/b/berckhey/gerrit/bend.html,"BERCKHEYDE, Gerrit Adriaensz.",The Bend in the Herengracht in Amsterdam,1672.0,17,Dutch,landscape,Huile,400.0,256.0,1.5625,0.14666666666666672,data/raw/images/b/berckhey/gerrit/bend.jpg
b__berckhey__gerrit__dam_squa,images/b__berckhey__gerrit__dam_squa.png,train,https://www.wga.hu/html/b/berckhey/gerrit/dam_squa.html,"BERCKHEYDE, Gerrit Adriaensz.","Dam Square, Amsterdam",1680.0,17,Dutch,landscape,Huile,400.0,318.0,1.2578616352201257,0.05660377358490565,data/raw/images/b/berckhey/gerrit/dam_squa.jpg
b__berckhey__gerrit__damsquar,images/b__berckhey__gerrit__damsquar.png,train,https://www.wga.hu/html/b/berckhey/gerrit/damsquar.html,"BERCKHEYDE, Gerrit Adriaensz.","Dam Square, Amsterdam",,17,Dutch,landscape,Huile,400.0,284.0,1.408450704225352,0.053333333333333344,data/raw/images/b/berckhey/gerrit/damsquar.jpg
b__berckhey__gerrit__damsquax,images/b__berckhey__gerrit__damsquax.png,train,https://www.wga.hu/html/b/berckhey/gerrit/damsquax.html,"BERCKHEYDE, Gerrit Adriaensz.",Amsterdam: View of the Dam with the Town Hall,1697.0,17,Dutch,landscape,Huile,400.0,302.0,1.3245033112582782,0.0066225165562913135,data/raw/images/b/berckhey/gerrit/damsquax.jpg
b__berckhey__gerrit__damsquay,images/b__berckhey__gerrit__damsquay.png,train,https://www.wga.hu/html/b/berckhey/gerrit/damsquay.html,"BERCKHEYDE, Gerrit Adriaensz.","View of the Dam Square, Amsterdam",1674.5,17,Dutch,landscape,Huile,400.0,290.0,1.3793103448275863,0.03333333333333344,data/raw/images/b/berckhey/gerrit/damsquay.jpg
b__berckhey__gerrit__damsquaz,images/b__berckhey__gerrit__damsquaz.png,train,https://www.wga.hu/html/b/berckhey/gerrit/damsquaz.html,"BERCKHEYDE, Gerrit Adriaensz.","Amsterdam, Dam Square Looking North",1674.0,17,Dutch,landscape,Huile,400.0,290.0,1.3793103448275863,0.03333333333333344,data/raw/images/b/berckhey/gerrit/damsquaz.jpg
b__berckhey__gerrit__haarlemm,images/b__berckhey__gerrit__haarlemm.png,train,https://www.wga.hu/html/b/berckhey/gerrit/haarlemm.html,"BERCKHEYDE, Gerrit Adriaensz.","View of the Haarlemmerhout, Haarlem",,17,Dutch,landscape,Huile,400.0,317.0,1.2618296529968454,0.05362776025236593,data/raw/images/b/berckhey/gerrit/haarlemm.jpg
b__berckhey__gerrit__marketsq,images/b__berckhey__gerrit__marketsq.png,train,https://www.wga.hu/html/b/berckhey/gerrit/marketsq.html,"BERCKHEYDE, Gerrit Adriaensz.",The Market Square at Haarlem with the St Bavo,1696.0,17,Dutch,landscape,Huile,400.0,308.0,1.2987012987012987,0.025974025974025983,data/raw/images/b/berckhey/gerrit/marketsq.jpg
b__berckhey__gerrit__marketsr,images/b__berckhey__gerrit__marketsr.png,train,https://www.wga.hu/html/b/berckhey/gerrit/marketsr.html,"BERCKHEYDE, Gerrit Adriaensz.",The Great Market in Haarlem,1693.0,17,Dutch,landscape,Huile,400.0,333.0,1.2012012012012012,0.09909909909909909,data/raw/images/b/berckhey/gerrit/marketsr.jpg
b__berckhey__gerrit__nieuwez,images/b__berckhey__gerrit__nieuwez.png,train,https://www.wga.hu/html/b/berckhey/gerrit/nieuwez.html,"BERCKHEYDE, Gerrit Adriaensz.","Amsterdam, the Nieuwezijds near the Bloemmarkt",1672.5,17,Dutch,landscape,Huile,400.0,299.0,1.3377926421404682,0.0033333333333334103,data/raw/images/b/berckhey/gerrit/nieuwez.jpg
b__berckhey__gerrit__nieuwez0,images/b__berckhey__gerrit__nieuwez0.png,train,https://www.wga.hu/html/b/berckhey/gerrit/nieuwez0.html,"BERCKHEYDE, Gerrit Adriaensz.","The Nieuwezijds Voorburgswal, Amsterdam",1686.0,17,Dutch,landscape,Huile,400.0,334.0,1.1976047904191616,0.10179640718562877,data/raw/images/b/berckhey/gerrit/nieuwez0.jpg
b__berckhey__gerrit__viewhagu,images/b__berckhey__gerrit__viewhagu.png,train,https://www.wga.hu/html/b/berckhey/gerrit/viewhagu.html,"BERCKHEYDE, Gerrit Adriaensz.",View of the Binnenhof in The Hague with the Ridderzaal,1690.0,17,Dutch,landscape,Huile,400.0,336.0,1.1904761904761905,0.1071428571428571,data/raw/images/b/berckhey/gerrit/viewhagu.jpg
b__bergen__landscap,images/b__bergen__landscap.png,train,https://www.wga.hu/html/b/bergen/landscap.html,"BERGEN, Dirk van",Landscape,1674.5,17,Dutch,landscape,Huile,400.0,318.0,1.2578616352201257,0.05660377358490565,data/raw/images/b/bergen/landscap.jpg
b__berghe__winterla,images/b__berghe__winterla.png,train,https://www.wga.hu/html/b/berghe/winterla.html,"BERGHE, Christoffel van den",Winter Landscape,1617.5,17,Flemish,landscape,Huile,400.0,234.0,1.7094017094017093,0.21999999999999997,data/raw/images/b/berghe/winterla.jpg
b__bertin__landscap,images/b__bertin__landscap.png,train,https://www.wga.hu/html/b/bertin/landscap.html,"BERTIN, Jean-Victor",Landscape with a Fortress and a Beggar,,19,French,landscape,Huile,400.0,330.0,1.2121212121212122,0.09090909090909083,data/raw/images/b/bertin/landscap.jpg
b__bertin__mountain,images/b__bertin__mountain.png,train,https://www.wga.hu/html/b/bertin/mountain.html,"BERTIN, Jean-Victor",Mountainous Landscape,1801.0,19,French,landscape,Huile,400.0,298.0,1.342281879194631,0.006666666666666821,data/raw/images/b/bertin/mountain.jpg
b__beruete__hawthorn,images/b__beruete__hawthorn.png,train,https://www.wga.hu/html/b/beruete/hawthorn.html,"BERUETE, Aureliano",Hawthorn in Blossom,1911.0,19,Spanish,landscape,Huile,400.0,256.0,1.5625,0.14666666666666672,data/raw/images/b/beruete/hawthorn.jpg
b__beruete__manzana2,images/b__beruete__manzana2.png,train,https://www.wga.hu/html/b/beruete/manzana2.html,"BERUETE, Aureliano",The River Manzanares,1908.0,19,Spanish,landscape,Huile,400.0,280.0,1.4285714285714286,0.06666666666666676,data/raw/images/b/beruete/manzana2.jpg
b__beyeren__river_la,images/b__beyeren__river_la.png,train,https://www.wga.hu/html/b/beyeren/river_la.html,"BEYEREN, Abraham van",River Landscape,,17,Dutch,landscape,Huile,400.0,256.0,1.5625,0.14666666666666672,data/raw/images/b/beyeren/river_la.jpg
b__beyeren__silver_s,images/b__beyeren__silver_s.png,test,https://www.wga.hu/html/b/beyeren/silver_s.html,"BEYEREN, Abraham van",The Silver Seascape,1640.0,17,Dutch,landscape,Huile,400.0,235.0,1.702127659574468,0.21666666666666667,data/raw/images/b/beyeren/silver_s.jpg
b__beyeren__zrough_s,images/b__beyeren__zrough_s.png,train,https://www.wga.hu/html/b/beyeren/zrough_s.html,"BEYEREN, Abraham van",Rough Sea,,17,Dutch,landscape,Huile,400.0,248.0,1.6129032258064515,0.17333333333333334,data/raw/images/b/beyeren/zrough_s.jpg
b__bianchi1__bianchi1,images/b__bianchi1__bianchi1.png,train,https://www.wga.hu/html/b/bianchi1/bianchi1.html,"BIANCHI, Mosè","Place de Clichy, Paris",1884.0,19,Italian,landscape,Huile,400.0,321.0,1.2461059190031152,0.06542056074766356,data/raw/images/b/bianchi1/bianchi1.jpg
b__bianchi1__bianchi3,images/b__bianchi1__bianchi3.png,train,https://www.wga.hu/html/b/bianchi1/bianchi3.html,"BIANCHI, Mosè",Boats on the Lagoon of Venice,,19,Italian,landscape,Huile,400.0,269.0,1.486988847583643,0.10333333333333328,data/raw/images/b/bianchi1/bianchi3.jpg
b__bidauld__augustan,images/b__bidauld__augustan.png,train,https://www.wga.hu/html/b/bidauld/augustan.html,"BIDAULD, Jean-Joseph-Xavier",The Augustan Bridge,1790.0,18,French,landscape,Huile,400.0,285.0,1.4035087719298245,0.050000000000000044,data/raw/images/b/bidauld/augustan.jpg
b__bidauld__gorge,images/b__bidauld__gorge.png,train,https://www.wga.hu/html/b/bidauld/gorge.html,"BIDAULD, Jean-Joseph-Xavier",View of the Cascade of the Gorge near Allevard,1803.0,18,French,landscape,Huile,400.0,303.0,1.3201320132013201,0.00990099009900991,data/raw/images/b/bidauld/gorge.jpg
b__bidauld__italland,images/b__bidauld__italland.png,train,https://www.wga.hu/html/b/bidauld/italland.html,"BIDAULD, Jean-Joseph-Xavier",Italianate Landscape,1787.5,18,French,landscape,Huile,400.0,305.0,1.3114754098360655,0.016393442622950838,data/raw/images/b/bidauld/italland.jpg
b__bidauld__landscap,images/b__bidauld__landscap.png,train,https://www.wga.hu/html/b/bidauld/landscap.html,"BIDAULD, Jean-Joseph-Xavier",Landscape with Figures Crossing a River,,18,French,landscape,Huile,400.0,303.0,1.3201320132013201,0.00990099009900991,data/raw/images/b/bidauld/landscap.jpg
b__bidauld__viewsora,images/b__bidauld__viewsora.png,train,https://www.wga.hu/html/b/bidauld/viewsora.html,"BIDAULD, Jean-Joseph-Xavier",View of the Isle of Sora,1793.0,18,French,landscape,Huile,400.0,300.0,1.3333333333333333,0.0,data/raw/images/b/bidauld/viewsora.jpg
b__bierstad__yosemite,images/b__bierstad__yosemite.png,train,https://www.wga.hu/html/b/bierstad/yosemite.html,"BIERSTADT, Albert",Yosemite Valley at Sunset,1864.0,19,American,landscape,Huile,400.0,287.0,1.3937282229965158,0.043333333333333446,data/raw/images/b/bierstad/yosemite.jpg
b__bison__landsca1,images/b__bison__landsca1.png,train,https://www.wga.hu/html/b/bison/landsca1.html,"BISON, Giuseppe Bernardino",Landscape with Soldiers on Horseback,,19,Italian,landscape,Tempera,400.0,295.0,1.3559322033898304,0.01666666666666672,data/raw/images/b/bison/landsca1.jpg
b__bison__landsca2,images/b__bison__landsca2.png,train,https://www.wga.hu/html/b/bison/landsca2.html,"BISON, Giuseppe Bernardino",Landscape with Travellers,,19,Italian,landscape,Tempera,400.0,276.0,1.4492753623188406,0.08000000000000007,data/raw/images/b/bison/landsca2.jpg
b__bison__landsca3,images/b__bison__landsca3.png,train,https://www.wga.hu/html/b/bison/landsca3.html,"BISON, Giuseppe Bernardino",Landscape with Figures and a Bridge,,19,Italian,landscape,Tempera,400.0,268.0,1.492537313432836,0.1066666666666668,data/raw/images/b/bison/landsca3.jpg
b__bison__landsca4,images/b__bison__landsca4.png,test,https://www.wga.hu/html/b/bison/landsca4.html,"BISON, Giuseppe Bernardino",Evening Landscape with Travellers Crossing a Bridge,,19,Italian,landscape,Huile,400.0,289.0,1.3840830449826989,0.036666666666666625,data/raw/images/b/bison/landsca4.jpg
b__bison__milancat,images/b__bison__milancat.png,train,https://www.wga.hu/html/b/bison/milancat.html,"BISON, Giuseppe Bernardino","View of the Cathedral, Milan",,19,Italian,landscape,Huile,400.0,283.0,1.4134275618374559,0.056666666666666754,data/raw/images/b/bison/milancat.jpg
b__bison__milancax,images/b__bison__milancax.png,train,https://www.wga.hu/html/b/bison/milancax.html,"BISON, Giuseppe Bernardino",View of Milan Cathedral from the Colonnade,1834.5,19,Italian,landscape,Huile,400.0,280.0,1.4285714285714286,0.06666666666666676,data/raw/images/b/bison/milancax.jpg
b__bison__sanmarco,images/b__bison__sanmarco.png,test,https://www.wga.hu/html/b/bison/sanmarco.html,"BISON, Giuseppe Bernardino",Piazza San Marco in Venice,,19,Italian,landscape,Huile,400.0,313.0,1.2779552715654952,0.04153354632587858,data/raw/images/b/bison/sanmarco.jpg
b__bison__signoria,images/b__bison__signoria.png,train,https://www.wga.hu/html/b/bison/signoria.html,"BISON, Giuseppe Bernardino",Piazza della Signoria in Florence,,19,Italian,landscape,Huile,400.0,292.0,1.36986301369863,0.026666666666666616,data/raw/images/b/bison/signoria.jpg
b__bisschop__abraham__birdland,images/b__bisschop__abraham__birdland.png,train,https://www.wga.hu/html/b/bisschop/abraham/birdland.html,"BISSCHOP, Abraham",Birds in a Landscape,,18,Dutch,landscape,Huile,400.0,395.0,1.0126582278481013,0.240506329113924,data/raw/images/b/bisschop/abraham/birdland.jpg
b__bisschop__abraham__birdwood,images/b__bisschop__abraham__birdwood.png,train,https://www.wga.hu/html/b/bisschop/abraham/birdwood.html,"BISSCHOP, Abraham",Birds in Wooded Landscape,1699.0,18,Dutch,landscape,Huile,400.0,331.0,1.2084592145015105,0.09365558912386707,data/raw/images/b/bisschop/abraham/birdwood.jpg
b__blanchet__landscap,images/b__blanchet__landscap.png,train,https://www.wga.hu/html/b/blanchet/landscap.html,"BLANCHET, Thomas",Landscape with Sarcophagus,1651.0,17,French,landscape,Huile,400.0,292.0,1.36986301369863,0.026666666666666616,data/raw/images/b/blanchet/landscap.jpg
b__blechen__012storm,images/b__blechen__012storm.png,train,https://www.wga.hu/html/b/blechen/012storm.html,"BLECHEN, Karl",Stormy Weather over the Roman Campagna,1829.0,19,German,landscape,Huile,400.0,239.0,1.6736401673640167,0.20333333333333337,data/raw/images/b/blechen/012storm.jpg
b__blechen__02rapall,images/b__blechen__02rapall.png,train,https://www.wga.hu/html/b/blechen/02rapall.html,"BLECHEN, Karl",The Bay of Rapallo,1829.5,19,German,landscape,Huile,400.0,299.0,1.3377926421404682,0.0033333333333334103,data/raw/images/b/blechen/02rapall.jpg
b__blechen__05devil,images/b__blechen__05devil.png,train,https://www.wga.hu/html/b/blechen/05devil.html,"BLECHEN, Karl",Building the Devil's Bridge,1833.0,19,German,landscape,Huile,400.0,291.0,1.3745704467353952,0.030000000000000027,data/raw/images/b/blechen/05devil.jpg
b__blechen__06scaffo,images/b__blechen__06scaffo.png,train,https://www.wga.hu/html/b/blechen/06scaffo.html,"BLECHEN, Karl",Scaffold in Storm,1834.0,19,German,landscape,Huile,400.0,250.0,1.6,0.16666666666666674,data/raw/images/b/blechen/06scaffo.jpg
b__blechen__07winter,images/b__blechen__07winter.png,train,https://www.wga.hu/html/b/blechen/07winter.html,"BLECHEN, Karl",Alpine Pass in Winter with Monks,1833.0,19,German,landscape,Techniques sur papier,400.0,296.0,1.3513513513513513,0.013333333333333308,data/raw/images/b/blechen/07winter.jpg
b__blechen__08woods,images/b__blechen__08woods.png,train,https://www.wga.hu/html/b/blechen/08woods.html,"BLECHEN, Karl",The Woods near Spandau,1834.0,19,German,landscape,Huile,400.0,285.0,1.4035087719298245,0.050000000000000044,data/raw/images/b/blechen/08woods.jpg
b__blechen__09mill,images/b__blechen__09mill.png,train,https://www.wga.hu/html/b/blechen/09mill.html,"BLECHEN, Karl",Rolling Mill,1834.0,19,German,landscape,Huile,400.0,307.0,1.3029315960912051,0.0228013029315961,data/raw/images/b/blechen/09mill.jpg
b__blechen__10roof,images/b__blechen__10roof.png,train,https://www.wga.hu/html/b/blechen/10roof.html,"BLECHEN, Karl",View of Rooftops and Gardens,1835.0,19,German,landscape,Huile,400.0,302.0,1.3245033112582782,0.0066225165562913135,data/raw/images/b/blechen/10roof.jpg
b__blechen__11galgen,images/b__blechen__11galgen.png,train,https://www.wga.hu/html/b/blechen/11galgen.html,"BLECHEN, Karl",Galgenberg,1833.0,19,German,landscape,Huile,400.0,291.0,1.3745704467353952,0.030000000000000027,data/raw/images/b/blechen/11galgen.jpg
b__blechen__13assisi,images/b__blechen__13assisi.png,train,https://www.wga.hu/html/b/blechen/13assisi.html,"BLECHEN, Karl",View of Assisi,1833.5,19,German,landscape,Huile,400.0,265.0,1.509433962264151,0.11666666666666681,data/raw/images/b/blechen/13assisi.jpg
b__bleker__gerrit__cavalry,images/b__bleker__gerrit__cavalry.png,train,https://www.wga.hu/html/b/bleker/gerrit/cavalry.html,"BLEKER, Gerrit Claesz",Cavalry Battle Scene,1656.0,17,Dutch,landscape,Huile,400.0,262.0,1.5267175572519085,0.12666666666666682,data/raw/images/b/bleker/gerrit/cavalry.jpg
b__bleker__gerrit__staghunt,images/b__bleker__gerrit__staghunt.png,test,https://www.wga.hu/html/b/bleker/gerrit/staghunt.html,"BLEKER, Gerrit Claesz",Stag Hunting in the Dunes,1627.0,17,Dutch,landscape,Huile,400.0,235.0,1.702127659574468,0.21666666666666667,data/raw/images/b/bleker/gerrit/staghunt.jpg
b__bles__calling,images/b__bles__calling.png,train,https://www.wga.hu/html/b/bles/calling.html,"BLES, Herri met de",Extensive Coastal Landscape with the Calling of St Peter,,16,Flemish,landscape,Huile,400.0,279.0,1.4336917562724014,0.07000000000000006,data/raw/images/b/bles/calling.jpg
b__bles__copper_m,images/b__bles__copper_m.png,test,https://www.wga.hu/html/b/bles/copper_m.html,"BLES, Herri met de",The Copper Mine,1540.0,16,Flemish,landscape,Huile,400.0,293.0,1.3651877133105803,0.023333333333333428,data/raw/images/b/bles/copper_m.jpg
b__bles__landemma,images/b__bles__landemma.png,train,https://www.wga.hu/html/b/bles/landemma.html,"BLES, Herri met de",Landscape with Christ and the Men of Emmaus,,16,Flemish,landscape,Huile,400.0,274.0,1.4598540145985401,0.08666666666666667,data/raw/images/b/bles/landemma.jpg
b__bles__landsca,images/b__bles__landsca.png,train,https://www.wga.hu/html/b/bles/landsca.html,"BLES, Herri met de",Landscape with the Repudiation of Hagar and Ishmael,,16,Flemish,landscape,Huile,400.0,245.0,1.6326530612244898,0.18333333333333335,data/raw/images/b/bles/landsca.jpg
b__bles__landscap,images/b__bles__landscap.png,train,https://www.wga.hu/html/b/bles/landscap.html,"BLES, Herri met de",Landscape with the Banishment of Hagar,,16,Flemish,landscape,Huile,400.0,249.0,1.606425702811245,0.17000000000000004,data/raw/images/b/bles/landscap.jpg
b__bles__moonlit,images/b__bles__moonlit.png,train,https://www.wga.hu/html/b/bles/moonlit.html,"BLES, Herri met de",Fantastical Moonlit Landscape,,16,Flemish,landscape,Huile,400.0,253.0,1.5810276679841897,0.15666666666666673,data/raw/images/b/bles/moonlit.jpg
b__bloemaer__abraham__landelij,images/b__bloemaer__abraham__landelij.png,train,https://www.wga.hu/html/b/bloemaer/abraham/landelij.html,"BLOEMAERT, Abraham",Landscape with the Prophet Elijah in the Desert,1614.5,17,Dutch,landscape,Huile,400.0,297.0,1.3468013468013469,0.01000000000000012,data/raw/images/b/bloemaer/abraham/landelij.jpg
b__bloemaer__abraham__landscap,images/b__bloemaer__abraham__landscap.png,train,https://www.wga.hu/html/b/bloemaer/abraham/landscap.html,"BLOEMAERT, Abraham",Landscape with Peasants Resting,1650.0,17,Dutch,landscape,Huile,400.0,288.0,1.3888888888888888,0.040000000000000036,data/raw/images/b/bloemaer/abraham/landscap.jpg
b__bloemaer__abraham__parable,images/b__bloemaer__abraham__parable.png,test,https://www.wga.hu/html/b/bloemaer/abraham/parable.html,"BLOEMAERT, Abraham",Landscape with the Parable of the Tares among the Wheat,1624.0,17,Dutch,landscape,Huile,400.0,301.0,1.3289036544850499,0.0033222591362125353,data/raw/images/b/bloemaer/abraham/parable.jpg
b__bloemen__jan_frans__arcadian,images/b__bloemen__jan_frans__arcadian.png,train,https://www.wga.hu/html/b/bloemen/jan_frans/arcadian.html,"BLOEMEN, Jan Frans van",Arcadian Landscape,,17,Flemish,landscape,Huile,400.0,308.0,1.2987012987012987,0.025974025974025983,data/raw/images/b/bloemen/jan_frans/arcadian.jpg
b__bloemen__jan_frans__campagna,images/b__bloemen__jan_frans__campagna.png,train,https://www.wga.hu/html/b/bloemen/jan_frans/campagna.html,"BLOEMEN, Jan Frans van",A Scene in the Roman Campagna,1736.0,17,Flemish,landscape,Huile,400.0,283.0,1.4134275618374559,0.056666666666666754,data/raw/images/b/bloemen/jan_frans/campagna.jpg
b__bloemen__jan_frans__clasland,images/b__bloemen__jan_frans__clasland.png,train,https://www.wga.hu/html/b/bloemen/jan_frans/clasland.html,"BLOEMEN, Jan Frans van",Classical Landscape,,17,Flemish,landscape,Huile,400.0,311.0,1.2861736334405145,0.03536977491961413,data/raw/images/b/bloemen/jan_frans/clasland.jpg
b__bloemen__jan_frans__class_la,images/b__bloemen__jan_frans__class_la.png,train,https://www.wga.hu/html/b/bloemen/jan_frans/class_la.html,"BLOEMEN, Jan Frans van",Classical Landscape,,17,Flemish,landscape,Huile,400.0,250.0,1.6,0.16666666666666674,data/raw/images/b/bloemen/jan_frans/class_la.jpg
b__bloemen__jan_frans__classica,images/b__bloemen__jan_frans__classica.png,train,https://www.wga.hu/html/b/bloemen/jan_frans/classica.html,"BLOEMEN, Jan Frans van",Classical Landscape with Figures,,17,Flemish,landscape,Huile,400.0,279.0,1.4336917562724014,0.07000000000000006,data/raw/images/b/bloemen/jan_frans/classica.jpg
b__bloemen__jan_frans__classila,images/b__bloemen__jan_frans__classila.png,train,https://www.wga.hu/html/b/bloemen/jan_frans/classila.html,"BLOEMEN, Jan Frans van",Classical Landscape,1724.5,17,Flemish,landscape,Huile,400.0,258.0,1.550387596899225,0.14000000000000012,data/raw/images/b/bloemen/jan_frans/classila.jpg
b__bloemen__jan_frans__classlan,images/b__bloemen__jan_frans__classlan.png,train,https://www.wga.hu/html/b/bloemen/jan_frans/classlan.html,"BLOEMEN, Jan Frans van",Classical Landscape,,17,Flemish,landscape,Huile,400.0,302.0,1.3245033112582782,0.0066225165562913135,data/raw/images/b/bloemen/jan_frans/classlan.jpg
b__bloemen__jan_frans__landsca3,images/b__bloemen__jan_frans__landsca3.png,train,https://www.wga.hu/html/b/bloemen/jan_frans/landsca3.html,"BLOEMEN, Jan Frans van",Landscape with Figures,,17,Flemish,landscape,Huile,400.0,273.0,1.465201465201465,0.08999999999999997,data/raw/images/b/bloemen/jan_frans/landsca3.jpg
b__bloemen__pieter__riderest,images/b__bloemen__pieter__riderest.png,train,https://www.wga.hu/html/b/bloemen/pieter/riderest.html,"BLOEMEN, Pieter van",Riders Resting at a Military Encampment,,17,Flemish,landscape,Huile,400.0,281.0,1.4234875444839858,0.06333333333333346,data/raw/images/b/bloemen/pieter/riderest.jpg
b__bloot__landfarm,images/b__bloot__landfarm.png,train,https://www.wga.hu/html/b/bloot/landfarm.html,"BLOOT, Pieter de",Landscape with Farm,,17,Dutch,landscape,Huile,400.0,235.0,1.702127659574468,0.21666666666666667,data/raw/images/b/bloot/landfarm.jpg
b__bloot__mariaker,images/b__bloot__mariaker.png,test,https://www.wga.hu/html/b/bloot/mariaker.html,"BLOOT, Pieter de",The Mariakerk in Utrecht,,17,Dutch,landscape,Huile,400.0,293.0,1.3651877133105803,0.023333333333333428,data/raw/images/b/bloot/mariaker.jpg
b__bocklin__campagna,images/b__bocklin__campagna.png,train,https://www.wga.hu/html/b/bocklin/campagna.html,"BÖCKLIN, Arnold",Campagna Landscape,1857.5,19,Swiss,landscape,Huile,400.0,335.0,1.1940298507462686,0.10447761194029859,data/raw/images/b/bocklin/campagna.jpg
b__bocklin__castle,images/b__bocklin__castle.png,train,https://www.wga.hu/html/b/bocklin/castle.html,"BÖCKLIN, Arnold",Castle by the Sea (Murder in the Castle Garden),1859.0,19,Swiss,landscape,Huile,400.0,252.0,1.5873015873015872,0.16000000000000003,data/raw/images/b/bocklin/castle.jpg
b__bocklin__isle1,images/b__bocklin__isle1.png,train,https://www.wga.hu/html/b/bocklin/isle1.html,"BÖCKLIN, Arnold",Island of the Dead (first version),1880.0,19,Swiss,landscape,Huile,400.0,282.0,1.4184397163120568,0.06000000000000005,data/raw/images/b/bocklin/isle1.jpg
b__bocklin__isle2,images/b__bocklin__isle2.png,train,https://www.wga.hu/html/b/bocklin/isle2.html,"BÖCKLIN, Arnold",Island of the Dead (second version),1880.0,19,Swiss,landscape,Huile,400.0,238.0,1.680672268907563,0.20666666666666678,data/raw/images/b/bocklin/isle2.jpg
b__bocklin__pirates,images/b__bocklin__pirates.png,train,https://www.wga.hu/html/b/bocklin/pirates.html,"BÖCKLIN, Arnold",Attack by Pirates,,19,Swiss,landscape,Autre,400.0,259.0,1.5444015444015444,0.13666666666666671,data/raw/images/b/bocklin/pirates.jpg
b__bocklin__villasea,images/b__bocklin__villasea.png,train,https://www.wga.hu/html/b/bocklin/villasea.html,"BÖCKLIN, Arnold",Villa by the Sea,1864.0,19,Swiss,landscape,Huile,400.0,334.0,1.1976047904191616,0.10179640718562877,data/raw/images/b/bocklin/villasea.jpg
b__bogdany__bogdan04,images/b__bogdany__bogdan04.png,train,https://www.wga.hu/html/b/bogdany/bogdan04.html,"BOGDÁNY, Jakab",Landscape with Ducks,,17,Hungarian,landscape,Huile,400.0,254.0,1.5748031496062993,0.15333333333333343,data/raw/images/b/bogdany/bogdan04.jpg
b__bogdany__bogdan10,images/b__bogdany__bogdan10.png,train,https://www.wga.hu/html/b/bogdany/bogdan10.html,"BOGDÁNY, Jakab",Landscape with Exotic Birds and Two Dogs,,17,Hungarian,landscape,Huile,400.0,307.0,1.3029315960912051,0.0228013029315961,data/raw/images/b/bogdany/bogdan10.jpg
b__boguet__arcadia,images/b__boguet__arcadia.png,train,https://www.wga.hu/html/b/boguet/arcadia.html,"BOGUET, Nicolas-Didier",Arcadian Landscape,1792.0,18,French,landscape,Huile,400.0,292.0,1.36986301369863,0.026666666666666616,data/raw/images/b/boguet/arcadia.jpg
b__boguet__viewnemi,images/b__boguet__viewnemi.png,train,https://www.wga.hu/html/b/boguet/viewnemi.html,"BOGUET, Nicolas-Didier",View of Lake Nemi,1794.5,18,French,landscape,Huile,400.0,324.0,1.2345679012345678,0.07407407407407407,data/raw/images/b/boguet/viewnemi.jpg
b__bol_h__jacob,images/b__bol_h__jacob.png,train,https://www.wga.hu/html/b/bol_h/jacob.html,"BOL, Hans",Mountainous Landscape with the Return of Jacob from Canaan,1593.0,16,Flemish,landscape,Huile,400.0,273.0,1.465201465201465,0.08999999999999997,data/raw/images/b/bol_h/jacob.jpg
b__bonavia__moonlit,images/b__bonavia__moonlit.png,train,https://www.wga.hu/html/b/bonavia/moonlit.html,"BONAVIA, Carlo",View of a Moonlit Mediterranean Harbour,1781.0,18,Italian,landscape,Huile,400.0,290.0,1.3793103448275863,0.03333333333333344,data/raw/images/b/bonavia/moonlit.jpg
b__boningto__adriatic,images/b__boningto__adriatic.png,train,https://www.wga.hu/html/b/boningto/adriatic.html,"BONINGTON, Richard Parkes",On the Adriatic,1826.0,19,English,landscape,Huile,400.0,274.0,1.4598540145985401,0.08666666666666667,data/raw/images/b/boningto/adriatic.jpg
b__boningto__boatshor,images/b__boningto__boatshor.png,train,https://www.wga.hu/html/b/boningto/boatshor.html,"BONINGTON, Richard Parkes",Boats near the Shore of Normandy,1823.5,19,English,landscape,Huile,400.0,287.0,1.3937282229965158,0.043333333333333446,data/raw/images/b/boningto/boatshor.jpg
b__boningto__landscap,images/b__boningto__landscap.png,train,https://www.wga.hu/html/b/boningto/landscap.html,"BONINGTON, Richard Parkes",Landscape,1825.0,19,English,landscape,Huile,400.0,270.0,1.4814814814814814,0.09999999999999998,data/raw/images/b/boningto/landscap.jpg
b__boningto__picardy,images/b__boningto__picardy.png,train,https://www.wga.hu/html/b/boningto/picardy.html,"BONINGTON, Richard Parkes",On the Coast of Picardy,1826.0,19,English,landscape,Huile,400.0,284.0,1.408450704225352,0.053333333333333344,data/raw/images/b/boningto/picardy.jpg
b__boningto__waterbas,images/b__boningto__waterbas.png,train,https://www.wga.hu/html/b/boningto/waterbas.html,"BONINGTON, Richard Parkes",Water Basin at Versailles,1826.0,19,English,landscape,Huile,400.0,312.0,1.2820512820512822,0.038461538461538325,data/raw/images/b/boningto/waterbas.jpg
b__bonnard__impress3,images/b__bonnard__impress3.png,train,https://www.wga.hu/html/b/bonnard/impress3.html,"BONNARD, Pierre",Seaside with Landscape,1912.0,19,French,landscape,Huile,400.0,324.0,1.2345679012345678,0.07407407407407407,data/raw/images/b/bonnard/impress3.jpg
b__bonnard__impress4,images/b__bonnard__impress4.png,train,https://www.wga.hu/html/b/bonnard/impress4.html,"BONNARD, Pierre",Window Open to the Seine,1911.5,19,French,landscape,Huile,400.0,297.0,1.3468013468013469,0.01000000000000012,data/raw/images/b/bonnard/impress4.jpg
b__bonnard__late1,images/b__bonnard__late1.png,train,https://www.wga.hu/html/b/bonnard/late1.html,"BONNARD, Pierre",Dining Room in the Country,1913.0,19,French,landscape,Huile,400.0,317.0,1.2618296529968454,0.05362776025236593,data/raw/images/b/bonnard/late1.jpg
b__bonnard__late3,images/b__bonnard__late3.png,train,https://www.wga.hu/html/b/bonnard/late3.html,"BONNARD, Pierre",Midi landscape,1917.5,19,French,landscape,Huile,400.0,276.0,1.4492753623188406,0.08000000000000007,data/raw/images/b/bonnard/late3.jpg
b__bonzi__landhunt,images/b__bonzi__landhunt.png,train,https://www.wga.hu/html/b/bonzi/landhunt.html,"BONZI, Pietro Paolo",Landscape with a Hunt,,17,Italian,landscape,Huile,400.0,301.0,1.3289036544850499,0.0033222591362125353,data/raw/images/b/bonzi/landhunt.jpg
b__bonzi__landscap,images/b__bonzi__landscap.png,test,https://www.wga.hu/html/b/bonzi/landscap.html,"BONZI, Pietro Paolo",Landscape with Shepherds and Sheep,1621.0,17,Italian,landscape,Huile,400.0,295.0,1.3559322033898304,0.01666666666666672,data/raw/images/b/bonzi/landscap.jpg
b__borcht__landscap,images/b__borcht__landscap.png,train,https://www.wga.hu/html/b/borcht/landscap.html,"BORCHT, Hendrik van der, the Elder",Forest Landscape,,17,Flemish,landscape,Huile,400.0,229.0,1.7467248908296944,0.2366666666666667,data/raw/images/b/borcht/landscap.jpg
b__borrani__mugnone1,images/b__borrani__mugnone1.png,train,https://www.wga.hu/html/b/borrani/mugnone1.html,"BORRANI, Odoardo",The Mugnone,,19,Italian,landscape,Huile,400.0,257.0,1.556420233463035,0.14333333333333342,data/raw/images/b/borrani/mugnone1.jpg
b__borrani__tuscanvi,images/b__borrani__tuscanvi.png,train,https://www.wga.hu/html/b/borrani/tuscanvi.html,"BORRANI, Odoardo",Tuscan Village,1895.0,19,Italian,landscape,Huile,400.0,267.0,1.4981273408239701,0.1100000000000001,data/raw/images/b/borrani/tuscanvi.jpg
b__borssum__barnyard,images/b__borssum__barnyard.png,train,https://www.wga.hu/html/b/borssum/barnyard.html,"BORSSOM, Anthonie van",Barnyard Scene,1652.5,17,Dutch,landscape,Huile,400.0,290.0,1.3793103448275863,0.03333333333333344,data/raw/images/b/borssum/barnyard.jpg
b__borssum__land_cow,images/b__borssum__land_cow.png,train,https://www.wga.hu/html/b/borssum/land_cow.html,"BORSSOM, Anthonie van",Landscape with Cows,1649.0,17,Dutch,landscape,Huile,400.0,256.0,1.5625,0.14666666666666672,data/raw/images/b/borssum/land_cow.jpg
b__borssum__river_v,images/b__borssum__river_v.png,test,https://www.wga.hu/html/b/borssum/river_v.html,"BORSSOM, Anthonie van",Extensive River View with a Horseman,1664.5,17,Dutch,landscape,Huile,400.0,301.0,1.3289036544850499,0.0033222591362125353,data/raw/images/b/borssum/river_v.jpg
b__both__jan__italian,images/b__both__jan__italian.png,train,https://www.wga.hu/html/b/both/jan/italian.html,"BOTH, Jan",Italian Landscape with Draughtsman,1650.0,17,Dutch,landscape,Huile,400.0,307.0,1.3029315960912051,0.0228013029315961,data/raw/images/b/both/jan/italian.jpg
b__both__jan__italianl,images/b__both__jan__italianl.png,train,https://www.wga.hu/html/b/both/jan/italianl.html,"BOTH, Jan",Italianate Rocky Landscape,,17,Dutch,landscape,Huile,400.0,324.0,1.2345679012345678,0.07407407407407407,data/raw/images/b/both/jan/italianl.jpg
b__both__jan__italianr,images/b__both__jan__italianr.png,train,https://www.wga.hu/html/b/both/jan/italianr.html,"BOTH, Jan",Italian Landscape with Ruined Tower,1640.0,17,Dutch,landscape,Huile,400.0,296.0,1.3513513513513513,0.013333333333333308,data/raw/images/b/both/jan/italianr.jpg
b__both__jan__italland,images/b__both__jan__italland.png,train,https://www.wga.hu/html/b/both/jan/italland.html,"BOTH, Jan",Italian Landscape with Roman Warriors,1650.0,17,Dutch,landscape,Huile,400.0,353.0,1.13314447592068,0.15014164305949007,data/raw/images/b/both/jan/italland.jpg
b__both__jan__landruin,images/b__both__jan__landruin.png,train,https://www.wga.hu/html/b/both/jan/landruin.html,"BOTH, Jan",Southern Landscape with a Ruin,1644.5,17,Dutch,landscape,Huile,400.0,312.0,1.2820512820512822,0.038461538461538325,data/raw/images/b/both/jan/landruin.jpg
b__both__jan__landscap,images/b__both__jan__landscap.png,train,https://www.wga.hu/html/b/both/jan/landscap.html,"BOTH, Jan",Landscape with a Peasant Woman on a Mule,1647.5,17,Dutch,landscape,Huile,400.0,294.0,1.3605442176870748,0.020000000000000018,data/raw/images/b/both/jan/landscap.jpg
b__boucher__1__forest,images/b__boucher__1__forest.png,train,https://www.wga.hu/html/b/boucher/1/forest.html,"BOUCHER, François",The Forest,1740.0,18,French,landscape,Huile,400.0,304.0,1.3157894736842106,0.013157894736842035,data/raw/images/b/boucher/1/forest.jpg
b__boucher__1__glandsca,images/b__boucher__1__glandsca.png,train,https://www.wga.hu/html/b/boucher/1/glandsca.html,"BOUCHER, François",Landscape near Beauvais,1741.0,18,French,landscape,Huile,400.0,318.0,1.2578616352201257,0.05660377358490565,data/raw/images/b/boucher/1/glandsca.jpg
b__boucher__2__the_mil,images/b__boucher__2__the_mil.png,train,https://www.wga.hu/html/b/boucher/2/the_mil.html,"BOUCHER, François",The Mill,1751.0,18,French,landscape,Huile,400.0,303.0,1.3201320132013201,0.00990099009900991,data/raw/images/b/boucher/2/the_mil.jpg
b__boucher__2__the_mill,images/b__boucher__2__the_mill.png,train,https://www.wga.hu/html/b/boucher/2/the_mill.html,"BOUCHER, François",The Mill at Charenton,1754.5,18,French,landscape,Huile,400.0,311.0,1.2861736334405145,0.03536977491961413,data/raw/images/b/boucher/2/the_mill.jpg
b__boudewij__extensi1,images/b__boudewij__extensi1.png,train,https://www.wga.hu/html/b/boudewij/extensi1.html,"BOUDEWIJNS, Adriaen Frans",Extensive River Landscape,,17,Flemish,landscape,Huile,400.0,321.0,1.2461059190031152,0.06542056074766356,data/raw/images/b/boudewij/extensi1.jpg
b__boudewij__extensi2,images/b__boudewij__extensi2.png,train,https://www.wga.hu/html/b/boudewij/extensi2.html,"BOUDEWIJNS, Adriaen Frans",Extensive Mountainous Landscape,,17,Flemish,landscape,Huile,400.0,324.0,1.2345679012345678,0.07407407407407407,data/raw/images/b/boudewij/extensi2.jpg
b__boudewij__landscap,images/b__boudewij__landscap.png,train,https://www.wga.hu/html/b/boudewij/landscap.html,"BOUDEWIJNS, Adriaen Frans",Landscape with Travellers,,17,Flemish,landscape,Huile,400.0,260.0,1.5384615384615385,0.13333333333333341,data/raw/images/b/boudewij/landscap.jpg
b__boudin__02beach,images/b__boudin__02beach.png,train,https://www.wga.hu/html/b/boudin/02beach.html,"BOUDIN, Eugène","Beach Scene, Trouville",1863.0,19,French,landscape,Huile,400.0,240.0,1.6666666666666667,0.20000000000000007,data/raw/images/b/boudin/02beach.jpg
b__boudin__04beach,images/b__boudin__04beach.png,train,https://www.wga.hu/html/b/boudin/04beach.html,"BOUDIN, Eugène",Bathers on Trouville Beach,1869.0,19,French,landscape,Huile,400.0,249.0,1.606425702811245,0.17000000000000004,data/raw/images/b/boudin/04beach.jpg
b__boudin__051beach,images/b__boudin__051beach.png,train,https://www.wga.hu/html/b/boudin/051beach.html,"BOUDIN, Eugène",Beach at Trouville,1893.0,19,French,landscape,Huile,400.0,247.0,1.6194331983805668,0.17666666666666664,data/raw/images/b/boudin/051beach.jpg
b__boudin__05pier,images/b__boudin__05pier.png,test,https://www.wga.hu/html/b/boudin/05pier.html,"BOUDIN, Eugène",The Pier at Deauville,1869.0,19,French,landscape,Huile,400.0,291.0,1.3745704467353952,0.030000000000000027,data/raw/images/b/boudin/05pier.jpg
b__boudin__07dordre,images/b__boudin__07dordre.png,train,https://www.wga.hu/html/b/boudin/07dordre.html,"BOUDIN, Eugène","Dordrecht, the Windmills",1884.0,19,French,landscape,Huile,400.0,328.0,1.2195121951219512,0.08536585365853655,data/raw/images/b/boudin/07dordre.jpg
b__boudin__08laundr,images/b__boudin__08laundr.png,train,https://www.wga.hu/html/b/boudin/08laundr.html,"BOUDIN, Eugène",Laundresses by a Stream,1887.5,19,French,landscape,Huile,400.0,306.0,1.3071895424836601,0.019607843137254832,data/raw/images/b/boudin/08laundr.jpg
b__boudin__09trouvi,images/b__boudin__09trouvi.png,train,https://www.wga.hu/html/b/boudin/09trouvi.html,"BOUDIN, Eugène",View of Trouville or The Harbour at Trouville,1891.5,19,French,landscape,Huile,400.0,238.0,1.680672268907563,0.20666666666666678,data/raw/images/b/boudin/09trouvi.jpg
b__boudin__10figure,images/b__boudin__10figure.png,train,https://www.wga.hu/html/b/boudin/10figure.html,"BOUDIN, Eugène",Figures on the Beach,1893.0,19,French,landscape,Huile,400.0,244.0,1.639344262295082,0.18666666666666676,data/raw/images/b/boudin/10figure.jpg
b__boudin__11etreta,images/b__boudin__11etreta.png,train,https://www.wga.hu/html/b/boudin/11etreta.html,"BOUDIN, Eugène",Cliffs and Yellow Boats at Étretat,1892.0,19,French,landscape,Huile,400.0,270.0,1.4814814814814814,0.09999999999999998,data/raw/images/b/boudin/11etreta.jpg
b__boudin__12summer,images/b__boudin__12summer.png,train,https://www.wga.hu/html/b/boudin/12summer.html,"BOUDIN, Eugène",Summer at Trouville,1892.0,19,French,landscape,Huile,400.0,268.0,1.492537313432836,0.1066666666666668,data/raw/images/b/boudin/12summer.jpg
b__bough__castle,images/b__bough__castle.png,train,https://www.wga.hu/html/b/bough/castle.html,"BOUGH, Samuel",Castle Ruins on a Cliff Edge,,19,English,landscape,Huile,400.0,285.0,1.4035087719298245,0.050000000000000044,data/raw/images/b/bough/castle.jpg
b__bough__sunnyday,images/b__bough__sunnyday.png,train,https://www.wga.hu/html/b/bough/sunnyday.html,"BOUGH, Samuel",A Sunny Day in Iona,,19,English,landscape,Huile,400.0,235.0,1.702127659574468,0.21666666666666667,data/raw/images/b/bough/sunnyday.jpg
b__bout__figurela,images/b__bout__figurela.png,train,https://www.wga.hu/html/b/bout/figurela.html,"BOUT, Pieter",Figures in a Landscape,,17,Flemish,landscape,Huile,400.0,250.0,1.6,0.16666666666666674,data/raw/images/b/bout/figurela.jpg
b__bout__landscap,images/b__bout__landscap.png,train,https://www.wga.hu/html/b/bout/landscap.html,"BOUT, Pieter",Landscape,1683.0,17,Flemish,landscape,Huile,400.0,283.0,1.4134275618374559,0.056666666666666754,data/raw/images/b/bout/landscap.jpg
b__bout__townscen,images/b__bout__townscen.png,train,https://www.wga.hu/html/b/bout/townscen.html,"BOUT, Pieter",A Town Scene,,17,Flemish,landscape,Huile,400.0,278.0,1.4388489208633093,0.07333333333333336,data/raw/images/b/bout/townscen.jpg
b__brand__christia__parforce,images/b__brand__christia__parforce.png,train,https://www.wga.hu/html/b/brand/christia/parforce.html,"BRAND, Christian Hilfgott","""Par force"" Hunting",,18,Austrian,landscape,Huile,400.0,297.0,1.3468013468013469,0.01000000000000012,data/raw/images/b/brand/christia/parforce.jpg
b__brandi_d__landsca1,images/b__brandi_d__landsca1.png,train,https://www.wga.hu/html/b/brandi_d/landsca1.html,"BRANDI, Domenico",Southern Landscape,,18,Italian,landscape,Huile,400.0,289.0,1.3840830449826989,0.036666666666666625,data/raw/images/b/brandi_d/landsca1.jpg
b__breck__garden,images/b__breck__garden.png,train,https://www.wga.hu/html/b/breck/garden.html,"BRECK, John Leslie",Garden at Giverny,1890.0,19,American,landscape,Huile,400.0,331.0,1.2084592145015105,0.09365558912386707,data/raw/images/b/breck/garden.jpg
b__breck__gardenmo,images/b__breck__gardenmo.png,train,https://www.wga.hu/html/b/breck/gardenmo.html,"BRECK, John Leslie",Garden at Giverny (In the Garden of Monet),1887.0,19,American,landscape,Huile,400.0,328.0,1.2195121951219512,0.08536585365853655,data/raw/images/b/breck/gardenmo.jpg
b__bredael__jan__hunters,images/b__bredael__jan__hunters.png,train,https://www.wga.hu/html/b/bredael/jan/hunters.html,"BREDAEL, Jan Frans van",Hunters Resting beside a Fountain,,18,Flemish,landscape,Huile,400.0,360.0,1.1111111111111112,0.16666666666666663,data/raw/images/b/bredael/jan/hunters.jpg
b__bredael__joseph__entrance,images/b__bredael__joseph__entrance.png,train,https://www.wga.hu/html/b/bredael/joseph/entrance.html,"BREDAEL, Joseph van",Entrance to a Village,,18,Flemish,landscape,Huile,400.0,312.0,1.2820512820512822,0.038461538461538325,data/raw/images/b/bredael/joseph/entrance.jpg
b__bredael__joseph__riverlan,images/b__bredael__joseph__riverlan.png,train,https://www.wga.hu/html/b/bredael/joseph/riverlan.html,"BREDAEL, Joseph van",River Landscape with Figures,,18,Flemish,landscape,Huile,400.0,307.0,1.3029315960912051,0.0228013029315961,data/raw/images/b/bredael/joseph/riverlan.jpg
b__bredael__joseph__village,images/b__bredael__joseph__village.png,train,https://www.wga.hu/html/b/bredael/joseph/village.html,"BREDAEL, Joseph van",Village Animated with People,,18,Flemish,landscape,Huile,400.0,298.0,1.342281879194631,0.006666666666666821,data/raw/images/b/bredael/joseph/village.jpg
b__breenber__finding,images/b__breenber__finding.png,train,https://www.wga.hu/html/b/breenber/finding.html,"BREENBERGH, Bartholomeus",Landscape with the Finding of Moses,1622.0,17,Dutch,landscape,Huile,400.0,284.0,1.408450704225352,0.053333333333333344,data/raw/images/b/breenber/finding.jpg
b__breitner__bridge,images/b__breitner__bridge.png,train,https://www.wga.hu/html/b/breitner/bridge.html,"BREITNER, George Hendrik",Bridge over the Singel near Paleisstraat in Amsterdam,1897.0,19,Dutch,landscape,Huile,400.0,266.0,1.5037593984962405,0.11333333333333329,data/raw/images/b/breitner/bridge.jpg
b__breitner__dam,images/b__breitner__dam.png,train,https://www.wga.hu/html/b/breitner/dam.html,"BREITNER, George Hendrik",The Dam,1892.0,19,Dutch,landscape,Huile,400.0,262.0,1.5267175572519085,0.12666666666666682,data/raw/images/b/breitner/dam.jpg
b__breitner__moonligh,images/b__breitner__moonligh.png,train,https://www.wga.hu/html/b/breitner/moonligh.html,"BREITNER, George Hendrik",Moonlight,1888.0,19,Dutch,landscape,Huile,400.0,277.0,1.444043321299639,0.07666666666666677,data/raw/images/b/breitner/moonligh.jpg
b__bresolin__ruined_h,images/b__bresolin__ruined_h.png,train,https://www.wga.hu/html/b/bresolin/ruined_h.html,"BRESOLIN, Domenico",Ruined House,1859.0,19,Italian,landscape,Huile,400.0,263.0,1.520912547528517,0.1233333333333333,data/raw/images/b/bresolin/ruined_h.jpg
b__bridell__colosseu,images/b__bridell__colosseu.png,train,https://www.wga.hu/html/b/bridell/colosseu.html,"BRIDELL, Frederick Lee",The Colosseum by Moonlight,1859.0,19,English,landscape,Huile,400.0,266.0,1.5037593984962405,0.11333333333333329,data/raw/images/b/bridell/colosseu.jpg
b__bridell__wooded,images/b__bridell__wooded.png,train,https://www.wga.hu/html/b/bridell/wooded.html,"BRIDELL, Frederick Lee",Wooded Landscape,1857.0,19,English,landscape,Huile,400.0,250.0,1.6,0.16666666666666674,data/raw/images/b/bridell/wooded.jpg
b__bril__matthijs__landsca1,images/b__bril__matthijs__landsca1.png,train,https://www.wga.hu/html/b/bril/matthijs/landsca1.html,"BRIL, Matthijs the Younger",Landscape,,16,Flemish,landscape,Huile,400.0,293.0,1.3651877133105803,0.023333333333333428,data/raw/images/b/bril/matthijs/landsca1.jpg
b__bril__paul__campovac,images/b__bril__paul__campovac.png,train,https://www.wga.hu/html/b/bril/paul/campovac.html,"BRIL, Paul",The Campo Vaccino with a Gypsy Woman Reading a Palm,1603.0,17,Flemish,landscape,Huile,400.0,297.0,1.3468013468013469,0.01000000000000012,data/raw/images/b/bril/paul/campovac.jpg
b__bril__paul__coastal,images/b__bril__paul__coastal.png,train,https://www.wga.hu/html/b/bril/paul/coastal.html,"BRIL, Paul",Coastal Landscape,1596.0,17,Flemish,landscape,Huile,400.0,266.0,1.5037593984962405,0.11333333333333329,data/raw/images/b/bril/paul/coastal.jpg
b__bril__paul__extensiv,images/b__bril__paul__extensiv.png,train,https://www.wga.hu/html/b/bril/paul/extensiv.html,"BRIL, Paul",An Extensive Landscape,,17,Flemish,landscape,Huile,400.0,296.0,1.3513513513513513,0.013333333333333308,data/raw/images/b/bril/paul/extensiv.jpg
b__bril__paul__fantasti,images/b__bril__paul__fantasti.png,train,https://www.wga.hu/html/b/bril/paul/fantasti.html,"BRIL, Paul",Fantastic Landscape,1598.0,17,Flemish,landscape,Huile,400.0,285.0,1.4035087719298245,0.050000000000000044,data/raw/images/b/bril/paul/fantasti.jpg
b__bril__paul__fresco2,images/b__bril__paul__fresco2.png,train,https://www.wga.hu/html/b/bril/paul/fresco2.html,"BRIL, Paul",Landscape with Boats on a River,1611.5,17,Flemish,landscape,Fresque,400.0,309.0,1.2944983818770226,0.029126213592232997,data/raw/images/b/bril/paul/fresco2.jpg
b__bril__paul__landsca1,images/b__bril__paul__landsca1.png,train,https://www.wga.hu/html/b/bril/paul/landsca1.html,"BRIL, Paul",Landscape,,17,Flemish,landscape,Huile,400.0,258.0,1.550387596899225,0.14000000000000012,data/raw/images/b/bril/paul/landsca1.jpg
b__bril__paul__landsca3,images/b__bril__paul__landsca3.png,train,https://www.wga.hu/html/b/bril/paul/landsca3.html,"BRIL, Paul",Landscape with a Marsh,1595.0,17,Flemish,landscape,Huile,400.0,290.0,1.3793103448275863,0.03333333333333344,data/raw/images/b/bril/paul/landsca3.jpg
b__bril__paul__landsca4,images/b__bril__paul__landsca4.png,train,https://www.wga.hu/html/b/bril/paul/landsca4.html,"BRIL, Paul",Landscape with Mercury and Argus,1606.0,17,Flemish,landscape,Huile,400.0,262.0,1.5267175572519085,0.12666666666666682,data/raw/images/b/bril/paul/landsca4.jpg
b__bril__paul__landsca5,images/b__bril__paul__landsca5.png,train,https://www.wga.hu/html/b/bril/paul/landsca5.html,"BRIL, Paul",Landscape with Nymphs and Satyrs,1623.0,17,Flemish,landscape,Huile,400.0,269.0,1.486988847583643,0.10333333333333328,data/raw/images/b/bril/paul/landsca5.jpg
b__bril__paul__landsca6,images/b__bril__paul__landsca6.png,train,https://www.wga.hu/html/b/bril/paul/landsca6.html,"BRIL, Paul",Landscape with Huntsmen Pursuing a Hare,1619.0,17,Flemish,landscape,Huile,400.0,270.0,1.4814814814814814,0.09999999999999998,data/raw/images/b/bril/paul/landsca6.jpg
b__bril__paul__landstag,images/b__bril__paul__landstag.png,train,https://www.wga.hu/html/b/bril/paul/landstag.html,"BRIL, Paul",Landscape with Stag Hunt,1595.0,17,Flemish,landscape,Huile,400.0,299.0,1.3377926421404682,0.0033333333333334103,data/raw/images/b/bril/paul/landstag.jpg
b__bril__paul__mountain,images/b__bril__paul__mountain.png,train,https://www.wga.hu/html/b/bril/paul/mountain.html,"BRIL, Paul",Mountain Scene,1599.0,17,Flemish,landscape,Huile,400.0,267.0,1.4981273408239701,0.1100000000000001,data/raw/images/b/bril/paul/mountain.jpg
b__bril__paul__mountaio,images/b__bril__paul__mountaio.png,train,https://www.wga.hu/html/b/bril/paul/mountaio.html,"BRIL, Paul",Mountainous Landscape,1619.0,17,Flemish,landscape,Huile,400.0,288.0,1.3888888888888888,0.040000000000000036,data/raw/images/b/bril/paul/mountaio.jpg
b__bril__paul__mountair,images/b__bril__paul__mountair.png,test,https://www.wga.hu/html/b/bril/paul/mountair.html,"BRIL, Paul",Rocky Landscape with Shepherds,1594.0,17,Flemish,landscape,Huile,400.0,311.0,1.2861736334405145,0.03536977491961413,data/raw/images/b/bril/paul/mountair.jpg
b__bril__paul__ruinsfig,images/b__bril__paul__ruinsfig.png,train,https://www.wga.hu/html/b/bril/paul/ruinsfig.html,"BRIL, Paul",Ruins and Figures,1600.0,17,Flemish,landscape,Huile,400.0,287.0,1.3937282229965158,0.043333333333333446,data/raw/images/b/bril/paul/ruinsfig.jpg
b__bril__paul__sinibald,images/b__bril__paul__sinibald.png,test,https://www.wga.hu/html/b/bril/paul/sinibald.html,"BRIL, Paul",Feudo di Rocca Sinibalda,1601.0,17,Flemish,landscape,Huile,400.0,289.0,1.3840830449826989,0.036666666666666625,data/raw/images/b/bril/paul/sinibald.jpg
b__bril__paul__staghunt,images/b__bril__paul__staghunt.png,train,https://www.wga.hu/html/b/bril/paul/staghunt.html,"BRIL, Paul",The Stag Hunt,1592.5,17,Flemish,landscape,Huile,400.0,302.0,1.3245033112582782,0.0066225165562913135,data/raw/images/b/bril/paul/staghunt.jpg
b__bril__paul__the_port,images/b__bril__paul__the_port.png,train,https://www.wga.hu/html/b/bril/paul/the_port.html,"BRIL, Paul",The Port,1611.0,17,Flemish,landscape,Huile,400.0,279.0,1.4336917562724014,0.07000000000000006,data/raw/images/b/bril/paul/the_port.jpg
b__bril__paul__viewport,images/b__bril__paul__viewport.png,train,https://www.wga.hu/html/b/bril/paul/viewport.html,"BRIL, Paul",View of a Port,1607.0,17,Flemish,landscape,Huile,400.0,283.0,1.4134275618374559,0.056666666666666754,data/raw/images/b/bril/paul/viewport.jpg
b__brodszky__forest,images/b__brodszky__forest.png,train,https://www.wga.hu/html/b/brodszky/forest.html,"BRODSZKY, Sándor",Forest Scene with River,,19,Hungarian,landscape,Huile,400.0,288.0,1.3888888888888888,0.040000000000000036,data/raw/images/b/brodszky/forest.jpg
b__brodszky__pondalps,images/b__brodszky__pondalps.png,train,https://www.wga.hu/html/b/brodszky/pondalps.html,"BRODSZKY, Sándor",Pond in the Alps,1853.0,19,Hungarian,landscape,Huile,400.0,310.0,1.2903225806451613,0.032258064516129004,data/raw/images/b/brodszky/pondalps.jpg
b__brodszky__storm,images/b__brodszky__storm.png,train,https://www.wga.hu/html/b/brodszky/storm.html,"BRODSZKY, Sándor",View to the Lake Balaton (Storm),1851.0,19,Hungarian,landscape,Huile,400.0,275.0,1.4545454545454546,0.08333333333333337,data/raw/images/b/brodszky/storm.jpg
b__brooking__kaags,images/b__brooking__kaags.png,train,https://www.wga.hu/html/b/brooking/kaags.html,"BROOKING, Charles",Dutch Fishing Kaags by a Shore,,18,English,landscape,Huile,400.0,285.0,1.4035087719298245,0.050000000000000044,data/raw/images/b/brooking/kaags.jpg
b__brooking__shipcalm,images/b__brooking__shipcalm.png,train,https://www.wga.hu/html/b/brooking/shipcalm.html,"BROOKING, Charles",Shipping in a Calm,,18,English,landscape,Huile,400.0,259.0,1.5444015444015444,0.13666666666666671,data/raw/images/b/brooking/shipcalm.jpg
b__brouwer__duneland,images/b__brouwer__duneland.png,train,https://www.wga.hu/html/b/brouwer/duneland.html,"BROUWER, Adriaen",Dune Landscape by Moonlight,1636.0,17,Flemish,landscape,Huile,400.0,287.0,1.3937282229965158,0.043333333333333446,data/raw/images/b/brouwer/duneland.jpg
b__brouwer__landscap,images/b__brouwer__landscap.png,train,https://www.wga.hu/html/b/brouwer/landscap.html,"BROUWER, Adriaen",Twilight Landscape,1635.0,17,Flemish,landscape,Huile,400.0,261.0,1.5325670498084292,0.13000000000000012,data/raw/images/b/brouwer/landscap.jpg
b__bruce__poppies,images/b__bruce__poppies.png,test,https://www.wga.hu/html/b/bruce/poppies.html,"BRUCE, William Blair",Landscape with Poppies,1887.0,19,Other,landscape,Huile,400.0,317.0,1.2618296529968454,0.05362776025236593,data/raw/images/b/bruce/poppies.jpg
b__bruegel__pieter_e__01__01icarus,images/b__bruegel__pieter_e__01__01icarus.png,train,https://www.wga.hu/html/b/bruegel/pieter_e/01/01icarus.html,"BRUEGEL, Pieter the Elder",Landscape with the Fall of Icarus,1555.0,16,Netherlandish,landscape,Huile,400.0,256.0,1.5625,0.14666666666666672,data/raw/images/b/bruegel/pieter_e/01/01icarus.jpg
b__bruegel__pieter_e__01__02icarus,images/b__bruegel__pieter_e__01__02icarus.png,train,https://www.wga.hu/html/b/bruegel/pieter_e/01/02icarus.html,"BRUEGEL, Pieter the Elder",Landscape with the Fall of Icarus,1555.0,16,Netherlandish,landscape,Huile,400.0,258.0,1.550387596899225,0.14000000000000012,data/raw/images/b/bruegel/pieter_e/01/02icarus.jpg
b__bruegel__pieter_e__01__05saulsu,images/b__bruegel__pieter_e__01__05saulsu.png,train,https://www.wga.hu/html/b/bruegel/pieter_e/01/05saulsu.html,"BRUEGEL, Pieter the Elder",The Suicide of Saul,1562.0,16,Netherlandish,landscape,Huile,400.0,234.0,1.7094017094017093,0.21999999999999997,data/raw/images/b/bruegel/pieter_e/01/05saulsu.jpg
b__bruegel__pieter_e__01__09saulco,images/b__bruegel__pieter_e__01__09saulco.png,train,https://www.wga.hu/html/b/bruegel/pieter_e/01/09saulco.html,"BRUEGEL, Pieter the Elder",The Conversion of Saul,1567.0,16,Netherlandish,landscape,Huile,400.0,278.0,1.4388489208633093,0.07333333333333336,data/raw/images/b/bruegel/pieter_e/01/09saulco.jpg
b__bruegel__pieter_e__01__13winter,images/b__bruegel__pieter_e__01__13winter.png,train,https://www.wga.hu/html/b/bruegel/pieter_e/01/13winter.html,"BRUEGEL, Pieter the Elder",Winter Landscape with Skaters and Bird Trap,1565.0,16,Netherlandish,landscape,Huile,400.0,266.0,1.5037593984962405,0.11333333333333329,data/raw/images/b/bruegel/pieter_e/01/13winter.jpg
b__bruegel__pieter_e__01__16magpie,images/b__bruegel__pieter_e__01__16magpie.png,train,https://www.wga.hu/html/b/bruegel/pieter_e/01/16magpie.html,"BRUEGEL, Pieter the Elder",Magpie on the Gallow,1568.0,16,Netherlandish,landscape,Huile,400.0,355.0,1.1267605633802817,0.15492957746478864,data/raw/images/b/bruegel/pieter_e/01/16magpie.jpg
b__bruegel__pieter_e__01__20other,images/b__bruegel__pieter_e__01__20other.png,train,https://www.wga.hu/html/b/bruegel/pieter_e/01/20other.html,"BRUEGEL, Pieter the Elder",Landscape with the Parable of the Sower,1557.0,16,Netherlandish,landscape,Huile,400.0,281.0,1.4234875444839858,0.06333333333333346,data/raw/images/b/bruegel/pieter_e/01/20other.jpg
b__bruegel__pieter_e__01__21other,images/b__bruegel__pieter_e__01__21other.png,train,https://www.wga.hu/html/b/bruegel/pieter_e/01/21other.html,"BRUEGEL, Pieter the Elder",Landscape with the Flight into Egypt,1563.0,16,Netherlandish,landscape,Huile,400.0,268.0,1.492537313432836,0.1066666666666668,data/raw/images/b/bruegel/pieter_e/01/21other.jpg
b__bruegel__pieter_e__01__22other,images/b__bruegel__pieter_e__01__22other.png,train,https://www.wga.hu/html/b/bruegel/pieter_e/01/22other.html,"BRUEGEL, Pieter the Elder",Storm at Sea,1568.0,16,Netherlandish,landscape,Huile,400.0,288.0,1.3888888888888888,0.040000000000000036,data/raw/images/b/bruegel/pieter_e/01/22other.jpg
b__bruegel__pieter_e__07__01januar,images/b__bruegel__pieter_e__07__01januar.png,test,https://www.wga.hu/html/b/bruegel/pieter_e/07/01januar.html,"BRUEGEL, Pieter the Elder",The Hunters in the Snow (January),1565.0,16,Netherlandish,landscape,Huile,400.0,278.0,1.4388489208633093,0.07333333333333336,data/raw/images/b/bruegel/pieter_e/07/01januar.jpg
b__bruegel__pieter_e__07__05februa,images/b__bruegel__pieter_e__07__05februa.png,train,https://www.wga.hu/html/b/bruegel/pieter_e/07/05februa.html,"BRUEGEL, Pieter the Elder",Gloomy Day (February),1565.0,16,Netherlandish,landscape,Huile,400.0,287.0,1.3937282229965158,0.043333333333333446,data/raw/images/b/bruegel/pieter_e/07/05februa.jpg
b__bruegel__pieter_e__07__12july,images/b__bruegel__pieter_e__07__12july.png,train,https://www.wga.hu/html/b/bruegel/pieter_e/07/12july.html,"BRUEGEL, Pieter the Elder",Haymaking (July),1565.0,16,Netherlandish,landscape,Huile,400.0,278.0,1.4388489208633093,0.07333333333333336,data/raw/images/b/bruegel/pieter_e/07/12july.jpg
b__bruegel__pieter_e__07__16august,images/b__bruegel__pieter_e__07__16august.png,test,https://www.wga.hu/html/b/bruegel/pieter_e/07/16august.html,"BRUEGEL, Pieter the Elder",The Corn Harvest (August),1565.0,16,Netherlandish,landscape,Huile,400.0,280.0,1.4285714285714286,0.06666666666666676,data/raw/images/b/bruegel/pieter_e/07/16august.jpg
b__bruegel__pieter_e__07__21novemb,images/b__bruegel__pieter_e__07__21novemb.png,test,https://www.wga.hu/html/b/bruegel/pieter_e/07/21novemb.html,"BRUEGEL, Pieter the Elder",The Return of the Herd (November),1565.0,16,Netherlandish,landscape,Huile,400.0,289.0,1.3840830449826989,0.036666666666666625,data/raw/images/b/bruegel/pieter_e/07/21novemb.jpg
b__bruegel__jan_e__1__animals,images/b__bruegel__jan_e__1__animals.png,train,https://www.wga.hu/html/b/bruegel/jan_e/1/animals.html,"BRUEGHEL, Jan the Elder",The Animals Entering the Ark,1615.0,16,Flemish,landscape,Huile,400.0,274.0,1.4598540145985401,0.08666666666666667,data/raw/images/b/bruegel/jan_e/1/animals.jpg
b__bruegel__jan_e__1__caravan,images/b__bruegel__jan_e__1__caravan.png,train,https://www.wga.hu/html/b/bruegel/jan_e/1/caravan.html,"BRUEGHEL, Jan the Elder",The Caravan,1607.0,16,Flemish,landscape,Huile,400.0,265.0,1.509433962264151,0.11666666666666681,data/raw/images/b/bruegel/jan_e/1/caravan.jpg
b__bruegel__jan_e__1__coastal,images/b__bruegel__jan_e__1__coastal.png,train,https://www.wga.hu/html/b/bruegel/jan_e/1/coastal.html,"BRUEGHEL, Jan the Elder",Coastal Landscape,1614.5,16,Flemish,landscape,Huile,400.0,276.0,1.4492753623188406,0.08000000000000007,data/raw/images/b/bruegel/jan_e/1/coastal.jpg
b__bruegel__jan_e__1__fairrive,images/b__bruegel__jan_e__1__fairrive.png,train,https://www.wga.hu/html/b/bruegel/jan_e/1/fairrive.html,"BRUEGHEL, Jan the Elder",Fair at a Riverside Village,1614.0,16,Flemish,landscape,Huile,400.0,227.0,1.7621145374449338,0.2433333333333333,data/raw/images/b/bruegel/jan_e/1/fairrive.jpg
b__bruegel__jan_e__1__fishmark,images/b__bruegel__jan_e__1__fishmark.png,train,https://www.wga.hu/html/b/bruegel/jan_e/1/fishmark.html,"BRUEGHEL, Jan the Elder",Great Fish-Market,1603.0,16,Flemish,landscape,Huile,400.0,260.0,1.5384615384615385,0.13333333333333341,data/raw/images/b/bruegel/jan_e/1/fishmark.jpg
b__bruegel__jan_e__1__fl_fair1,images/b__bruegel__jan_e__1__fl_fair1.png,train,https://www.wga.hu/html/b/bruegel/jan_e/1/fl_fair1.html,"BRUEGHEL, Jan the Elder",A Flemish Fair,1614.5,16,Flemish,landscape,Huile,400.0,276.0,1.4492753623188406,0.08000000000000007,data/raw/images/b/bruegel/jan_e/1/fl_fair1.jpg
b__bruegel__jan_e__1__garden_e,images/b__bruegel__jan_e__1__garden_e.png,train,https://www.wga.hu/html/b/bruegel/jan_e/1/garden_e.html,"BRUEGHEL, Jan the Elder",Garden of Eden,1612.0,16,Flemish,landscape,Huile,400.0,245.0,1.6326530612244898,0.18333333333333335,data/raw/images/b/bruegel/jan_e/1/garden_e.jpg
b__bruegel__jan_e__1__gatherin,images/b__bruegel__jan_e__1__gatherin.png,train,https://www.wga.hu/html/b/bruegel/jan_e/1/gatherin.html,"BRUEGHEL, Jan the Elder",Gathering of Gypsies in the Wood,,16,Flemish,landscape,Huile,400.0,341.0,1.1730205278592376,0.12023460410557174,data/raw/images/b/bruegel/jan_e/1/gatherin.jpg
b__bruegel__jan_e__1__guards_f,images/b__bruegel__jan_e__1__guards_f.png,test,https://www.wga.hu/html/b/bruegel/jan_e/1/guards_f.html,"BRUEGHEL, Jan the Elder",Guards in a Forest Clearing,1607.0,16,Flemish,landscape,Huile,400.0,309.0,1.2944983818770226,0.029126213592232997,data/raw/images/b/bruegel/jan_e/1/guards_f.jpg
b__bruegel__jan_e__1__hunters,images/b__bruegel__jan_e__1__hunters.png,train,https://www.wga.hu/html/b/bruegel/jan_e/1/hunters.html,"BRUEGHEL, Jan the Elder",Landscape with Hunters,1594.5,16,Flemish,landscape,Huile,400.0,277.0,1.444043321299639,0.07666666666666677,data/raw/images/b/bruegel/jan_e/1/hunters.jpg
b__bruegel__jan_e__1__panoram,images/b__bruegel__jan_e__1__panoram.png,train,https://www.wga.hu/html/b/bruegel/jan_e/1/panoram.html,"BRUEGHEL, Jan the Elder",Panoramic Landscape with Travellers,1610.0,16,Flemish,landscape,Huile,400.0,269.0,1.486988847583643,0.10333333333333328,data/raw/images/b/bruegel/jan_e/1/panoram.jpg
b__bruegel__jan_e__1__panorama,images/b__bruegel__jan_e__1__panorama.png,train,https://www.wga.hu/html/b/bruegel/jan_e/1/panorama.html,"BRUEGHEL, Jan the Elder",Woodland Road with Wagon and Travelers,1609.0,16,Flemish,landscape,Huile,400.0,246.0,1.6260162601626016,0.18000000000000005,data/raw/images/b/bruegel/jan_e/1/panorama.jpg
b__bruegel__jan_e__1__paradise,images/b__bruegel__jan_e__1__paradise.png,train,https://www.wga.hu/html/b/bruegel/jan_e/1/paradise.html,"BRUEGHEL, Jan the Elder",The Original Sin,1616.0,16,Flemish,landscape,Huile,400.0,242.0,1.6528925619834711,0.19333333333333336,data/raw/images/b/bruegel/jan_e/1/paradise.jpg
b__bruegel__jan_e__1__paradlan,images/b__bruegel__jan_e__1__paradlan.png,train,https://www.wga.hu/html/b/bruegel/jan_e/1/paradlan.html,"BRUEGHEL, Jan the Elder",Paradise Landscape with the Animals Entering Noah's Ark,1596.0,16,Flemish,landscape,Huile,400.0,296.0,1.3513513513513513,0.013333333333333308,data/raw/images/b/bruegel/jan_e/1/paradlan.jpg
b__bruegel__jan_e__1__river_la,images/b__bruegel__jan_e__1__river_la.png,train,https://www.wga.hu/html/b/bruegel/jan_e/1/river_la.html,"BRUEGHEL, Jan the Elder",River Landscape with Lumbermen,1608.0,16,Flemish,landscape,Huile,400.0,336.0,1.1904761904761905,0.1071428571428571,data/raw/images/b/bruegel/jan_e/1/river_la.jpg
b__bruegel__jan_e__1__river_lb,images/b__bruegel__jan_e__1__river_lb.png,train,https://www.wga.hu/html/b/bruegel/jan_e/1/river_lb.html,"BRUEGHEL, Jan the Elder",River Landscape,1602.5,16,Flemish,landscape,Huile,400.0,318.0,1.2578616352201257,0.05660377358490565,data/raw/images/b/bruegel/jan_e/1/river_lb.jpg
b__bruegel__jan_e__1__riverla,images/b__bruegel__jan_e__1__riverla.png,train,https://www.wga.hu/html/b/bruegel/jan_e/1/riverla.html,"BRUEGHEL, Jan the Elder",Wooded River Landscape,1614.0,16,Flemish,landscape,Huile,400.0,279.0,1.4336917562724014,0.07000000000000006,data/raw/images/b/bruegel/jan_e/1/riverla.jpg
b__bruegel__jan_e__1__spring,images/b__bruegel__jan_e__1__spring.png,train,https://www.wga.hu/html/b/bruegel/jan_e/1/spring.html,"BRUEGHEL, Jan the Elder",Spring,1618.5,16,Flemish,landscape,Huile,400.0,269.0,1.486988847583643,0.10333333333333328,data/raw/images/b/bruegel/jan_e/1/spring.jpg
b__bruegel__jan_e__1__travel,images/b__bruegel__jan_e__1__travel.png,train,https://www.wga.hu/html/b/bruegel/jan_e/1/travel.html,"BRUEGHEL, Jan the Elder",Travellers on the Way,,16,Flemish,landscape,Huile,400.0,318.0,1.2578616352201257,0.05660377358490565,data/raw/images/b/bruegel/jan_e/1/travel.jpg
b__bruegel__jan_e__1__travel2,images/b__bruegel__jan_e__1__travel2.png,train,https://www.wga.hu/html/b/bruegel/jan_e/1/travel2.html,"BRUEGHEL, Jan the Elder",Extensive Landscape with Travellers on a Road,1608.0,16,Flemish,landscape,Huile,400.0,262.0,1.5267175572519085,0.12666666666666682,data/raw/images/b/bruegel/jan_e/1/travel2.jpg
b__bruegel__jan_e__1__travel3,images/b__bruegel__jan_e__1__travel3.png,train,https://www.wga.hu/html/b/bruegel/jan_e/1/travel3.html,"BRUEGHEL, Jan the Elder",Country Landscape with Travellers,,16,Flemish,landscape,Huile,400.0,277.0,1.444043321299639,0.07666666666666677,data/raw/images/b/bruegel/jan_e/1/travel3.jpg
b__bruegel__jan_e__1__travel4,images/b__bruegel__jan_e__1__travel4.png,train,https://www.wga.hu/html/b/bruegel/jan_e/1/travel4.html,"BRUEGHEL, Jan the Elder",Landscape with Peasants and Livestock,,16,Flemish,landscape,Huile,400.0,325.0,1.2307692307692308,0.07692307692307687,data/raw/images/b/bruegel/jan_e/1/travel4.jpg
b__bruegel__jan_e__1__villages,images/b__bruegel__jan_e__1__villages.png,train,https://www.wga.hu/html/b/bruegel/jan_e/1/villages.html,"BRUEGHEL, Jan the Elder",Village Scene with Figures and Cows,1609.0,16,Flemish,landscape,Huile,400.0,248.0,1.6129032258064515,0.17333333333333334,data/raw/images/b/bruegel/jan_e/1/villages.jpg
b__bruegel__jan_e__1__windmill,images/b__bruegel__jan_e__1__windmill.png,train,https://www.wga.hu/html/b/bruegel/jan_e/1/windmill.html,"BRUEGHEL, Jan the Elder",Landscape with Windmills,1607.0,16,Flemish,landscape,Huile,400.0,269.0,1.486988847583643,0.10333333333333328,data/raw/images/b/bruegel/jan_e/1/windmill.jpg
b__bruegel__jan_e__2__harbour,images/b__bruegel__jan_e__2__harbour.png,train,https://www.wga.hu/html/b/bruegel/jan_e/2/harbour.html,"BRUEGHEL, Jan the Elder",Harbour Scene with Christ Preaching,1598.0,16,Flemish,landscape,Huile,400.0,266.0,1.5037593984962405,0.11333333333333329,data/raw/images/b/bruegel/jan_e/2/harbour.jpg
b__bruegel__jan_e__2__tobias,images/b__bruegel__jan_e__2__tobias.png,train,https://www.wga.hu/html/b/bruegel/jan_e/2/tobias.html,"BRUEGHEL, Jan the Elder",Landscape with the Young Tobias,1598.0,16,Flemish,landscape,Huile,400.0,261.0,1.5325670498084292,0.13000000000000012,data/raw/images/b/bruegel/jan_e/2/tobias.jpg
b__bruegel__jan_y__landscap,images/b__bruegel__jan_y__landscap.png,train,https://www.wga.hu/html/b/bruegel/jan_y/landscap.html,"BRUEGHEL, Jan the Younger",Landscape with Travelers and Bittern Hunter,1628.5,17,Flemish,landscape,Huile,400.0,226.0,1.7699115044247788,0.2466666666666667,data/raw/images/b/bruegel/jan_y/landscap.jpg
b__bruegel__jan_y__landscax,images/b__bruegel__jan_y__landscax.png,train,https://www.wga.hu/html/b/bruegel/jan_y/landscax.html,"BRUEGHEL, Jan the Younger",River Landscape,,17,Flemish,landscape,Huile,400.0,297.0,1.3468013468013469,0.01000000000000012,data/raw/images/b/bruegel/jan_y/landscax.jpg
b__bruegel__pieter_y__2__birdtrap,images/b__bruegel__pieter_y__2__birdtrap.png,train,https://www.wga.hu/html/b/bruegel/pieter_y/2/birdtrap.html,"BRUEGHEL, Pieter the Younger",Winter Landscape with a Bird-trap,,16,Flemish,landscape,Huile,400.0,276.0,1.4492753623188406,0.08000000000000007,data/raw/images/b/bruegel/pieter_y/2/birdtrap.jpg
b__bruegel__pieter_y__2__birdtrax,images/b__bruegel__pieter_y__2__birdtrax.png,train,https://www.wga.hu/html/b/bruegel/pieter_y/2/birdtrax.html,"BRUEGHEL, Pieter the Younger",The Bird Trap,,16,Flemish,landscape,Huile,400.0,260.0,1.5384615384615385,0.13333333333333341,data/raw/images/b/bruegel/pieter_y/2/birdtrax.jpg
b__bruegel__pieter_y__2__birdtray,images/b__bruegel__pieter_y__2__birdtray.png,train,https://www.wga.hu/html/b/bruegel/pieter_y/2/birdtray.html,"BRUEGHEL, Pieter the Younger",The Bird Trap,,16,Flemish,landscape,Huile,400.0,252.0,1.5873015873015872,0.16000000000000003,data/raw/images/b/bruegel/pieter_y/2/birdtray.jpg
b__bruegel__pieter_y__2__spring,images/b__bruegel__pieter_y__2__spring.png,train,https://www.wga.hu/html/b/bruegel/pieter_y/2/spring.html,"BRUEGHEL, Pieter the Younger",Spring,,16,Flemish,landscape,Huile,400.0,287.0,1.3937282229965158,0.043333333333333446,data/raw/images/b/bruegel/pieter_y/2/spring.jpg
b__bruegel__pieter_y__2__summer2,images/b__bruegel__pieter_y__2__summer2.png,test,https://www.wga.hu/html/b/bruegel/pieter_y/2/summer2.html,"BRUEGHEL, Pieter the Younger",Summer: Harvest Time,,16,Flemish,landscape,Huile,400.0,283.0,1.4134275618374559,0.056666666666666754,data/raw/images/b/bruegel/pieter_y/2/summer2.jpg
b__bruegel__pieter_y__2__thecreek,images/b__bruegel__pieter_y__2__thecreek.png,train,https://www.wga.hu/html/b/bruegel/pieter_y/2/thecreek.html,"BRUEGHEL, Pieter the Younger",The Creek,,16,Flemish,landscape,Tempera,400.0,393.0,1.0178117048346056,0.23664122137404575,data/raw/images/b/bruegel/pieter_y/2/thecreek.jpg
b__bundel__landscap,images/b__bundel__landscap.png,train,https://www.wga.hu/html/b/bundel/landscap.html,"BUNDEL, Willem van den",Landscape,,17,Flemish,landscape,Huile,400.0,311.0,1.2861736334405145,0.03536977491961413,data/raw/images/b/bundel/landscap.jpg
b__bunker__the_pool,images/b__bunker__the_pool.png,train,https://www.wga.hu/html/b/bunker/the_pool.html,"BUNKER, Dennis Miller","The Pool, Medfield",1889.0,19,American,landscape,Huile,400.0,293.0,1.3651877133105803,0.023333333333333428,data/raw/images/b/bunker/the_pool.jpg
b__burkel__graveyar,images/b__burkel__graveyar.png,train,https://www.wga.hu/html/b/burkel/graveyar.html,"BÜRKEL, Heinrich",Graveyard of St. Peter's in Winter,,19,German,landscape,Huile,400.0,388.0,1.0309278350515463,0.2268041237113403,data/raw/images/b/burkel/graveyar.jpg
b__burkel__rainshow,images/b__burkel__rainshow.png,train,https://www.wga.hu/html/b/burkel/rainshow.html,"BÜRKEL, Heinrich",Rain Shower in Patenkirchen,1838.0,19,German,landscape,Huile,400.0,290.0,1.3793103448275863,0.03333333333333344,data/raw/images/b/burkel/rainshow.jpg
b__busiri__romevie1,images/b__busiri__romevie1.png,train,https://www.wga.hu/html/b/busiri/romevie1.html,"BUSIRI, Giovanni Battista",Roman View: The Colosseum,,18,Italian,landscape,Techniques sur papier,400.0,258.0,1.550387596899225,0.14000000000000012,data/raw/images/b/busiri/romevie1.jpg
b__busiri__romevie2,images/b__busiri__romevie2.png,train,https://www.wga.hu/html/b/busiri/romevie2.html,"BUSIRI, Giovanni Battista",Roman View: The Temple of Vesta at Tivoli,,18,Italian,landscape,Techniques sur papier,400.0,262.0,1.5267175572519085,0.12666666666666682,data/raw/images/b/busiri/romevie2.jpg
b__busiri__romevie3,images/b__busiri__romevie3.png,train,https://www.wga.hu/html/b/busiri/romevie3.html,"BUSIRI, Giovanni Battista",Roman View: The Pyramid of Caius Cestius,,18,Italian,landscape,Techniques sur papier,400.0,263.0,1.520912547528517,0.1233333333333333,data/raw/images/b/busiri/romevie3.jpg
b__busiri__romevie4,images/b__busiri__romevie4.png,train,https://www.wga.hu/html/b/busiri/romevie4.html,"BUSIRI, Giovanni Battista",Roman View: The Waterfalls at Tivoli,,18,Italian,landscape,Techniques sur papier,400.0,261.0,1.5325670498084292,0.13000000000000012,data/raw/images/b/busiri/romevie4.jpg
b__busiri__romeview,images/b__busiri__romeview.png,train,https://www.wga.hu/html/b/busiri/romeview.html,"BUSIRI, Giovanni Battista",Rome: A View of the Forum,1724.5,18,Italian,landscape,Huile,400.0,301.0,1.3289036544850499,0.0033222591362125353,data/raw/images/b/busiri/romeview.jpg
c__cabat__landscap,images/c__cabat__landscap.png,train,https://www.wga.hu/html/c/cabat/landscap.html,"CABAT, Louis-Nicolas",Landscape,,19,French,landscape,Huile,400.0,260.0,1.5384615384615385,0.13333333333333341,data/raw/images/c/cabat/landscap.jpg
c__cabel__riverlan,images/c__cabel__riverlan.png,train,https://www.wga.hu/html/c/cabel/riverlan.html,"CABEL, Adriaan van der",River Landscape,,17,Dutch,landscape,Huile,400.0,262.0,1.5267175572519085,0.12666666666666682,data/raw/images/c/cabel/riverlan.jpg
c__caffi__florence,images/c__caffi__florence.png,train,https://www.wga.hu/html/c/caffi/florence.html,"CAFFI, Ippolito",A View of Florence,,19,Italian,landscape,Huile,400.0,326.0,1.2269938650306749,0.07975460122699385,data/raw/images/c/caffi/florence.jpg
c__caffi__nocturna,images/c__caffi__nocturna.png,test,https://www.wga.hu/html/c/caffi/nocturna.html,"CAFFI, Ippolito",Nocturnal Celebrations in Via Eugenia at Venice,1840.0,19,Italian,landscape,Huile,400.0,245.0,1.6326530612244898,0.18333333333333335,data/raw/images/c/caffi/nocturna.jpg
c__caffi__pantheon,images/c__caffi__pantheon.png,train,https://www.wga.hu/html/c/caffi/pantheon.html,"CAFFI, Ippolito","View of the Pantheon, Rome",,19,Italian,landscape,Huile,400.0,282.0,1.4184397163120568,0.06000000000000005,data/raw/images/c/caffi/pantheon.jpg
c__caffi__snow_fog,images/c__caffi__snow_fog.png,train,https://www.wga.hu/html/c/caffi/snow_fog.html,"CAFFI, Ippolito",Snow and Fog on the Grand Canal,1840.0,19,Italian,landscape,Huile,400.0,247.0,1.6194331983805668,0.17666666666666664,data/raw/images/c/caffi/snow_fog.jpg
c__caillebo__02river,images/c__caillebo__02river.png,train,https://www.wga.hu/html/c/caillebo/02river.html,"CAILLEBOTTE, Gustave",Riverbank in Morning Haze,1875.0,19,French,landscape,Huile,400.0,328.0,1.2195121951219512,0.08536585365853655,data/raw/images/c/caillebo/02river.jpg
c__caillebo__03pont,images/c__caillebo__03pont.png,train,https://www.wga.hu/html/c/caillebo/03pont.html,"CAILLEBOTTE, Gustave",On the Pont de l'Europe,1876.5,19,French,landscape,Huile,400.0,315.0,1.2698412698412698,0.04761904761904767,data/raw/images/c/caillebo/03pont.jpg
c__caillebo__04rainy,images/c__caillebo__04rainy.png,train,https://www.wga.hu/html/c/caillebo/04rainy.html,"CAILLEBOTTE, Gustave","Paris Street, Rainy Day",1877.0,19,French,landscape,Huile,400.0,309.0,1.2944983818770226,0.029126213592232997,data/raw/images/c/caillebo/04rainy.jpg
c__caillebo__07roof,images/c__caillebo__07roof.png,train,https://www.wga.hu/html/c/caillebo/07roof.html,"CAILLEBOTTE, Gustave",Snow-Covered Roofs in Paris,1878.0,19,French,landscape,Huile,400.0,314.0,1.2738853503184713,0.04458598726114649,data/raw/images/c/caillebo/07roof.jpg
c__caillebo__08roof,images/c__caillebo__08roof.png,train,https://www.wga.hu/html/c/caillebo/08roof.html,"CAILLEBOTTE, Gustave",Rooftops in the Snow,1878.0,19,French,landscape,Huile,400.0,338.0,1.183431952662722,0.11242603550295849,data/raw/images/c/caillebo/08roof.jpg
c__caillebo__11hausma,images/c__caillebo__11hausma.png,train,https://www.wga.hu/html/c/caillebo/11hausma.html,"CAILLEBOTTE, Gustave","Boulevard Haussmann, Snow",1880.5,19,French,landscape,Huile,400.0,320.0,1.25,0.0625,data/raw/images/c/caillebo/11hausma.jpg
c__caillebo__12trouvi,images/c__caillebo__12trouvi.png,train,https://www.wga.hu/html/c/caillebo/12trouvi.html,"CAILLEBOTTE, Gustave",Farmhouse at Trouville,1882.0,19,French,landscape,Huile,400.0,332.0,1.2048192771084338,0.09638554216867457,data/raw/images/c/caillebo/12trouvi.jpg
c__caillebo__13argent,images/c__caillebo__13argent.png,train,https://www.wga.hu/html/c/caillebo/13argent.html,"CAILLEBOTTE, Gustave",The Harbour at Argenteuil,1882.0,19,French,landscape,Huile,400.0,319.0,1.2539184952978057,0.059561128526645635,data/raw/images/c/caillebo/13argent.jpg
c__caillebo__14square,images/c__caillebo__14square.png,train,https://www.wga.hu/html/c/caillebo/14square.html,"CAILLEBOTTE, Gustave",Square at Argenteuil,1883.0,19,French,landscape,Huile,400.0,320.0,1.25,0.0625,data/raw/images/c/caillebo/14square.jpg
c__caillebo__16pinkvi,images/c__caillebo__16pinkvi.png,train,https://www.wga.hu/html/c/caillebo/16pinkvi.html,"CAILLEBOTTE, Gustave","The Pink Villa, Trouville",1884.0,19,French,landscape,Huile,400.0,324.0,1.2345679012345678,0.07407407407407407,data/raw/images/c/caillebo/16pinkvi.jpg
c__caillebo__17bridge,images/c__caillebo__17bridge.png,train,https://www.wga.hu/html/c/caillebo/17bridge.html,"CAILLEBOTTE, Gustave",The Bridge at Argenteuil and the Seine,1885.0,19,French,landscape,Huile,400.0,316.0,1.2658227848101267,0.050632911392405,data/raw/images/c/caillebo/17bridge.jpg
c__calame__mountain,images/c__calame__mountain.png,train,https://www.wga.hu/html/c/calame/mountain.html,"CALAME, Alexandre",Mountainous Landscape with a Torrent,1840.0,19,Swiss,landscape,Huile,400.0,266.0,1.5037593984962405,0.11333333333333329,data/raw/images/c/calame/mountain.jpg
c__calraet__horsecow,images/c__calraet__horsecow.png,train,https://www.wga.hu/html/c/calraet/horsecow.html,"CALRAET, Abraham van",A Horse and Cows in a Landscape,,17,Dutch,landscape,Huile,400.0,286.0,1.3986013986013985,0.046666666666666634,data/raw/images/c/calraet/horsecow.jpg
c__cals__fisherma,images/c__cals__fisherma.png,train,https://www.wga.hu/html/c/cals/fisherma.html,"CALS, Adolphe-Félix",Fisherman,1874.0,19,French,landscape,Huile,400.0,323.0,1.238390092879257,0.07120743034055721,data/raw/images/c/cals/fisherma.jpg
c__canal__antoninu,images/c__canal__antoninu.png,train,https://www.wga.hu/html/c/canal/antoninu.html,"CANAL, Bernardo",Temple of Antoninus and Faustina in Rome,1720.5,18,Italian,landscape,Huile,400.0,291.0,1.3745704467353952,0.030000000000000027,data/raw/images/c/canal/antoninu.jpg
c__canal__carita,images/c__canal__carita.png,train,https://www.wga.hu/html/c/canal/carita.html,"CANAL, Bernardo",The Grand Canal with the Church of La Carità,1735.5,18,Italian,landscape,Huile,400.0,249.0,1.606425702811245,0.17000000000000004,data/raw/images/c/canal/carita.jpg
c__canal__rialto,images/c__canal__rialto.png,train,https://www.wga.hu/html/c/canal/rialto.html,"CANAL, Bernardo",The Grand Canal with the Fabbriche Nuove at Rialto,1735.5,18,Italian,landscape,Huile,400.0,248.0,1.6129032258064515,0.17333333333333334,data/raw/images/c/canal/rialto.jpg
c__canal__viewrome,images/c__canal__viewrome.png,train,https://www.wga.hu/html/c/canal/viewrome.html,"CANAL, Bernardo",View of Rome,1724.5,18,Italian,landscape,Huile,400.0,255.0,1.5686274509803921,0.15000000000000002,data/raw/images/c/canal/viewrome.jpg
c__canalett__1__canal101,images/c__canalett__1__canal101.png,train,https://www.wga.hu/html/c/canalett/1/canal101.html,CANALETTO,Rio dei Mendicanti,1723.5,18,Italian,landscape,Huile,400.0,281.0,1.4234875444839858,0.06333333333333346,data/raw/images/c/canalett/1/canal101.jpg
c__canalett__1__canal104,images/c__canalett__1__canal104.png,train,https://www.wga.hu/html/c/canalett/1/canal104.html,CANALETTO,"Grand Canal, Looking Northeast from Palazo Balbi toward the Rialto Bridge",1723.5,18,Italian,landscape,Huile,400.0,272.0,1.4705882352941178,0.09333333333333349,data/raw/images/c/canalett/1/canal104.jpg
c__canalett__1__canal105,images/c__canalett__1__canal105.png,train,https://www.wga.hu/html/c/canalett/1/canal105.html,CANALETTO,"Grand Canal, Looking East from the Campo San Vio",1723.5,18,Italian,landscape,Huile,400.0,268.0,1.492537313432836,0.1066666666666668,data/raw/images/c/canalett/1/canal105.jpg
c__canalett__1__canal107,images/c__canalett__1__canal107.png,train,https://www.wga.hu/html/c/canalett/1/canal107.html,CANALETTO,Piazza San Marco,1723.5,18,Italian,landscape,Huile,400.0,281.0,1.4234875444839858,0.06333333333333346,data/raw/images/c/canalett/1/canal107.jpg
c__canalett__1__canal110,images/c__canalett__1__canal110.png,test,https://www.wga.hu/html/c/canalett/1/canal110.html,CANALETTO,"Venice: The Grand Canal, Looking North-East from Palazzo Balbi to the Rialto Bridge",1724.0,18,Italian,landscape,Huile,400.0,249.0,1.606425702811245,0.17000000000000004,data/raw/images/c/canalett/1/canal110.jpg
c__canalett__2__canal201,images/c__canalett__2__canal201.png,train,https://www.wga.hu/html/c/canalett/2/canal201.html,CANALETTO,The Grand Canal near the Ponte di Rialto,1725.0,18,Italian,landscape,Huile,400.0,272.0,1.4705882352941178,0.09333333333333349,data/raw/images/c/canalett/2/canal201.jpg
c__canalett__2__canal202,images/c__canalett__2__canal202.png,train,https://www.wga.hu/html/c/canalett/2/canal202.html,CANALETTO,The Grand Canal from Rialto toward the North,1725.0,18,Italian,landscape,Huile,400.0,270.0,1.4814814814814814,0.09999999999999998,data/raw/images/c/canalett/2/canal202.jpg
c__canalett__2__canal203,images/c__canalett__2__canal203.png,train,https://www.wga.hu/html/c/canalett/2/canal203.html,CANALETTO,Doge Palace,1725.0,18,Italian,landscape,Huile,400.0,257.0,1.556420233463035,0.14333333333333342,data/raw/images/c/canalett/2/canal203.jpg
c__canalett__2__canal204,images/c__canalett__2__canal204.png,train,https://www.wga.hu/html/c/canalett/2/canal204.html,CANALETTO,Rio dei Mendicanti: Looking South,1725.0,18,Italian,landscape,Huile,400.0,260.0,1.5384615384615385,0.13333333333333341,data/raw/images/c/canalett/2/canal204.jpg
c__canalett__2__canal205,images/c__canalett__2__canal205.png,train,https://www.wga.hu/html/c/canalett/2/canal205.html,CANALETTO,Grand Canal: Looking North-East toward the Rialto Bridge,1725.0,18,Italian,landscape,Huile,400.0,246.0,1.6260162601626016,0.18000000000000005,data/raw/images/c/canalett/2/canal205.jpg
c__canalett__2__canal207,images/c__canalett__2__canal207.png,train,https://www.wga.hu/html/c/canalett/2/canal207.html,CANALETTO,Entrance to the Grand Canal: Looking East,1725.0,18,Italian,landscape,Huile,400.0,262.0,1.5267175572519085,0.12666666666666682,data/raw/images/c/canalett/2/canal207.jpg
c__canalett__2__canal208,images/c__canalett__2__canal208.png,train,https://www.wga.hu/html/c/canalett/2/canal208.html,CANALETTO,Santi Giovanni e Paolo and the Scuola di San Marco,1725.0,18,Italian,landscape,Huile,400.0,298.0,1.342281879194631,0.006666666666666821,data/raw/images/c/canalett/2/canal208.jpg
c__canalett__2__canal209,images/c__canalett__2__canal209.png,train,https://www.wga.hu/html/c/canalett/2/canal209.html,CANALETTO,San Giacomo di Rialto,1725.5,18,Italian,landscape,Huile,400.0,329.0,1.21580547112462,0.08814589665653494,data/raw/images/c/canalett/2/canal209.jpg
c__canalett__2__canal213,images/c__canalett__2__canal213.png,train,https://www.wga.hu/html/c/canalett/2/canal213.html,CANALETTO,Santi Giovanni e Paolo and the Scuola di San Marco,1726.0,18,Italian,landscape,Huile,400.0,273.0,1.465201465201465,0.08999999999999997,data/raw/images/c/canalett/2/canal213.jpg
c__canalett__2__canal214,images/c__canalett__2__canal214.png,test,https://www.wga.hu/html/c/canalett/2/canal214.html,CANALETTO,The Grand Canal near Santa Maria della Carità,1726.0,18,Italian,landscape,Huile,400.0,272.0,1.4705882352941178,0.09333333333333349,data/raw/images/c/canalett/2/canal214.jpg
c__canalett__2__canal215,images/c__canalett__2__canal215.png,train,https://www.wga.hu/html/c/canalett/2/canal215.html,CANALETTO,La Punta della Dogana (Custom Point),1727.0,18,Italian,landscape,Huile,400.0,267.0,1.4981273408239701,0.1100000000000001,data/raw/images/c/canalett/2/canal215.jpg
c__canalett__2__canal217,images/c__canalett__2__canal217.png,train,https://www.wga.hu/html/c/canalett/2/canal217.html,CANALETTO,Grand Canal: The Rialto Bridge from the South,1727.0,18,Italian,landscape,Huile,400.0,301.0,1.3289036544850499,0.0033222591362125353,data/raw/images/c/canalett/2/canal217.jpg
c__canalett__2__canal218,images/c__canalett__2__canal218.png,train,https://www.wga.hu/html/c/canalett/2/canal218.html,CANALETTO,The Stonemason's Yard,1728.0,18,Italian,landscape,Huile,400.0,309.0,1.2944983818770226,0.029126213592232997,data/raw/images/c/canalett/2/canal218.jpg
c__canalett__2__canal220,images/c__canalett__2__canal220.png,train,https://www.wga.hu/html/c/canalett/2/canal220.html,CANALETTO,The Grand Canal from Campo San Vio towards the Bacino,1731.5,18,Italian,landscape,Huile,400.0,239.0,1.6736401673640167,0.20333333333333337,data/raw/images/c/canalett/2/canal220.jpg
c__canalett__2__canal225,images/c__canalett__2__canal225.png,train,https://www.wga.hu/html/c/canalett/2/canal225.html,CANALETTO,Grand Canal: Looking North from Near the Rialto Bridge,1726.0,18,Italian,landscape,Huile,400.0,295.0,1.3559322033898304,0.01666666666666672,data/raw/images/c/canalett/2/canal225.jpg
c__canalett__2__canal226,images/c__canalett__2__canal226.png,train,https://www.wga.hu/html/c/canalett/2/canal226.html,CANALETTO,Grand Canal: Looking from Palazzo Balbi,1726.0,18,Italian,landscape,Huile,400.0,295.0,1.3559322033898304,0.01666666666666672,data/raw/images/c/canalett/2/canal226.jpg
c__canalett__2__canal227,images/c__canalett__2__canal227.png,train,https://www.wga.hu/html/c/canalett/2/canal227.html,CANALETTO,The Grand Canal,1728.5,18,Italian,landscape,Huile,400.0,253.0,1.5810276679841897,0.15666666666666673,data/raw/images/c/canalett/2/canal227.jpg
c__canalett__3__canal301,images/c__canalett__3__canal301.png,test,https://www.wga.hu/html/c/canalett/3/canal301.html,CANALETTO,The Molo: Looking West,1730.0,18,Italian,landscape,Huile,400.0,229.0,1.7467248908296944,0.2366666666666667,data/raw/images/c/canalett/3/canal301.jpg
c__canalett__3__canal303,images/c__canalett__3__canal303.png,test,https://www.wga.hu/html/c/canalett/3/canal303.html,CANALETTO,Riva degli Schiavoni: Looking East,1730.0,18,Italian,landscape,Huile,400.0,230.0,1.7391304347826086,0.2333333333333334,data/raw/images/c/canalett/3/canal303.jpg
c__canalett__3__canal304,images/c__canalett__3__canal304.png,train,https://www.wga.hu/html/c/canalett/3/canal304.html,CANALETTO,The Grand Canal and the Church of the Salute,1730.0,18,Italian,landscape,Huile,400.0,270.0,1.4814814814814814,0.09999999999999998,data/raw/images/c/canalett/3/canal304.jpg
c__canalett__3__canal306,images/c__canalett__3__canal306.png,train,https://www.wga.hu/html/c/canalett/3/canal306.html,CANALETTO,Piazza San Marco with the Basilica,1730.0,18,Italian,landscape,Huile,400.0,253.0,1.5810276679841897,0.15666666666666673,data/raw/images/c/canalett/3/canal306.jpg
c__canalett__3__canal307,images/c__canalett__3__canal307.png,train,https://www.wga.hu/html/c/canalett/3/canal307.html,CANALETTO,Piazza San Marco,1730.0,18,Italian,landscape,Huile,400.0,247.0,1.6194331983805668,0.17666666666666664,data/raw/images/c/canalett/3/canal307.jpg
c__canalett__3__canal3071,images/c__canalett__3__canal3071.png,train,https://www.wga.hu/html/c/canalett/3/canal3071.html,CANALETTO,Piazza San Marco Looking East towards the Basilica,1730.0,18,Italian,landscape,Huile,400.0,248.0,1.6129032258064515,0.17333333333333334,data/raw/images/c/canalett/3/canal3071.jpg
c__canalett__3__canal308,images/c__canalett__3__canal308.png,train,https://www.wga.hu/html/c/canalett/3/canal308.html,CANALETTO,View of the Ducal Palace,1730.0,18,Italian,landscape,Huile,400.0,261.0,1.5325670498084292,0.13000000000000012,data/raw/images/c/canalett/3/canal308.jpg
c__canalett__3__canal309,images/c__canalett__3__canal309.png,train,https://www.wga.hu/html/c/canalett/3/canal309.html,CANALETTO,Piazza San Marco: the Clocktower,1730.0,18,Italian,landscape,Huile,400.0,300.0,1.3333333333333333,0.0,data/raw/images/c/canalett/3/canal309.jpg
c__canalett__3__canal310,images/c__canalett__3__canal310.png,train,https://www.wga.hu/html/c/canalett/3/canal310.html,CANALETTO,Reception of the Ambassador in the Doge's Palace,1730.0,18,Italian,landscape,Huile,400.0,284.0,1.408450704225352,0.053333333333333344,data/raw/images/c/canalett/3/canal310.jpg
c__canalett__3__canal311,images/c__canalett__3__canal311.png,train,https://www.wga.hu/html/c/canalett/3/canal311.html,CANALETTO,The Bucintoro Returning to the Molo on Ascension Day,1730.0,18,Italian,landscape,Huile,400.0,275.0,1.4545454545454546,0.08333333333333337,data/raw/images/c/canalett/3/canal311.jpg
c__canalett__3__canal313,images/c__canalett__3__canal313.png,train,https://www.wga.hu/html/c/canalett/3/canal313.html,CANALETTO,The Riva degli Schiavoni,1727.0,18,Italian,landscape,Huile,400.0,305.0,1.3114754098360655,0.016393442622950838,data/raw/images/c/canalett/3/canal313.jpg
c__canalett__3__canal314,images/c__canalett__3__canal314.png,test,https://www.wga.hu/html/c/canalett/3/canal314.html,CANALETTO,Punta della Dogana in Venice,1727.0,18,Italian,landscape,Huile,400.0,282.0,1.4184397163120568,0.06000000000000005,data/raw/images/c/canalett/3/canal314.jpg
c__canalett__4__canal401,images/c__canalett__4__canal401.png,train,https://www.wga.hu/html/c/canalett/4/canal401.html,CANALETTO,Grand Canal: from Santa Maria della Carità to the Bacino di San Marco,1731.5,18,Italian,landscape,Huile,400.0,238.0,1.680672268907563,0.20666666666666678,data/raw/images/c/canalett/4/canal401.jpg
c__canalett__4__canal402,images/c__canalett__4__canal402.png,train,https://www.wga.hu/html/c/canalett/4/canal402.html,CANALETTO,A Regatta on the Grand Canal,1732.0,18,Italian,landscape,Huile,400.0,244.0,1.639344262295082,0.18666666666666676,data/raw/images/c/canalett/4/canal402.jpg
c__canalett__4__canal403,images/c__canalett__4__canal403.png,test,https://www.wga.hu/html/c/canalett/4/canal403.html,CANALETTO,Return of the Bucentoro to the Molo on Ascension Day,1732.0,18,Italian,landscape,Huile,400.0,246.0,1.6260162601626016,0.18000000000000005,data/raw/images/c/canalett/4/canal403.jpg
c__canalett__4__canal406,images/c__canalett__4__canal406.png,train,https://www.wga.hu/html/c/canalett/4/canal406.html,CANALETTO,View of the Entrance to the Arsenal,1732.0,18,Italian,landscape,Huile,400.0,238.0,1.680672268907563,0.20666666666666678,data/raw/images/c/canalett/4/canal406.jpg
c__canalett__4__canal409,images/c__canalett__4__canal409.png,train,https://www.wga.hu/html/c/canalett/4/canal409.html,CANALETTO,Dolo on the Brenta,1732.5,18,Italian,landscape,Huile,400.0,331.0,1.2084592145015105,0.09365558912386707,data/raw/images/c/canalett/4/canal409.jpg
c__canalett__4__canal410,images/c__canalett__4__canal410.png,train,https://www.wga.hu/html/c/canalett/4/canal410.html,CANALETTO,View of the Bacino di San Marco (St Mark's Basin),1732.5,18,Italian,landscape,Huile,400.0,273.0,1.465201465201465,0.08999999999999997,data/raw/images/c/canalett/4/canal410.jpg
c__canalett__4__canal411,images/c__canalett__4__canal411.png,train,https://www.wga.hu/html/c/canalett/4/canal411.html,CANALETTO,Capriccio: Ruins and Classic Buildings,1734.5,18,Italian,landscape,Huile,400.0,302.0,1.3245033112582782,0.0066225165562913135,data/raw/images/c/canalett/4/canal411.jpg
c__canalett__4__canal412,images/c__canalett__4__canal412.png,train,https://www.wga.hu/html/c/canalett/4/canal412.html,CANALETTO,Venice Viewed from the San Giorgio Maggiore,,18,Italian,landscape,Huile,400.0,340.0,1.1764705882352942,0.11764705882352933,data/raw/images/c/canalett/4/canal412.jpg
c__canalett__4__canal413,images/c__canalett__4__canal413.png,train,https://www.wga.hu/html/c/canalett/4/canal413.html,CANALETTO,View of Campo Santi Apostoli,1734.5,18,Italian,landscape,Huile,400.0,234.0,1.7094017094017093,0.21999999999999997,data/raw/images/c/canalett/4/canal413.jpg
c__canalett__4__canal414,images/c__canalett__4__canal414.png,test,https://www.wga.hu/html/c/canalett/4/canal414.html,CANALETTO,"The Molo, Seen from the Bacino di San Marco",1734.5,18,Italian,landscape,Huile,400.0,226.0,1.7699115044247788,0.2466666666666667,data/raw/images/c/canalett/4/canal414.jpg
c__canalett__5__canal500,images/c__canalett__5__canal500.png,train,https://www.wga.hu/html/c/canalett/5/canal500.html,CANALETTO,Regatta on the Canale Grande,1735.0,18,Italian,landscape,Huile,400.0,264.0,1.5151515151515151,0.12,data/raw/images/c/canalett/5/canal500.jpg
c__canalett__5__canal501,images/c__canalett__5__canal501.png,train,https://www.wga.hu/html/c/canalett/5/canal501.html,CANALETTO,The Feast Day of St Roch,1735.0,18,Italian,landscape,Huile,400.0,294.0,1.3605442176870748,0.020000000000000018,data/raw/images/c/canalett/5/canal501.jpg
c__canalett__5__canal503,images/c__canalett__5__canal503.png,test,https://www.wga.hu/html/c/canalett/5/canal503.html,CANALETTO,Campo Santa Maria Formosa,1735.0,18,Italian,landscape,Huile,400.0,238.0,1.680672268907563,0.20666666666666678,data/raw/images/c/canalett/5/canal503.jpg
c__canalett__5__canal504,images/c__canalett__5__canal504.png,train,https://www.wga.hu/html/c/canalett/5/canal504.html,CANALETTO,Campo San Rocco,1735.0,18,Italian,landscape,Huile,400.0,236.0,1.694915254237288,0.21333333333333337,data/raw/images/c/canalett/5/canal504.jpg
c__canalett__5__canal505,images/c__canalett__5__canal505.png,train,https://www.wga.hu/html/c/canalett/5/canal505.html,CANALETTO,"Piazza San Marco, Looking toward San Geminiano",1735.0,18,Italian,landscape,Huile,400.0,294.0,1.3605442176870748,0.020000000000000018,data/raw/images/c/canalett/5/canal505.jpg
c__canalett__5__canal506,images/c__canalett__5__canal506.png,test,https://www.wga.hu/html/c/canalett/5/canal506.html,CANALETTO,The Rialto Bridge from the South,1735.0,18,Italian,landscape,Huile,400.0,291.0,1.3745704467353952,0.030000000000000027,data/raw/images/c/canalett/5/canal506.jpg
c__canalett__5__canal507,images/c__canalett__5__canal507.png,train,https://www.wga.hu/html/c/canalett/5/canal507.html,CANALETTO,View of the Grand Canal,1735.0,18,Italian,landscape,Huile,400.0,226.0,1.7699115044247788,0.2466666666666667,data/raw/images/c/canalett/5/canal507.jpg
c__canalett__5__canal508,images/c__canalett__5__canal508.png,train,https://www.wga.hu/html/c/canalett/5/canal508.html,CANALETTO,Piazza San Marco: Looking South-East,1737.5,18,Italian,landscape,Huile,400.0,301.0,1.3289036544850499,0.0033222591362125353,data/raw/images/c/canalett/5/canal508.jpg
c__canalett__5__canal509,images/c__canalett__5__canal509.png,test,https://www.wga.hu/html/c/canalett/5/canal509.html,CANALETTO,Entrance to the Grand Canal: from the West End of the Molo,1737.5,18,Italian,landscape,Huile,400.0,294.0,1.3605442176870748,0.020000000000000018,data/raw/images/c/canalett/5/canal509.jpg
c__canalett__5__canal511,images/c__canalett__5__canal511.png,train,https://www.wga.hu/html/c/canalett/5/canal511.html,CANALETTO,Grand Canal: Looking South-West,1738.0,18,Italian,landscape,Huile,400.0,244.0,1.639344262295082,0.18666666666666676,data/raw/images/c/canalett/5/canal511.jpg
c__canalett__5__canal5111,images/c__canalett__5__canal5111.png,train,https://www.wga.hu/html/c/canalett/5/canal5111.html,CANALETTO,The Molo towards the Riva degli Schiavoni,1738.0,18,Italian,landscape,Huile,400.0,234.0,1.7094017094017093,0.21999999999999997,data/raw/images/c/canalett/5/canal5111.jpg
c__canalett__5__canal512,images/c__canalett__5__canal512.png,train,https://www.wga.hu/html/c/canalett/5/canal512.html,CANALETTO,Bacino di San Marco (St Mark's Basin),1739.0,18,Italian,landscape,Huile,400.0,245.0,1.6326530612244898,0.18333333333333335,data/raw/images/c/canalett/5/canal512.jpg
c__canalett__5__canal513,images/c__canalett__5__canal513.png,train,https://www.wga.hu/html/c/canalett/5/canal513.html,CANALETTO,The Grand Canal at the Salute Church,1740.0,18,Italian,landscape,Huile,400.0,312.0,1.2820512820512822,0.038461538461538325,data/raw/images/c/canalett/5/canal513.jpg
c__canalett__5__canal514,images/c__canalett__5__canal514.png,train,https://www.wga.hu/html/c/canalett/5/canal514.html,CANALETTO,Entrance to the Grand Canal and the Church of La Salute,1734.5,18,Italian,landscape,Huile,400.0,305.0,1.3114754098360655,0.016393442622950838,data/raw/images/c/canalett/5/canal514.jpg
c__canalett__5__canal515,images/c__canalett__5__canal515.png,train,https://www.wga.hu/html/c/canalett/5/canal515.html,CANALETTO,Venice: The Grand Canal from Palazzo Flangini to the Church of San Marcuola,1738.0,18,Italian,landscape,Huile,400.0,235.0,1.702127659574468,0.21666666666666667,data/raw/images/c/canalett/5/canal515.jpg
c__canalett__5__canal516,images/c__canalett__5__canal516.png,train,https://www.wga.hu/html/c/canalett/5/canal516.html,CANALETTO,Venice: The Bacino from the Giudecca,1740.0,18,Italian,landscape,Huile,400.0,267.0,1.4981273408239701,0.1100000000000001,data/raw/images/c/canalett/5/canal516.jpg
c__canalett__6__canal600,images/c__canalett__6__canal600.png,train,https://www.wga.hu/html/c/canalett/6/canal600.html,CANALETTO,Piazza San Marco in Venice,1740.0,18,Italian,landscape,Huile,400.0,243.0,1.646090534979424,0.19000000000000006,data/raw/images/c/canalett/6/canal600.jpg
c__canalett__6__canal601,images/c__canalett__6__canal601.png,train,https://www.wga.hu/html/c/canalett/6/canal601.html,CANALETTO,The Molo and the Riva degli Schiavoni from the Bacino di San Marco,1740.0,18,Italian,landscape,Huile,400.0,289.0,1.3840830449826989,0.036666666666666625,data/raw/images/c/canalett/6/canal601.jpg
c__canalett__6__canal602,images/c__canalett__6__canal602.png,train,https://www.wga.hu/html/c/canalett/6/canal602.html,CANALETTO,The Bucintore Returning to the Molo on Ascension Day,1740.0,18,Italian,landscape,Huile,400.0,276.0,1.4492753623188406,0.08000000000000007,data/raw/images/c/canalett/6/canal602.jpg
c__canalett__6__canal603,images/c__canalett__6__canal603.png,test,https://www.wga.hu/html/c/canalett/6/canal603.html,CANALETTO,The Molo with the Library and the Entrance to the Grand Canal,1740.0,18,Italian,landscape,Huile,400.0,237.0,1.6877637130801688,0.21000000000000008,data/raw/images/c/canalett/6/canal603.jpg
c__canalett__6__canal6031,images/c__canalett__6__canal6031.png,train,https://www.wga.hu/html/c/canalett/6/canal6031.html,CANALETTO,"Piazza San Marco and the Piazzetta, Looking South",1741.0,18,Italian,landscape,Huile,400.0,296.0,1.3513513513513513,0.013333333333333308,data/raw/images/c/canalett/6/canal6031.jpg
c__canalett__6__canal607,images/c__canalett__6__canal607.png,train,https://www.wga.hu/html/c/canalett/6/canal607.html,CANALETTO,Capriccio: The Ponte della Pescaria and Buildings on the Quay,1743.0,18,Italian,landscape,Huile,400.0,266.0,1.5037593984962405,0.11333333333333329,data/raw/images/c/canalett/6/canal607.jpg
c__canalett__6__canal608,images/c__canalett__6__canal608.png,train,https://www.wga.hu/html/c/canalett/6/canal608.html,CANALETTO,Capriccio: The Horses of San Marco in the Piazzetta,1743.0,18,Italian,landscape,Huile,400.0,331.0,1.2084592145015105,0.09365558912386707,data/raw/images/c/canalett/6/canal608.jpg
c__canalett__6__canal609,images/c__canalett__6__canal609.png,train,https://www.wga.hu/html/c/canalett/6/canal609.html,CANALETTO,Entrance to the Grand Canal: Looking East,1744.0,18,Italian,landscape,Huile,400.0,246.0,1.6260162601626016,0.18000000000000005,data/raw/images/c/canalett/6/canal609.jpg
c__canalett__6__canal610,images/c__canalett__6__canal610.png,train,https://www.wga.hu/html/c/canalett/6/canal610.html,CANALETTO,Capriccio with Venetian Motifs,1742.5,18,Italian,landscape,Huile,400.0,299.0,1.3377926421404682,0.0033333333333334103,data/raw/images/c/canalett/6/canal610.jpg
c__canalett__6__canal611,images/c__canalett__6__canal611.png,train,https://www.wga.hu/html/c/canalett/6/canal611.html,CANALETTO,View of San Giuseppe di Castello,1744.5,18,Italian,landscape,Huile,400.0,236.0,1.694915254237288,0.21333333333333337,data/raw/images/c/canalett/6/canal611.jpg
c__canalett__6__canal613,images/c__canalett__6__canal613.png,train,https://www.wga.hu/html/c/canalett/6/canal613.html,CANALETTO,"View of a River, Perhaps in Padua",1745.0,18,Italian,landscape,Huile,400.0,243.0,1.646090534979424,0.19000000000000006,data/raw/images/c/canalett/6/canal613.jpg
c__canalett__6__canal617,images/c__canalett__6__canal617.png,test,https://www.wga.hu/html/c/canalett/6/canal617.html,CANALETTO,"Capriccio: The Grand Canal, with an Imaginary Rialto Bridge and Other Buildings",1744.5,18,Italian,landscape,Huile,400.0,281.0,1.4234875444839858,0.06333333333333346,data/raw/images/c/canalett/6/canal617.jpg
c__canalett__6__canal619,images/c__canalett__6__canal619.png,train,https://www.wga.hu/html/c/canalett/6/canal619.html,CANALETTO,"The Bucintoro, Venice",1747.5,18,Italian,landscape,Huile,400.0,253.0,1.5810276679841897,0.15666666666666673,data/raw/images/c/canalett/6/canal619.jpg
c__canalett__7__canal701,images/c__canalett__7__canal701.png,train,https://www.wga.hu/html/c/canalett/7/canal701.html,CANALETTO,London: Westminster Bridge from the North on Lord Mayor's Day,1746.0,18,Italian,landscape,Huile,400.0,297.0,1.3468013468013469,0.01000000000000012,data/raw/images/c/canalett/7/canal701.jpg
c__canalett__7__canal702,images/c__canalett__7__canal702.png,test,https://www.wga.hu/html/c/canalett/7/canal702.html,CANALETTO,London: Seen Through an Arch of Westminster Bridge,1746.5,18,Italian,landscape,Huile,400.0,242.0,1.6528925619834711,0.19333333333333336,data/raw/images/c/canalett/7/canal702.jpg
c__canalett__7__canal704,images/c__canalett__7__canal704.png,train,https://www.wga.hu/html/c/canalett/7/canal704.html,CANALETTO,London: Whitehall and the Privy Garden from Richmond House,1747.0,18,Italian,landscape,Huile,400.0,362.0,1.1049723756906078,0.1712707182320441,data/raw/images/c/canalett/7/canal704.jpg
c__canalett__7__canal705,images/c__canalett__7__canal705.png,train,https://www.wga.hu/html/c/canalett/7/canal705.html,CANALETTO,London: The Thames and the City of London from Richmond House,1747.0,18,Italian,landscape,Huile,400.0,365.0,1.095890410958904,0.17808219178082196,data/raw/images/c/canalett/7/canal705.jpg
c__canalett__7__canal708,images/c__canalett__7__canal708.png,test,https://www.wga.hu/html/c/canalett/7/canal708.html,CANALETTO,Warwick Castle: the South Front,1748.0,18,Italian,landscape,Huile,400.0,245.0,1.6326530612244898,0.18333333333333335,data/raw/images/c/canalett/7/canal708.jpg
c__canalett__7__canal710,images/c__canalett__7__canal710.png,train,https://www.wga.hu/html/c/canalett/7/canal710.html,CANALETTO,View of the Old Horse Guards and Banqueting Hall,1749.0,18,Italian,landscape,Huile,400.0,244.0,1.639344262295082,0.18666666666666676,data/raw/images/c/canalett/7/canal710.jpg
c__canalett__7__canal711,images/c__canalett__7__canal711.png,train,https://www.wga.hu/html/c/canalett/7/canal711.html,CANALETTO,"London: Westminster Abbey, with a Procession of Knights of the Bath",1749.0,18,Italian,landscape,Huile,400.0,390.0,1.0256410256410255,0.23076923076923084,data/raw/images/c/canalett/7/canal711.jpg
c__canalett__7__canal712,images/c__canalett__7__canal712.png,train,https://www.wga.hu/html/c/canalett/7/canal712.html,CANALETTO,Warwick Castle: the East Front,1752.0,18,Italian,landscape,Huile,400.0,241.0,1.6597510373443984,0.19666666666666677,data/raw/images/c/canalett/7/canal712.jpg
c__canalett__7__canal713,images/c__canalett__7__canal713.png,train,https://www.wga.hu/html/c/canalett/7/canal713.html,CANALETTO,London: Northumberland House,1752.0,18,Italian,landscape,Huile,400.0,265.0,1.509433962264151,0.11666666666666681,data/raw/images/c/canalett/7/canal713.jpg
c__canalett__7__canal714,images/c__canalett__7__canal714.png,train,https://www.wga.hu/html/c/canalett/7/canal714.html,CANALETTO,London: Greenwich Hospital from the North Bank of the Thames,1753.0,18,Italian,landscape,Huile,400.0,246.0,1.6260162601626016,0.18000000000000005,data/raw/images/c/canalett/7/canal714.jpg
c__canalett__7__canal715,images/c__canalett__7__canal715.png,train,https://www.wga.hu/html/c/canalett/7/canal715.html,CANALETTO,"London: Ranelagh, Interior of the Rotunda",1754.0,18,Italian,landscape,Huile,400.0,250.0,1.6,0.16666666666666674,data/raw/images/c/canalett/7/canal715.jpg
c__canalett__7__canal716,images/c__canalett__7__canal716.png,train,https://www.wga.hu/html/c/canalett/7/canal716.html,CANALETTO,Eton College Chapel,1754.0,18,Italian,landscape,Huile,400.0,230.0,1.7391304347826086,0.2333333333333334,data/raw/images/c/canalett/7/canal716.jpg
c__canalett__7__canal718,images/c__canalett__7__canal718.png,train,https://www.wga.hu/html/c/canalett/7/canal718.html,CANALETTO,Old Walton Bridge,1754.0,18,Italian,landscape,Huile,400.0,248.0,1.6129032258064515,0.17333333333333334,data/raw/images/c/canalett/7/canal718.jpg
c__canalett__8__canal801,images/c__canalett__8__canal801.png,train,https://www.wga.hu/html/c/canalett/8/canal801.html,CANALETTO,Palazzo Ducale and the Piazza di San Marco,1755.0,18,Italian,landscape,Huile,400.0,245.0,1.6326530612244898,0.18333333333333335,data/raw/images/c/canalett/8/canal801.jpg
c__canalett__8__canal803,images/c__canalett__8__canal803.png,train,https://www.wga.hu/html/c/canalett/8/canal803.html,CANALETTO,Piazza San Marco: Looking South-West,1757.0,18,Italian,landscape,Huile,400.0,255.0,1.5686274509803921,0.15000000000000002,data/raw/images/c/canalett/8/canal803.jpg
c__canalett__8__canal804,images/c__canalett__8__canal804.png,train,https://www.wga.hu/html/c/canalett/8/canal804.html,CANALETTO,Grand Canal: Looking South-East from the Campo Santa Sophia to the Rialto Bridge,1756.0,18,Italian,landscape,Huile,400.0,252.0,1.5873015873015872,0.16000000000000003,data/raw/images/c/canalett/8/canal804.jpg
c__canalett__8__canal807,images/c__canalett__8__canal807.png,train,https://www.wga.hu/html/c/canalett/8/canal807.html,CANALETTO,La Vigilia di Santa Marta,1760.0,18,Italian,landscape,Huile,400.0,249.0,1.606425702811245,0.17000000000000004,data/raw/images/c/canalett/8/canal807.jpg
c__canalett__8__canal8082,images/c__canalett__8__canal8082.png,train,https://www.wga.hu/html/c/canalett/8/canal8082.html,CANALETTO,The Lock at Dolo,1763.0,18,Italian,landscape,Huile,400.0,270.0,1.4814814814814814,0.09999999999999998,data/raw/images/c/canalett/8/canal8082.jpg
c__canalett__8__canal810,images/c__canalett__8__canal810.png,train,https://www.wga.hu/html/c/canalett/8/canal810.html,CANALETTO,The Vigilia di San Pietro,1755.0,18,Italian,landscape,Huile,400.0,250.0,1.6,0.16666666666666674,data/raw/images/c/canalett/8/canal810.jpg
c__canalett__8__canal811,images/c__canalett__8__canal811.png,test,https://www.wga.hu/html/c/canalett/8/canal811.html,CANALETTO,The Campo di Rialto,1760.5,18,Italian,landscape,Huile,400.0,248.0,1.6129032258064515,0.17333333333333334,data/raw/images/c/canalett/8/canal811.jpg
c__canalett__8__canal812,images/c__canalett__8__canal812.png,test,https://www.wga.hu/html/c/canalett/8/canal812.html,CANALETTO,Capriccio with Classical Ruins and Buildings,1754.5,18,Italian,landscape,Huile,400.0,326.0,1.2269938650306749,0.07975460122699385,data/raw/images/c/canalett/8/canal812.jpg
c__canalett__8__canal813,images/c__canalett__8__canal813.png,train,https://www.wga.hu/html/c/canalett/8/canal813.html,CANALETTO,"Capriccio with Ruins and Porta Portello, Padua",1754.5,18,Italian,landscape,Huile,400.0,316.0,1.2658227848101267,0.050632911392405,data/raw/images/c/canalett/8/canal813.jpg
c__canalett__8__canal814,images/c__canalett__8__canal814.png,train,https://www.wga.hu/html/c/canalett/8/canal814.html,CANALETTO,Capriccio of a Bridge Leading to a Fortress by the Venetian Lagoon,,18,Italian,landscape,Huile,400.0,275.0,1.4545454545454546,0.08333333333333337,data/raw/images/c/canalett/8/canal814.jpg
c__canella__paris1,images/c__canella__paris1.png,train,https://www.wga.hu/html/c/canella/paris1.html,"CANELLA, Giuseppe","The Pont Neuf, Paris",1830.0,19,Italian,landscape,Huile,400.0,313.0,1.2779552715654952,0.04153354632587858,data/raw/images/c/canella/paris1.jpg
c__canella__paris2,images/c__canella__paris2.png,train,https://www.wga.hu/html/c/canella/paris2.html,"CANELLA, Giuseppe","Palais Brongniart, Place de la Bourse",1836.0,19,Italian,landscape,Huile,400.0,301.0,1.3289036544850499,0.0033222591362125353,data/raw/images/c/canella/paris2.jpg
c__canella__paris3,images/c__canella__paris3.png,train,https://www.wga.hu/html/c/canella/paris3.html,"CANELLA, Giuseppe","The Invalides, Paris",1830.0,19,Italian,landscape,Huile,400.0,306.0,1.3071895424836601,0.019607843137254832,data/raw/images/c/canella/paris3.jpg
c__cappelle__calm,images/c__cappelle__calm.png,test,https://www.wga.hu/html/c/cappelle/calm.html,"CAPPELLE, Jan van de",Calm,1652.5,17,Dutch,landscape,Huile,400.0,311.0,1.2861736334405145,0.03536977491961413,data/raw/images/c/cappelle/calm.jpg
c__cappelle__calm1,images/c__cappelle__calm1.png,test,https://www.wga.hu/html/c/cappelle/calm1.html,"CAPPELLE, Jan van de",Calm,1654.0,17,Dutch,landscape,Huile,400.0,292.0,1.36986301369863,0.026666666666666616,data/raw/images/c/cappelle/calm1.jpg
c__cappelle__calm2,images/c__cappelle__calm2.png,train,https://www.wga.hu/html/c/cappelle/calm2.html,"CAPPELLE, Jan van de",A State Yacht and Other Craft in Calm Water,1660.0,17,Dutch,landscape,Huile,400.0,300.0,1.3333333333333333,0.0,data/raw/images/c/cappelle/calm2.jpg
c__cappelle__calm3,images/c__cappelle__calm3.png,train,https://www.wga.hu/html/c/cappelle/calm3.html,"CAPPELLE, Jan van de",Shipping in a Calm,1649.0,17,Dutch,landscape,Huile,400.0,296.0,1.3513513513513513,0.013333333333333308,data/raw/images/c/cappelle/calm3.jpg
c__cappelle__saluting,images/c__cappelle__saluting.png,train,https://www.wga.hu/html/c/cappelle/saluting.html,"CAPPELLE, Jan van de",The State Barge Saluted by the Home Fleet,1650.0,17,Dutch,landscape,Huile,400.0,269.0,1.486988847583643,0.10333333333333328,data/raw/images/c/cappelle/saluting.jpg
c__cappelle__salvo,images/c__cappelle__salvo.png,train,https://www.wga.hu/html/c/cappelle/salvo.html,"CAPPELLE, Jan van de",Dutch Yacht Firing a Salvo,1650.0,17,Dutch,landscape,Huile,400.0,292.0,1.36986301369863,0.026666666666666616,data/raw/images/c/cappelle/salvo.jpg
c__cappelle__seascap1,images/c__cappelle__seascap1.png,train,https://www.wga.hu/html/c/cappelle/seascap1.html,"CAPPELLE, Jan van de",Seascape with Fishermen and Figures on a Pier,1651.0,17,Dutch,landscape,Huile,400.0,259.0,1.5444015444015444,0.13666666666666671,data/raw/images/c/cappelle/seascap1.jpg
c__cappelle__seascape,images/c__cappelle__seascape.png,train,https://www.wga.hu/html/c/cappelle/seascape.html,"CAPPELLE, Jan van de",Seascape with Sailing Boats,1652.0,17,Dutch,landscape,Huile,400.0,355.0,1.1267605633802817,0.15492957746478864,data/raw/images/c/cappelle/seascape.jpg
c__cappelle__winter_n,images/c__cappelle__winter_n.png,train,https://www.wga.hu/html/c/cappelle/winter_n.html,"CAPPELLE, Jan van de",Winter Landscape,,17,Dutch,landscape,Huile,400.0,355.0,1.1267605633802817,0.15492957746478864,data/raw/images/c/cappelle/winter_n.jpg
c__cariani__reclinin,images/c__cariani__reclinin.png,train,https://www.wga.hu/html/c/cariani/reclinin.html,"CARIANI, Giovanni",Reclining Woman in a Landscape,1522.0,16,Italian,landscape,Huile,400.0,312.0,1.2820512820512822,0.038461538461538325,data/raw/images/c/cariani/reclinin.jpg
c__carlevar__carlev01,images/c__carlevar__carlev01.png,train,https://www.wga.hu/html/c/carlevar/carlev01.html,"CARLEVARIS, Luca",Seascape,1694.5,18,Italian,landscape,Huile,400.0,325.0,1.2307692307692308,0.07692307692307687,data/raw/images/c/carlevar/carlev01.jpg
c__carlevar__carlev06,images/c__carlevar__carlev06.png,test,https://www.wga.hu/html/c/carlevar/carlev06.html,"CARLEVARIS, Luca","The Wharf, Looking toward the Doge's Palace",,18,Italian,landscape,Huile,400.0,239.0,1.6736401673640167,0.20333333333333337,data/raw/images/c/carlevar/carlev06.jpg
c__carlevar__carlev07,images/c__carlevar__carlev07.png,train,https://www.wga.hu/html/c/carlevar/carlev07.html,"CARLEVARIS, Luca",Piazza San Marco with Jugglers,,18,Italian,landscape,Huile,400.0,242.0,1.6528925619834711,0.19333333333333336,data/raw/images/c/carlevar/carlev07.jpg
c__carlevar__carlev08,images/c__carlevar__carlev08.png,train,https://www.wga.hu/html/c/carlevar/carlev08.html,"CARLEVARIS, Luca",The Molo with the Ducal Palace,1710.0,18,Italian,landscape,Huile,400.0,248.0,1.6129032258064515,0.17333333333333334,data/raw/images/c/carlevar/carlev08.jpg
c__carlevar__carlev09,images/c__carlevar__carlev09.png,train,https://www.wga.hu/html/c/carlevar/carlev09.html,"CARLEVARIS, Luca",The Bridge for the Feast of the Madonna della Salute,1720.0,18,Italian,landscape,Huile,400.0,316.0,1.2658227848101267,0.050632911392405,data/raw/images/c/carlevar/carlev09.jpg
c__carlevar__carlev13,images/c__carlevar__carlev13.png,train,https://www.wga.hu/html/c/carlevar/carlev13.html,"CARLEVARIS, Luca",View of a River Port,1711.0,18,Italian,landscape,Huile,400.0,254.0,1.5748031496062993,0.15333333333333343,data/raw/images/c/carlevar/carlev13.jpg
c__carlevar__carlev131,images/c__carlevar__carlev131.png,train,https://www.wga.hu/html/c/carlevar/carlev131.html,"CARLEVARIS, Luca",View of a River Port,1711.0,18,Italian,landscape,Huile,400.0,246.0,1.6260162601626016,0.18000000000000005,data/raw/images/c/carlevar/carlev131.jpg
c__carlevar__carlev14,images/c__carlevar__carlev14.png,train,https://www.wga.hu/html/c/carlevar/carlev14.html,"CARLEVARIS, Luca",Capriccio View of a Mediterranean Port,1714.0,18,Italian,landscape,Huile,400.0,229.0,1.7467248908296944,0.2366666666666667,data/raw/images/c/carlevar/carlev14.jpg
c__carlevar__carlev140,images/c__carlevar__carlev140.png,train,https://www.wga.hu/html/c/carlevar/carlev140.html,"CARLEVARIS, Luca",A Mediterranean Port Scene,1713.0,18,Italian,landscape,Huile,400.0,252.0,1.5873015873015872,0.16000000000000003,data/raw/images/c/carlevar/carlev140.jpg
c__carlevar__carlev141,images/c__carlevar__carlev141.png,train,https://www.wga.hu/html/c/carlevar/carlev141.html,"CARLEVARIS, Luca",River Landscape with a Capriccio,1713.0,18,Italian,landscape,Huile,400.0,233.0,1.7167381974248928,0.22333333333333338,data/raw/images/c/carlevar/carlev141.jpg
c__carpi__landscap,images/c__carpi__landscap.png,train,https://www.wga.hu/html/c/carpi/landscap.html,"CARPI, Girolamo da",Landscape with Magicians,1525.0,16,Italian,landscape,Huile,400.0,292.0,1.36986301369863,0.026666666666666616,data/raw/images/c/carpi/landscap.jpg
c__carracci__agostino__landscap,images/c__carracci__agostino__landscap.png,train,https://www.wga.hu/html/c/carracci/agostino/landscap.html,"CARRACCI, Agostino",Landscape with Bathers,1598.0,16,Italian,landscape,Huile,400.0,322.0,1.2422360248447204,0.06832298136645965,data/raw/images/c/carracci/agostino/landscap.jpg
c__carracci__annibale__1__river_la,images/c__carracci__annibale__1__river_la.png,train,https://www.wga.hu/html/c/carracci/annibale/1/river_la.html,"CARRACCI, Annibale",River Landscape,1589.5,16,Italian,landscape,Huile,400.0,233.0,1.7167381974248928,0.22333333333333338,data/raw/images/c/carracci/annibale/1/river_la.jpg
c__carracci__annibale__2__landscap,images/c__carracci__annibale__2__landscap.png,test,https://www.wga.hu/html/c/carracci/annibale/2/landscap.html,"CARRACCI, Annibale",Landscape with the Toilet of Venus,1607.5,16,Italian,landscape,Huile,400.0,358.0,1.1173184357541899,0.16201117318435754,data/raw/images/c/carracci/annibale/2/landscap.jpg
c__carracci__antonio__landscap,images/c__carracci__antonio__landscap.png,train,https://www.wga.hu/html/c/carracci/antonio/landscap.html,"CARRACCI, Antonio",Landscape with Bathers,1616.0,17,Italian,landscape,Huile,400.0,263.0,1.520912547528517,0.1233333333333333,data/raw/images/c/carracci/antonio/landscap.jpg
c__carus__morn_fog,images/c__carus__morn_fog.png,train,https://www.wga.hu/html/c/carus/morn_fog.html,"CARUS, Carl Gustav",Morning Fog,1825.0,19,German,landscape,Techniques sur papier,400.0,292.0,1.36986301369863,0.026666666666666616,data/raw/images/c/carus/morn_fog.jpg
c__carus__oaks_sea,images/c__carus__oaks_sea.png,train,https://www.wga.hu/html/c/carus/oaks_sea.html,"CARUS, Carl Gustav",Oaks at the Sea Shore,1835.0,19,German,landscape,Huile,400.0,273.0,1.465201465201465,0.08999999999999997,data/raw/images/c/carus/oaks_sea.jpg
c__cassatt__meadow,images/c__cassatt__meadow.png,train,https://www.wga.hu/html/c/cassatt/meadow.html,"CASSATT, Mary",On the Meadow,1880.0,19,American,landscape,Huile,400.0,327.0,1.2232415902140672,0.0825688073394496,data/raw/images/c/cassatt/meadow.jpg
c__cassatt__summerti,images/c__cassatt__summerti.png,train,https://www.wga.hu/html/c/cassatt/summerti.html,"CASSATT, Mary",Summertime,1894.0,19,American,landscape,Huile,400.0,288.0,1.3888888888888888,0.040000000000000036,data/raw/images/c/cassatt/summerti.jpg
c__casteels__birds2,images/c__casteels__birds2.png,train,https://www.wga.hu/html/c/casteels/birds2.html,"CASTEELS, Pieter",Birds in Parkland Setting,1729.0,18,Flemish,landscape,Huile,400.0,383.0,1.0443864229765014,0.21671018276762388,data/raw/images/c/casteels/birds2.jpg
c__casteels__birds3,images/c__casteels__birds3.png,train,https://www.wga.hu/html/c/casteels/birds3.html,"CASTEELS, Pieter",Birds in Elegant Park,1723.0,18,Flemish,landscape,Huile,400.0,266.0,1.5037593984962405,0.11333333333333329,data/raw/images/c/casteels/birds3.jpg
c__casteels__birds5,images/c__casteels__birds5.png,train,https://www.wga.hu/html/c/casteels/birds5.html,"CASTEELS, Pieter",Farmyard,,18,Flemish,landscape,Huile,400.0,355.0,1.1267605633802817,0.15492957746478864,data/raw/images/c/casteels/birds5.jpg
c__casteels__birds6,images/c__casteels__birds6.png,train,https://www.wga.hu/html/c/casteels/birds6.html,"CASTEELS, Pieter",Waterfowl on a Pond with Other Birds in a Parkland Setting,1726.0,18,Flemish,landscape,Huile,400.0,284.0,1.408450704225352,0.053333333333333344,data/raw/images/c/casteels/birds6.jpg
c__castillo__landscap,images/c__castillo__landscap.png,train,https://www.wga.hu/html/c/castillo/landscap.html,"CASTILLO, Antonio del",Landscape with Huts,1654.5,17,Spanish,landscape,Huile,400.0,297.0,1.3468013468013469,0.01000000000000012,data/raw/images/c/castillo/landscap.jpg
c__catel__ariccia,images/c__catel__ariccia.png,train,https://www.wga.hu/html/c/catel/ariccia.html,"CATEL, Franz Ludwig",View of Ariccia with the Sea in the Background,1823.0,19,German,landscape,Huile,400.0,288.0,1.3888888888888888,0.040000000000000036,data/raw/images/c/catel/ariccia.jpg
c__catel__garden,images/c__catel__garden.png,train,https://www.wga.hu/html/c/catel/garden.html,"CATEL, Franz Ludwig",Garden of the Villa Doria Pamphili in Rome,1837.5,19,German,landscape,Huile,400.0,261.0,1.5325670498084292,0.13000000000000012,data/raw/images/c/catel/garden.jpg
c__catel__nightpie,images/c__catel__nightpie.png,train,https://www.wga.hu/html/c/catel/nightpie.html,"CATEL, Franz Ludwig",Night Piece from the Closing Scene of 'René' by Chateaubriand,1820.0,19,German,landscape,Huile,400.0,314.0,1.2738853503184713,0.04458598726114649,data/raw/images/c/catel/nightpie.jpg
c__caullery__campidog,images/c__caullery__campidog.png,train,https://www.wga.hu/html/c/caullery/campidog.html,"CAULLERY, Louis de","A View of the Campidoglio, Rome",,17,Flemish,landscape,Huile,400.0,277.0,1.444043321299639,0.07666666666666677,data/raw/images/c/caullery/campidog.jpg
c__caullery__capricci,images/c__caullery__capricci.png,train,https://www.wga.hu/html/c/caullery/capricci.html,"CAULLERY, Louis de",Capriccio View of Venice with the Bucintoro,,17,Flemish,landscape,Huile,400.0,279.0,1.4336917562724014,0.07000000000000006,data/raw/images/c/caullery/capricci.jpg
c__cazin__cazin2,images/c__cazin__cazin2.png,train,https://www.wga.hu/html/c/cazin/cazin2.html,"CAZIN, Jean-Charles",Riverbank with Bathers,1882.0,19,French,landscape,Huile,400.0,350.0,1.1428571428571428,0.1428571428571429,data/raw/images/c/cazin/cazin2.jpg
c__cazin__cazin3,images/c__cazin__cazin3.png,train,https://www.wga.hu/html/c/cazin/cazin3.html,"CAZIN, Jean-Charles",Rainbow,1883.0,19,French,landscape,Huile,400.0,323.0,1.238390092879257,0.07120743034055721,data/raw/images/c/cazin/cazin3.jpg
c__cezanne__1__09early,images/c__cezanne__1__09early.png,train,https://www.wga.hu/html/c/cezanne/1/09early.html,"CÉZANNE, Paul",The Railway Cutting,1870.0,19,French,landscape,Huile,400.0,247.0,1.6194331983805668,0.17666666666666664,data/raw/images/c/cezanne/1/09early.jpg
c__cezanne__1__10early,images/c__cezanne__1__10early.png,train,https://www.wga.hu/html/c/cezanne/1/10early.html,"CÉZANNE, Paul",Snow Thaw in L'Estaque,1870.0,19,French,landscape,Huile,400.0,316.0,1.2658227848101267,0.050632911392405,data/raw/images/c/cezanne/1/10early.jpg
c__cezanne__1__12early,images/c__cezanne__1__12early.png,train,https://www.wga.hu/html/c/cezanne/1/12early.html,"CÉZANNE, Paul",Landscape,1870.5,19,French,landscape,Huile,400.0,331.0,1.2084592145015105,0.09365558912386707,data/raw/images/c/cezanne/1/12early.jpg
c__cezanne__2__1lands04,images/c__cezanne__2__1lands04.png,train,https://www.wga.hu/html/c/cezanne/2/1lands04.html,"CÉZANNE, Paul","House of the Hanged Man, Auvers-sur_Oise",1873.0,19,French,landscape,Huile,400.0,324.0,1.2345679012345678,0.07407407407407407,data/raw/images/c/cezanne/2/1lands04.jpg
c__cezanne__2__1lands06,images/c__cezanne__2__1lands06.png,train,https://www.wga.hu/html/c/cezanne/2/1lands06.html,"CÉZANNE, Paul",Sunday Afternoon,1874.0,19,French,landscape,Huile,400.0,270.0,1.4814814814814814,0.09999999999999998,data/raw/images/c/cezanne/2/1lands06.jpg
c__cezanne__2__1lands07,images/c__cezanne__2__1lands07.png,train,https://www.wga.hu/html/c/cezanne/2/1lands07.html,"CÉZANNE, Paul",View of Auvers,1874.0,19,French,landscape,Huile,400.0,319.0,1.2539184952978057,0.059561128526645635,data/raw/images/c/cezanne/2/1lands07.jpg
c__cezanne__2__1lands08,images/c__cezanne__2__1lands08.png,train,https://www.wga.hu/html/c/cezanne/2/1lands08.html,"CÉZANNE, Paul",Trees in the Jas de Bouffan,1875.5,19,French,landscape,Huile,400.0,288.0,1.3888888888888888,0.040000000000000036,data/raw/images/c/cezanne/2/1lands08.jpg
c__cezanne__2__1lands09,images/c__cezanne__2__1lands09.png,train,https://www.wga.hu/html/c/cezanne/2/1lands09.html,"CÉZANNE, Paul",The Sea at L'Estaque,1876.0,19,French,landscape,Huile,400.0,288.0,1.3888888888888888,0.040000000000000036,data/raw/images/c/cezanne/2/1lands09.jpg
c__cezanne__2__1lands10,images/c__cezanne__2__1lands10.png,train,https://www.wga.hu/html/c/cezanne/2/1lands10.html,"CÉZANNE, Paul",Roofs,1877.0,19,French,landscape,Huile,400.0,332.0,1.2048192771084338,0.09638554216867457,data/raw/images/c/cezanne/2/1lands10.jpg
c__cezanne__2__1lands11,images/c__cezanne__2__1lands11.png,test,https://www.wga.hu/html/c/cezanne/2/1lands11.html,"CÉZANNE, Paul",The Gulf of Marseille Seen from L'Estaque,1878.0,19,French,landscape,Huile,400.0,323.0,1.238390092879257,0.07120743034055721,data/raw/images/c/cezanne/2/1lands11.jpg
c__cezanne__2__1lands12,images/c__cezanne__2__1lands12.png,train,https://www.wga.hu/html/c/cezanne/2/1lands12.html,"CÉZANNE, Paul",The Bridge at Maincy,1879.0,19,French,landscape,Huile,400.0,320.0,1.25,0.0625,data/raw/images/c/cezanne/2/1lands12.jpg
c__cezanne__2__1lands13,images/c__cezanne__2__1lands13.png,train,https://www.wga.hu/html/c/cezanne/2/1lands13.html,"CÉZANNE, Paul",Château de Médan,1880.0,19,French,landscape,Huile,400.0,325.0,1.2307692307692308,0.07692307692307687,data/raw/images/c/cezanne/2/1lands13.jpg
c__cezanne__2__2nudes5,images/c__cezanne__2__2nudes5.png,train,https://www.wga.hu/html/c/cezanne/2/2nudes5.html,"CÉZANNE, Paul",Afternoon in Naples,1873.5,19,French,landscape,Huile,400.0,331.0,1.2084592145015105,0.09365558912386707,data/raw/images/c/cezanne/2/2nudes5.jpg
c__cezanne__3__1lands01,images/c__cezanne__3__1lands01.png,train,https://www.wga.hu/html/c/cezanne/3/1lands01.html,"CÉZANNE, Paul",The Bridge at Maincy,1883.5,19,French,landscape,Huile,400.0,322.0,1.2422360248447204,0.06832298136645965,data/raw/images/c/cezanne/3/1lands01.jpg
c__cezanne__3__1lands02,images/c__cezanne__3__1lands02.png,train,https://www.wga.hu/html/c/cezanne/3/1lands02.html,"CÉZANNE, Paul",Mont Sainte-Victoire and the Viaduct of the Arc River Valley,1883.5,19,French,landscape,Huile,400.0,321.0,1.2461059190031152,0.06542056074766356,data/raw/images/c/cezanne/3/1lands02.jpg
c__cezanne__3__1lands04,images/c__cezanne__3__1lands04.png,train,https://www.wga.hu/html/c/cezanne/3/1lands04.html,"CÉZANNE, Paul",Rocks at L'Estaque,1883.5,19,French,landscape,Huile,400.0,317.0,1.2618296529968454,0.05362776025236593,data/raw/images/c/cezanne/3/1lands04.jpg
c__cezanne__3__1lands05,images/c__cezanne__3__1lands05.png,train,https://www.wga.hu/html/c/cezanne/3/1lands05.html,"CÉZANNE, Paul",The Sea at L'Estaque,1884.5,19,French,landscape,Huile,400.0,317.0,1.2618296529968454,0.05362776025236593,data/raw/images/c/cezanne/3/1lands05.jpg
c__cezanne__3__1lands06,images/c__cezanne__3__1lands06.png,train,https://www.wga.hu/html/c/cezanne/3/1lands06.html,"CÉZANNE, Paul",House and Farm at Jas de Bouffan,1886.0,19,French,landscape,Huile,400.0,332.0,1.2048192771084338,0.09638554216867457,data/raw/images/c/cezanne/3/1lands06.jpg
c__cezanne__3__1lands07,images/c__cezanne__3__1lands07.png,train,https://www.wga.hu/html/c/cezanne/3/1lands07.html,"CÉZANNE, Paul",Chestnut Trees at the Jas de Bouffan in Winter,1886.0,19,French,landscape,Huile,400.0,322.0,1.2422360248447204,0.06832298136645965,data/raw/images/c/cezanne/3/1lands07.jpg
c__cezanne__3__1lands09,images/c__cezanne__3__1lands09.png,train,https://www.wga.hu/html/c/cezanne/3/1lands09.html,"CÉZANNE, Paul",Mont Sainte-Victoire,1887.0,19,French,landscape,Huile,400.0,289.0,1.3840830449826989,0.036666666666666625,data/raw/images/c/cezanne/3/1lands09.jpg
c__cezanne__4__3lands01,images/c__cezanne__4__3lands01.png,train,https://www.wga.hu/html/c/cezanne/4/3lands01.html,"CÉZANNE, Paul",Mont Sainte-Victoire,1892.0,19,French,landscape,Huile,400.0,335.0,1.1940298507462686,0.10447761194029859,data/raw/images/c/cezanne/4/3lands01.jpg
c__cezanne__4__3lands03,images/c__cezanne__4__3lands03.png,train,https://www.wga.hu/html/c/cezanne/4/3lands03.html,"CÉZANNE, Paul",Rocks in the Forest,1893.0,19,French,landscape,Huile,400.0,314.0,1.2738853503184713,0.04458598726114649,data/raw/images/c/cezanne/4/3lands03.jpg
c__cezanne__4__3lands04,images/c__cezanne__4__3lands04.png,train,https://www.wga.hu/html/c/cezanne/4/3lands04.html,"CÉZANNE, Paul",View of Château Noir,1895.0,19,French,landscape,Huile,400.0,316.0,1.2658227848101267,0.050632911392405,data/raw/images/c/cezanne/4/3lands04.jpg
c__cezanne__4__3lands05,images/c__cezanne__4__3lands05.png,train,https://www.wga.hu/html/c/cezanne/4/3lands05.html,"CÉZANNE, Paul",Lake Annecy,1896.0,19,French,landscape,Huile,400.0,327.0,1.2232415902140672,0.0825688073394496,data/raw/images/c/cezanne/4/3lands05.jpg
c__cezanne__4__3lands06,images/c__cezanne__4__3lands06.png,train,https://www.wga.hu/html/c/cezanne/4/3lands06.html,"CÉZANNE, Paul",Large Pine near Aix,1896.0,19,French,landscape,Huile,400.0,323.0,1.238390092879257,0.07120743034055721,data/raw/images/c/cezanne/4/3lands06.jpg
c__cezanne__4__3lands07,images/c__cezanne__4__3lands07.png,train,https://www.wga.hu/html/c/cezanne/4/3lands07.html,"CÉZANNE, Paul",Mont Sainte-Victoire,1897.0,19,French,landscape,Huile,400.0,310.0,1.2903225806451613,0.032258064516129004,data/raw/images/c/cezanne/4/3lands07.jpg
c__cezanne__4__3lands09,images/c__cezanne__4__3lands09.png,train,https://www.wga.hu/html/c/cezanne/4/3lands09.html,"CÉZANNE, Paul",The Mill,1899.0,19,French,landscape,Huile,400.0,317.0,1.2618296529968454,0.05362776025236593,data/raw/images/c/cezanne/4/3lands09.jpg
c__cezanne__4__3lands10,images/c__cezanne__4__3lands10.png,train,https://www.wga.hu/html/c/cezanne/4/3lands10.html,"CÉZANNE, Paul",Quarry at Bibémus,1899.0,19,French,landscape,Huile,400.0,319.0,1.2539184952978057,0.059561128526645635,data/raw/images/c/cezanne/4/3lands10.jpg
c__cezanne__5__3victor0,images/c__cezanne__5__3victor0.png,train,https://www.wga.hu/html/c/cezanne/5/3victor0.html,"CÉZANNE, Paul",Mont Sainte-Victoire Seen from Bibémus,1899.0,19,French,landscape,Huile,400.0,325.0,1.2307692307692308,0.07692307692307687,data/raw/images/c/cezanne/5/3victor0.jpg
c__cezanne__5__3victor1,images/c__cezanne__5__3victor1.png,train,https://www.wga.hu/html/c/cezanne/5/3victor1.html,"CÉZANNE, Paul",Mont Sainte-Victoire and Château Noir,1905.0,19,French,landscape,Huile,400.0,337.0,1.1869436201780414,0.10979228486646886,data/raw/images/c/cezanne/5/3victor1.jpg
c__cezanne__5__3victor2,images/c__cezanne__5__3victor2.png,train,https://www.wga.hu/html/c/cezanne/5/3victor2.html,"CÉZANNE, Paul",Mont Sainte-Victoire,1905.0,19,French,landscape,Huile,400.0,295.0,1.3559322033898304,0.01666666666666672,data/raw/images/c/cezanne/5/3victor2.jpg
c__cezanne__5__3victor3,images/c__cezanne__5__3victor3.png,train,https://www.wga.hu/html/c/cezanne/5/3victor3.html,"CÉZANNE, Paul",Mont Sainte-Victoire Seen from Les Lauves,1905.0,19,French,landscape,Huile,400.0,327.0,1.2232415902140672,0.0825688073394496,data/raw/images/c/cezanne/5/3victor3.jpg
c__cezanne__5__3victor4,images/c__cezanne__5__3victor4.png,train,https://www.wga.hu/html/c/cezanne/5/3victor4.html,"CÉZANNE, Paul",Mont Sainte-Victoire Seen from Les Lauves,1905.0,19,French,landscape,Huile,400.0,331.0,1.2084592145015105,0.09365558912386707,data/raw/images/c/cezanne/5/3victor4.jpg
c__cezanne__5__3victor5,images/c__cezanne__5__3victor5.png,train,https://www.wga.hu/html/c/cezanne/5/3victor5.html,"CÉZANNE, Paul",Mont Sainte-Victoire Seen from Les Lauves,1905.0,19,French,landscape,Huile,400.0,307.0,1.3029315960912051,0.0228013029315961,data/raw/images/c/cezanne/5/3victor5.jpg
c__cezanne__5__3victor6,images/c__cezanne__5__3victor6.png,train,https://www.wga.hu/html/c/cezanne/5/3victor6.html,"CÉZANNE, Paul",Mont Sainte-Victoire,1904.0,19,French,landscape,Huile,400.0,323.0,1.238390092879257,0.07120743034055721,data/raw/images/c/cezanne/5/3victor6.jpg
c__champaig__philippe__miracles,images/c__champaig__philippe__miracles.png,train,https://www.wga.hu/html/c/champaig/philippe/miracles.html,"CHAMPAIGNE, Philippe de",The Miracles of the Penitent St Mary,1656.0,17,French,landscape,Huile,400.0,255.0,1.5686274509803921,0.15000000000000002,data/raw/images/c/champaig/philippe/miracles.jpg
c__charles__picnic,images/c__charles__picnic.png,train,https://www.wga.hu/html/c/charles/picnic.html,"CHARLES, James",The Picnic,1904.0,19,English,landscape,Huile,400.0,270.0,1.4814814814814814,0.09999999999999998,data/raw/images/c/charles/picnic.jpg
c__chase__breakfas,images/c__chase__breakfas.png,train,https://www.wga.hu/html/c/chase/breakfas.html,"CHASE, William Merritt",The Open Air Breakfast,1888.0,19,American,landscape,Huile,400.0,256.0,1.5625,0.14666666666666672,data/raw/images/c/chase/breakfas.jpg
c__chase__shinneck,images/c__chase__shinneck.png,train,https://www.wga.hu/html/c/chase/shinneck.html,"CHASE, William Merritt",The Shinnecock Hills,1895.0,19,American,landscape,Huile,400.0,323.0,1.238390092879257,0.07120743034055721,data/raw/images/c/chase/shinneck.jpg
c__chauvin__italian1,images/c__chauvin__italian1.png,train,https://www.wga.hu/html/c/chauvin/italian1.html,"CHAUVIN, Pierre-Athanase",Italian Landscape,,19,French,landscape,Huile,400.0,398.0,1.0050251256281406,0.24623115577889454,data/raw/images/c/chauvin/italian1.jpg
c__chilone__piazzett,images/c__chilone__piazzett.png,train,https://www.wga.hu/html/c/chilone/piazzett.html,"CHILONE, Vincenzo","View of the Piazzetta, Venice",,19,Italian,landscape,Huile,400.0,262.0,1.5267175572519085,0.12666666666666682,data/raw/images/c/chilone/piazzett.jpg
c__church__autumn,images/c__church__autumn.png,test,https://www.wga.hu/html/c/church/autumn.html,"CHURCH, Frederic Edwin",Autumn,1875.0,19,American,landscape,Huile,400.0,249.0,1.606425702811245,0.17000000000000004,data/raw/images/c/church/autumn.jpg
c__church__wilderne,images/c__church__wilderne.png,train,https://www.wga.hu/html/c/church/wilderne.html,"CHURCH, Frederic Edwin",Cross in the Wilderness,1857.0,19,American,landscape,Huile,400.0,269.0,1.486988847583643,0.10333333333333328,data/raw/images/c/church/wilderne.jpg
c__ciardi__morning,images/c__ciardi__morning.png,train,https://www.wga.hu/html/c/ciardi/morning.html,"CIARDI, Guglielmo",May Morning,1869.0,19,Italian,landscape,Huile,400.0,286.0,1.3986013986013985,0.046666666666666634,data/raw/images/c/ciardi/morning.jpg
c__ciardi__summer,images/c__ciardi__summer.png,train,https://www.wga.hu/html/c/ciardi/summer.html,"CIARDI, Guglielmo",Summer,1879.0,19,Italian,landscape,Huile,400.0,241.0,1.6597510373443984,0.19666666666666677,data/raw/images/c/ciardi/summer.jpg
c__cignarol__scipione__viewsusa,images/c__cignarol__scipione__viewsusa.png,train,https://www.wga.hu/html/c/cignarol/scipione/viewsusa.html,"CIGNAROLI, Scipione",View of the Susa Valley,1735.0,18,Italian,landscape,Huile,400.0,299.0,1.3377926421404682,0.0033333333333334103,data/raw/images/c/cignarol/scipione/viewsusa.jpg
c__cimaroli__brenta1,images/c__cimaroli__brenta1.png,train,https://www.wga.hu/html/c/cimaroli/brenta1.html,"CIMAROLI, Giovanni Battista",Village Scene on the Brenta Canal,,18,Italian,landscape,Huile,400.0,280.0,1.4285714285714286,0.06666666666666676,data/raw/images/c/cimaroli/brenta1.jpg
c__claude__1__00landsc,images/c__claude__1__00landsc.png,train,https://www.wga.hu/html/c/claude/1/00landsc.html,CLAUDE LORRAIN,Landscape with Merchants,1630.0,17,French,landscape,Huile,400.0,263.0,1.520912547528517,0.1233333333333333,data/raw/images/c/claude/1/00landsc.jpg
c__claude__1__01mill,images/c__claude__1__01mill.png,test,https://www.wga.hu/html/c/claude/1/01mill.html,CLAUDE LORRAIN,The Mill,1631.0,17,French,landscape,Huile,400.0,292.0,1.36986301369863,0.026666666666666616,data/raw/images/c/claude/1/01mill.jpg
c__claude__1__01vaccin,images/c__claude__1__01vaccin.png,train,https://www.wga.hu/html/c/claude/1/01vaccin.html,CLAUDE LORRAIN,"The Campo Vaccino, Rome",,17,French,landscape,Huile,400.0,305.0,1.3114754098360655,0.016393442622950838,data/raw/images/c/claude/1/01vaccin.jpg
c__claude__1__021medit,images/c__claude__1__021medit.png,train,https://www.wga.hu/html/c/claude/1/021medit.html,CLAUDE LORRAIN,A Mediterranean Seaport,1634.0,17,French,landscape,Huile,400.0,295.0,1.3559322033898304,0.01666666666666672,data/raw/images/c/claude/1/021medit.jpg
c__claude__1__022itali,images/c__claude__1__022itali.png,train,https://www.wga.hu/html/c/claude/1/022itali.html,CLAUDE LORRAIN,Italianate Landscape,1635.0,17,French,landscape,Huile,400.0,269.0,1.486988847583643,0.10333333333333328,data/raw/images/c/claude/1/022itali.jpg
c__claude__1__02campid,images/c__claude__1__02campid.png,train,https://www.wga.hu/html/c/claude/1/02campid.html,CLAUDE LORRAIN,Seaport with the Campidoglio,1636.0,17,French,landscape,Huile,400.0,301.0,1.3289036544850499,0.0033222591362125353,data/raw/images/c/claude/1/02campid.jpg
c__claude__1__02forest,images/c__claude__1__02forest.png,train,https://www.wga.hu/html/c/claude/1/02forest.html,CLAUDE LORRAIN,Forest Path with Herdsmen and Herd,1633.0,17,French,landscape,Huile,400.0,236.0,1.694915254237288,0.21333333333333337,data/raw/images/c/claude/1/02forest.jpg
c__claude__1__02gegypt,images/c__claude__1__02gegypt.png,train,https://www.wga.hu/html/c/claude/1/02gegypt.html,CLAUDE LORRAIN,The Flight into Egypt,1635.0,17,French,landscape,Huile,400.0,291.0,1.3745704467353952,0.030000000000000027,data/raw/images/c/claude/1/02gegypt.jpg
c__claude__1__02medici,images/c__claude__1__02medici.png,train,https://www.wga.hu/html/c/claude/1/02medici.html,CLAUDE LORRAIN,Port Scene with the Villa Medici,1637.0,17,French,landscape,Huile,400.0,300.0,1.3333333333333333,0.0,data/raw/images/c/claude/1/02medici.jpg
c__claude__1__05ursula,images/c__claude__1__05ursula.png,test,https://www.wga.hu/html/c/claude/1/05ursula.html,CLAUDE LORRAIN,Port Scene with the Embarkation of St Ursula,1641.0,17,French,landscape,Huile,400.0,300.0,1.3333333333333333,0.0,data/raw/images/c/claude/1/05ursula.jpg
c__claude__1__06cleopa,images/c__claude__1__06cleopa.png,train,https://www.wga.hu/html/c/claude/1/06cleopa.html,CLAUDE LORRAIN,The Disembarkation of Cleopatra at Tarsus,1642.5,17,French,landscape,Huile,400.0,320.0,1.25,0.0625,data/raw/images/c/claude/1/06cleopa.jpg
c__claude__1__07italia,images/c__claude__1__07italia.png,train,https://www.wga.hu/html/c/claude/1/07italia.html,CLAUDE LORRAIN,Italian Coastal Landscape,1642.0,17,French,landscape,Huile,400.0,293.0,1.3651877133105803,0.023333333333333428,data/raw/images/c/claude/1/07italia.jpg
c__claude__1__08tivoli,images/c__claude__1__08tivoli.png,train,https://www.wga.hu/html/c/claude/1/08tivoli.html,CLAUDE LORRAIN,Imaginary View of Tivoli,1642.0,17,French,landscape,Huile,400.0,326.0,1.2269938650306749,0.07975460122699385,data/raw/images/c/claude/1/08tivoli.jpg
c__claude__1__09trojan,images/c__claude__1__09trojan.png,train,https://www.wga.hu/html/c/claude/1/09trojan.html,CLAUDE LORRAIN,Marine with the Trojans Burning their Boats,1643.0,17,French,landscape,Huile,400.0,272.0,1.4705882352941178,0.09333333333333349,data/raw/images/c/claude/1/09trojan.jpg
c__claude__1__10harbor,images/c__claude__1__10harbor.png,train,https://www.wga.hu/html/c/claude/1/10harbor.html,CLAUDE LORRAIN,Harbour Scene with Grieving Heliades,1640.0,17,French,landscape,Huile,400.0,279.0,1.4336917562724014,0.07000000000000006,data/raw/images/c/claude/1/10harbor.jpg
c__claude__1__11harbor,images/c__claude__1__11harbor.png,train,https://www.wga.hu/html/c/claude/1/11harbor.html,CLAUDE LORRAIN,Harbour Scene at Sunset,1643.0,17,French,landscape,Huile,400.0,313.0,1.2779552715654952,0.04153354632587858,data/raw/images/c/claude/1/11harbor.jpg
c__claude__2__02pontmo,images/c__claude__2__02pontmo.png,train,https://www.wga.hu/html/c/claude/2/02pontmo.html,CLAUDE LORRAIN,Landscape with Shepherds - The Pont Molle,1645.0,17,French,landscape,Huile,400.0,284.0,1.408450704225352,0.053333333333333344,data/raw/images/c/claude/2/02pontmo.jpg
c__claude__2__03cephal,images/c__claude__2__03cephal.png,train,https://www.wga.hu/html/c/claude/2/03cephal.html,CLAUDE LORRAIN,Landscape with Cephalus and Procris Reunited by Diana,1645.0,17,French,landscape,Huile,400.0,295.0,1.3559322033898304,0.01666666666666672,data/raw/images/c/claude/2/03cephal.jpg
c__claude__2__05ulysse,images/c__claude__2__05ulysse.png,train,https://www.wga.hu/html/c/claude/2/05ulysse.html,CLAUDE LORRAIN,Port Scene with the Departure of Ulysses from the Land of the Feaci,1646.0,17,French,landscape,Huile,400.0,297.0,1.3468013468013469,0.01000000000000012,data/raw/images/c/claude/2/05ulysse.jpg
c__claude__2__06landsc,images/c__claude__2__06landsc.png,train,https://www.wga.hu/html/c/claude/2/06landsc.html,CLAUDE LORRAIN,Landscape with Shepherds,1645.5,17,French,landscape,Huile,400.0,284.0,1.408450704225352,0.053333333333333344,data/raw/images/c/claude/2/06landsc.jpg
c__claude__2__07landsc,images/c__claude__2__07landsc.png,train,https://www.wga.hu/html/c/claude/2/07landsc.html,CLAUDE LORRAIN,Landscape with Apollo and the Cumaean Sibyl,1647.0,17,French,landscape,Huile,400.0,308.0,1.2987012987012987,0.025974025974025983,data/raw/images/c/claude/2/07landsc.jpg
c__claude__2__07rebecc,images/c__claude__2__07rebecc.png,train,https://www.wga.hu/html/c/claude/2/07rebecc.html,CLAUDE LORRAIN,Landscape with Dancing Figures,1648.0,17,French,landscape,Huile,400.0,308.0,1.2987012987012987,0.025974025974025983,data/raw/images/c/claude/2/07rebecc.jpg
c__claude__2__08mill,images/c__claude__2__08mill.png,train,https://www.wga.hu/html/c/claude/2/08mill.html,CLAUDE LORRAIN,Landscape with Dancing Figures (The Mill),1648.0,17,French,landscape,Huile,400.0,295.0,1.3559322033898304,0.01666666666666672,data/raw/images/c/claude/2/08mill.jpg
c__claude__2__09rest,images/c__claude__2__09rest.png,train,https://www.wga.hu/html/c/claude/2/09rest.html,CLAUDE LORRAIN,Landscape with Rest in Flight to Egypt,1647.0,17,French,landscape,Huile,400.0,280.0,1.4285714285714286,0.06666666666666676,data/raw/images/c/claude/2/09rest.jpg
c__claude__2__10sheba,images/c__claude__2__10sheba.png,train,https://www.wga.hu/html/c/claude/2/10sheba.html,CLAUDE LORRAIN,Seaport with the Embarkation of the Queen of Sheba,1648.0,17,French,landscape,Huile,400.0,298.0,1.342281879194631,0.006666666666666821,data/raw/images/c/claude/2/10sheba.jpg
c__claude__2__11paris,images/c__claude__2__11paris.png,train,https://www.wga.hu/html/c/claude/2/11paris.html,CLAUDE LORRAIN,Landscape with Paris and Oenone,1648.0,17,French,landscape,Huile,400.0,309.0,1.2944983818770226,0.029126213592232997,data/raw/images/c/claude/2/11paris.jpg
c__claude__2__12europa,images/c__claude__2__12europa.png,train,https://www.wga.hu/html/c/claude/2/12europa.html,CLAUDE LORRAIN,The Rape of Europa,1655.0,17,French,landscape,Huile,400.0,301.0,1.3289036544850499,0.0033222591362125353,data/raw/images/c/claude/2/12europa.jpg
c__claude__3__00flock,images/c__claude__3__00flock.png,train,https://www.wga.hu/html/c/claude/3/00flock.html,CLAUDE LORRAIN,Flock of Sheep in the Campagna,1656.0,17,French,landscape,Huile,400.0,306.0,1.3071895424836601,0.019607843137254832,data/raw/images/c/claude/3/00flock.jpg
c__claude__3__01acis,images/c__claude__3__01acis.png,train,https://www.wga.hu/html/c/claude/3/01acis.html,CLAUDE LORRAIN,Landscape with Acis and Galatea,1657.0,17,French,landscape,Huile,400.0,290.0,1.3793103448275863,0.03333333333333344,data/raw/images/c/claude/3/01acis.jpg
c__claude__3__02apollo,images/c__claude__3__02apollo.png,train,https://www.wga.hu/html/c/claude/3/02apollo.html,CLAUDE LORRAIN,Landscape with Apollo and Mercury,1660.0,17,French,landscape,Huile,400.0,264.0,1.5151515151515151,0.12,data/raw/images/c/claude/3/02apollo.jpg
c__claude__3__02jacob,images/c__claude__3__02jacob.png,train,https://www.wga.hu/html/c/claude/3/02jacob.html,CLAUDE LORRAIN,Landscape with Jacob and Rachel at the Well (Morning),1666.0,17,French,landscape,Huile,400.0,297.0,1.3468013468013469,0.01000000000000012,data/raw/images/c/claude/3/02jacob.jpg
c__claude__3__03landsc,images/c__claude__3__03landsc.png,train,https://www.wga.hu/html/c/claude/3/03landsc.html,CLAUDE LORRAIN,Landscape with the Rest on the Flight into Egypt,1666.0,17,French,landscape,Huile,400.0,287.0,1.3937282229965158,0.043333333333333446,data/raw/images/c/claude/3/03landsc.jpg
c__claude__3__05europa,images/c__claude__3__05europa.png,train,https://www.wga.hu/html/c/claude/3/05europa.html,CLAUDE LORRAIN,Coast Scene with the Rape of Europa,1667.0,17,French,landscape,Huile,400.0,296.0,1.3513513513513513,0.013333333333333308,data/raw/images/c/claude/3/05europa.jpg
c__claude__3__06hagar,images/c__claude__3__06hagar.png,train,https://www.wga.hu/html/c/claude/3/06hagar.html,CLAUDE LORRAIN,The Expulsion of Hagar,1668.0,17,French,landscape,Huile,400.0,316.0,1.2658227848101267,0.050632911392405,data/raw/images/c/claude/3/06hagar.jpg
c__claude__3__071delph,images/c__claude__3__071delph.png,train,https://www.wga.hu/html/c/claude/3/071delph.html,CLAUDE LORRAIN,View of Delphi,1672.0,17,French,landscape,Huile,400.0,315.0,1.2698412698412698,0.04761904761904767,data/raw/images/c/claude/3/071delph.jpg
c__claude__3__07delos,images/c__claude__3__07delos.png,train,https://www.wga.hu/html/c/claude/3/07delos.html,CLAUDE LORRAIN,Landscape with Aeneas at Delos,1672.0,17,French,landscape,Huile,400.0,301.0,1.3289036544850499,0.0033222591362125353,data/raw/images/c/claude/3/07delos.jpg
c__claude__3__07jacob,images/c__claude__3__07jacob.png,train,https://www.wga.hu/html/c/claude/3/07jacob.html,CLAUDE LORRAIN,Landscape with Jacob Wrestling with the Angel,1672.0,17,French,landscape,Huile,400.0,280.0,1.4285714285714286,0.06666666666666676,data/raw/images/c/claude/3/07jacob.jpg
c__claude__3__07jacob1,images/c__claude__3__07jacob1.png,test,https://www.wga.hu/html/c/claude/3/07jacob1.html,CLAUDE LORRAIN,Landscape with the Voyage of Jacob,1677.0,17,French,landscape,Huile,400.0,300.0,1.3333333333333333,0.0,data/raw/images/c/claude/3/07jacob1.jpg
c__claude__3__08seapor,images/c__claude__3__08seapor.png,train,https://www.wga.hu/html/c/claude/3/08seapor.html,CLAUDE LORRAIN,A Seaport at Sunrise,1674.0,17,French,landscape,Huile,400.0,289.0,1.3840830449826989,0.036666666666666625,data/raw/images/c/claude/3/08seapor.jpg
c__claude__3__11nolime,images/c__claude__3__11nolime.png,train,https://www.wga.hu/html/c/claude/3/11nolime.html,CLAUDE LORRAIN,Landscape with Noli Me Tangere Scene,1681.0,17,French,landscape,Huile,400.0,238.0,1.680672268907563,0.20666666666666678,data/raw/images/c/claude/3/11nolime.jpg
c__claude__3__12sylvia,images/c__claude__3__12sylvia.png,train,https://www.wga.hu/html/c/claude/3/12sylvia.html,CLAUDE LORRAIN,Landscape with Ascanius Shooting the Stag of Sylvia,1682.0,17,French,landscape,Huile,400.0,318.0,1.2578616352201257,0.05660377358490565,data/raw/images/c/claude/3/12sylvia.jpg
c__claus__corner,images/c__claus__corner.png,train,https://www.wga.hu/html/c/claus/corner.html,"CLAUS, Emile",A Corner of My Garden,1901.0,19,Belgian,landscape,Huile,400.0,330.0,1.2121212121212122,0.09090909090909083,data/raw/images/c/claus/corner.jpg
c__claus__dew,images/c__claus__dew.png,train,https://www.wga.hu/html/c/claus/dew.html,"CLAUS, Emile",Dew,1910.0,19,Belgian,landscape,Huile,400.0,375.0,1.0666666666666667,0.19999999999999996,data/raw/images/c/claus/dew.jpg
c__claus__sunshine,images/c__claus__sunshine.png,test,https://www.wga.hu/html/c/claus/sunshine.html,"CLAUS, Emile",Sunshine,1899.0,19,Belgian,landscape,Huile,400.0,274.0,1.4598540145985401,0.08666666666666667,data/raw/images/c/claus/sunshine.jpg
c__clerck__dianacte,images/c__clerck__dianacte.png,train,https://www.wga.hu/html/c/clerck/dianacte.html,"CLERCK, Hendrik de",Landscape with Diana and Acteon,1608.0,17,Flemish,landscape,Huile,400.0,263.0,1.520912547528517,0.1233333333333333,data/raw/images/c/clerck/dianacte.jpg
c__clerisse__ruins1,images/c__clerisse__ruins1.png,train,https://www.wga.hu/html/c/clerisse/ruins1.html,"CLÉRISSEAU, Charles Louis",Ruins from the Ancient Baths in Nîmes,,18,French,landscape,Huile,400.0,263.0,1.520912547528517,0.1233333333333333,data/raw/images/c/clerisse/ruins1.jpg
c__cleve_w__hendrik3__babel1,images/c__cleve_w__hendrik3__babel1.png,train,https://www.wga.hu/html/c/cleve_w/hendrik3/babel1.html,"CLEVE, Hendrick van III",The Tower of Babel,,16,Flemish,landscape,Huile,400.0,240.0,1.6666666666666667,0.20000000000000007,data/raw/images/c/cleve_w/hendrik3/babel1.jpg
c__cleve_w__hendrik3__babel2,images/c__cleve_w__hendrik3__babel2.png,train,https://www.wga.hu/html/c/cleve_w/hendrik3/babel2.html,"CLEVE, Hendrick van III",The Tower of Babel,,16,Flemish,landscape,Huile,400.0,336.0,1.1904761904761905,0.1071428571428571,data/raw/images/c/cleve_w/hendrik3/babel2.jpg
c__cleve_w__hendrik3__escorial,images/c__cleve_w__hendrik3__escorial.png,train,https://www.wga.hu/html/c/cleve_w/hendrik3/escorial.html,"CLEVE, Hendrick van III",View of the Escorial,,16,Flemish,landscape,Huile,400.0,245.0,1.6326530612244898,0.18333333333333335,data/raw/images/c/cleve_w/hendrik3/escorial.jpg
c__cleve_w__hendrik3__nimrod,images/c__cleve_w__hendrik3__nimrod.png,train,https://www.wga.hu/html/c/cleve_w/hendrik3/nimrod.html,"CLEVE, Hendrick van III",Nimrod amongst the Monuments,,16,Flemish,landscape,Huile,400.0,244.0,1.639344262295082,0.18666666666666676,data/raw/images/c/cleve_w/hendrik3/nimrod.jpg
c__cleve_w__hendrik3__temple,images/c__cleve_w__hendrik3__temple.png,train,https://www.wga.hu/html/c/cleve_w/hendrik3/temple.html,"CLEVE, Hendrick van III",The Building of the Temple of Artemis at Ephesus,,16,Flemish,landscape,Huile,400.0,241.0,1.6597510373443984,0.19666666666666677,data/raw/images/c/cleve_w/hendrik3/temple.jpg
c__cleveley__elder__deptford,images/c__cleveley__elder__deptford.png,test,https://www.wga.hu/html/c/cleveley/elder/deptford.html,"CLEVELEY, John the Elder","Deptford Shipyard, London",1755.0,18,English,landscape,Huile,400.0,316.0,1.2658227848101267,0.050632911392405,data/raw/images/c/cleveley/elder/deptford.jpg
c__cleveley__elder__marine1,images/c__cleveley__elder__marine1.png,train,https://www.wga.hu/html/c/cleveley/elder/marine1.html,"CLEVELEY, John the Elder",The Royal Caroline,1750.0,18,English,landscape,Huile,400.0,284.0,1.408450704225352,0.053333333333333344,data/raw/images/c/cleveley/elder/marine1.jpg
c__cleveley__elder__marine2,images/c__cleveley__elder__marine2.png,train,https://www.wga.hu/html/c/cleveley/elder/marine2.html,"CLEVELEY, John the Elder","Action off Cape François, 21 October 1757",,18,English,landscape,Huile,400.0,270.0,1.4814814814814814,0.09999999999999998,data/raw/images/c/cleveley/elder/marine2.jpg
c__cleveley__elder__marine3,images/c__cleveley__elder__marine3.png,train,https://www.wga.hu/html/c/cleveley/elder/marine3.html,"CLEVELEY, John the Elder",Two 32-gun Frigates Receiving their Captains,1768.0,18,English,landscape,Huile,400.0,297.0,1.3468013468013469,0.01000000000000012,data/raw/images/c/cleveley/elder/marine3.jpg
c__clonney__fishing,images/c__clonney__fishing.png,train,https://www.wga.hu/html/c/clonney/fishing.html,"CLONNEY, James Goodwyn",Fishing Party on Long Island Sound off New Rochelle,1847.0,19,American,landscape,Huile,400.0,291.0,1.3745704467353952,0.030000000000000027,data/raw/images/c/clonney/fishing.jpg
c__codazzi__archview,images/c__codazzi__archview.png,train,https://www.wga.hu/html/c/codazzi/archview.html,"CODAZZI, Viviano",Architectural View,1627.0,17,Italian,landscape,Huile,400.0,298.0,1.342281879194631,0.006666666666666821,data/raw/images/c/codazzi/archview.jpg
c__codazzi__rome,images/c__codazzi__rome.png,train,https://www.wga.hu/html/c/codazzi/rome.html,"CODAZZI, Viviano","St Peter's, Rome",1630.0,17,Italian,landscape,Huile,400.0,309.0,1.2944983818770226,0.029126213592232997,data/raw/images/c/codazzi/rome.jpg
c__codazzi__vaccino,images/c__codazzi__vaccino.png,train,https://www.wga.hu/html/c/codazzi/vaccino.html,"CODAZZI, Viviano","Rome, the Campo Vaccino Looking toward the Capitoline",1630.0,17,Italian,landscape,Huile,400.0,302.0,1.3245033112582782,0.0066225165562913135,data/raw/images/c/codazzi/vaccino.jpg
c__coignet__bozen,images/c__coignet__bozen.png,train,https://www.wga.hu/html/c/coignet/bozen.html,"COIGNET, Jules",View of Bozen with a Painter,1837.0,19,French,landscape,Huile,400.0,314.0,1.2738853503184713,0.04458598726114649,data/raw/images/c/coignet/bozen.jpg
c__cole__age_life,images/c__cole__age_life.png,train,https://www.wga.hu/html/c/cole/age_life.html,"COLE, Thomas",The Ages of Life: Youth,1842.0,19,American,landscape,Huile,400.0,266.0,1.5037593984962405,0.11333333333333329,data/raw/images/c/cole/age_life.jpg
c__cole__expulsio,images/c__cole__expulsio.png,train,https://www.wga.hu/html/c/cole/expulsio.html,"COLE, Thomas","Expulsion, Moon and Firelight",1828.0,19,American,landscape,Huile,400.0,303.0,1.3201320132013201,0.00990099009900991,data/raw/images/c/cole/expulsio.jpg
c__cole__oxbow,images/c__cole__oxbow.png,train,https://www.wga.hu/html/c/cole/oxbow.html,"COLE, Thomas","View from Mount Holyoke, Northamptom, Massachusetts, after a Thunderstorm (The Oxbow)",1836.0,19,American,landscape,Huile,400.0,270.0,1.4814814814814814,0.09999999999999998,data/raw/images/c/cole/oxbow.jpg
c__collante__landscap,images/c__collante__landscap.png,train,https://www.wga.hu/html/c/collante/landscap.html,"COLLANTES, Francisco",Landscape with Ruins,1634.0,17,Spanish,landscape,Huile,400.0,307.0,1.3029315960912051,0.0228013029315961,data/raw/images/c/collante/landscap.jpg
c__collins1__may_day,images/c__collins1__may_day.png,train,https://www.wga.hu/html/c/collins1/may_day.html,"COLLINS, William",May Day,1812.0,19,English,landscape,Huile,400.0,333.0,1.2012012012012012,0.09909909909909909,data/raw/images/c/collins1/may_day.jpg
c__compe__tenbosch,images/c__compe__tenbosch.png,train,https://www.wga.hu/html/c/compe/tenbosch.html,"COMPE, Jan ten",View of Huis ten Bosch Palace,,18,Dutch,landscape,Huile,400.0,273.0,1.465201465201465,0.08999999999999997,data/raw/images/c/compe/tenbosch.jpg
c__compe__townhall,images/c__compe__townhall.png,train,https://www.wga.hu/html/c/compe/townhall.html,"COMPE, Jan ten",Haarlem: View of the Town Hall,,18,Dutch,landscape,Huile,400.0,299.0,1.3377926421404682,0.0033333333333334103,data/raw/images/c/compe/townhall.jpg
c__compe__viewdelf,images/c__compe__viewdelf.png,train,https://www.wga.hu/html/c/compe/viewdelf.html,"COMPE, Jan ten",Delft: A View of the Town Hall Seen from the Grote Markt,1750.0,18,Dutch,landscape,Huile,400.0,305.0,1.3114754098360655,0.016393442622950838,data/raw/images/c/compe/viewdelf.jpg
c__coninxlo__forest,images/c__coninxlo__forest.png,train,https://www.wga.hu/html/c/coninxlo/forest.html,"CONINXLOO, Gillis van",Forest Landscape,1598.0,16,Flemish,landscape,Huile,400.0,267.0,1.4981273408239701,0.1100000000000001,data/raw/images/c/coninxlo/forest.jpg
c__coninxlo__landscap,images/c__coninxlo__landscap.png,train,https://www.wga.hu/html/c/coninxlo/landscap.html,"CONINXLOO, Gillis van",Landscape with Leto and Peasants of Lykia,,16,Flemish,landscape,Huile,400.0,283.0,1.4134275618374559,0.056666666666666754,data/raw/images/c/coninxlo/landscap.jpg
c__constabl__boatbuil,images/c__constabl__boatbuil.png,train,https://www.wga.hu/html/c/constabl/boatbuil.html,"CONSTABLE, John",Boat-building near Flatford Mill,1815.0,19,English,landscape,Huile,400.0,327.0,1.2232415902140672,0.0825688073394496,data/raw/images/c/constabl/boatbuil.jpg
c__constabl__dedham1,images/c__constabl__dedham1.png,train,https://www.wga.hu/html/c/constabl/dedham1.html,"CONSTABLE, John",The Stour-Valley with the Church of Dedham,1814.0,19,English,landscape,Huile,400.0,274.0,1.4598540145985401,0.08666666666666667,data/raw/images/c/constabl/dedham1.jpg
c__constabl__dedham3,images/c__constabl__dedham3.png,train,https://www.wga.hu/html/c/constabl/dedham3.html,"CONSTABLE, John",Dedham Lock and Mill,1818.0,19,English,landscape,Huile,400.0,301.0,1.3289036544850499,0.0033222591362125353,data/raw/images/c/constabl/dedham3.jpg
c__constabl__flatfora,images/c__constabl__flatfora.png,train,https://www.wga.hu/html/c/constabl/flatfora.html,"CONSTABLE, John",A Lane near Flatford,1810.5,19,English,landscape,Huile,400.0,260.0,1.5384615384615385,0.13333333333333341,data/raw/images/c/constabl/flatfora.jpg
c__constabl__flatford,images/c__constabl__flatford.png,train,https://www.wga.hu/html/c/constabl/flatford.html,"CONSTABLE, John",Flatford Mill,1817.0,19,English,landscape,Huile,400.0,317.0,1.2618296529968454,0.05362776025236593,data/raw/images/c/constabl/flatford.jpg
c__constabl__flatfory,images/c__constabl__flatfory.png,train,https://www.wga.hu/html/c/constabl/flatfory.html,"CONSTABLE, John",Flatford Mill from a Lock on the Stour,1811.0,19,English,landscape,Huile,400.0,307.0,1.3029315960912051,0.0228013029315961,data/raw/images/c/constabl/flatfory.jpg
c__constabl__haywain,images/c__constabl__haywain.png,train,https://www.wga.hu/html/c/constabl/haywain.html,"CONSTABLE, John",The Hay Wain,1821.0,19,English,landscape,Huile,400.0,276.0,1.4492753623188406,0.08000000000000007,data/raw/images/c/constabl/haywain.jpg
c__constabl__helmingt,images/c__constabl__helmingt.png,train,https://www.wga.hu/html/c/constabl/helmingt.html,"CONSTABLE, John",Helmingham Dell,,19,English,landscape,Huile,400.0,314.0,1.2738853503184713,0.04458598726114649,data/raw/images/c/constabl/helmingt.jpg
c__constabl__jordan,images/c__constabl__jordan.png,train,https://www.wga.hu/html/c/constabl/jordan.html,"CONSTABLE, John","Weymouth Bay, with Jordan Hill",1816.0,19,English,landscape,Huile,400.0,275.0,1.4545454545454546,0.08333333333333337,data/raw/images/c/constabl/jordan.jpg
c__constabl__leaping,images/c__constabl__leaping.png,train,https://www.wga.hu/html/c/constabl/leaping.html,"CONSTABLE, John",The Leaping Horse,1825.0,19,English,landscape,Huile,400.0,294.0,1.3605442176870748,0.020000000000000018,data/raw/images/c/constabl/leaping.jpg
c__constabl__leaping1,images/c__constabl__leaping1.png,train,https://www.wga.hu/html/c/constabl/leaping1.html,"CONSTABLE, John",Sketch for The Leaping Horse,1824.5,19,English,landscape,Huile,400.0,273.0,1.465201465201465,0.08999999999999997,data/raw/images/c/constabl/leaping1.jpg
c__constabl__malvern,images/c__constabl__malvern.png,test,https://www.wga.hu/html/c/constabl/malvern.html,"CONSTABLE, John",Malvern Hall in Warwickshire,1809.0,19,English,landscape,Huile,400.0,265.0,1.509433962264151,0.11666666666666681,data/raw/images/c/constabl/malvern.jpg
c__constabl__oldsarum,images/c__constabl__oldsarum.png,train,https://www.wga.hu/html/c/constabl/oldsarum.html,"CONSTABLE, John",Old Sarum,1834.0,19,English,landscape,Techniques sur papier,400.0,247.0,1.6194331983805668,0.17666666666666664,data/raw/images/c/constabl/oldsarum.jpg
c__constabl__roughsea,images/c__constabl__roughsea.png,test,https://www.wga.hu/html/c/constabl/roughsea.html,"CONSTABLE, John",Rough Sea,1824.0,19,English,landscape,Huile,400.0,259.0,1.5444015444015444,0.13666666666666671,data/raw/images/c/constabl/roughsea.jpg
c__constabl__salisbu1,images/c__constabl__salisbu1.png,train,https://www.wga.hu/html/c/constabl/salisbu1.html,"CONSTABLE, John",View of Salisbury,1820.0,19,English,landscape,Huile,400.0,254.0,1.5748031496062993,0.15333333333333343,data/raw/images/c/constabl/salisbu1.jpg
c__constabl__salisbu2,images/c__constabl__salisbu2.png,train,https://www.wga.hu/html/c/constabl/salisbu2.html,"CONSTABLE, John",Salisbury Cathedral from the Bishop's Grounds,1825.0,19,English,landscape,Huile,400.0,307.0,1.3029315960912051,0.0228013029315961,data/raw/images/c/constabl/salisbu2.jpg
c__constabl__salisbu3,images/c__constabl__salisbu3.png,train,https://www.wga.hu/html/c/constabl/salisbu3.html,"CONSTABLE, John",Salisbury Cathedral from the Bishop's Grounds,1823.0,19,English,landscape,Huile,400.0,318.0,1.2578616352201257,0.05660377358490565,data/raw/images/c/constabl/salisbu3.jpg
c__constabl__salisbu5,images/c__constabl__salisbu5.png,train,https://www.wga.hu/html/c/constabl/salisbu5.html,"CONSTABLE, John",Salisbury Cathedral from the Meadows,1830.0,19,English,landscape,Huile,400.0,302.0,1.3245033112582782,0.0066225165562913135,data/raw/images/c/constabl/salisbu5.jpg
c__constabl__sketch,images/c__constabl__sketch.png,train,https://www.wga.hu/html/c/constabl/sketch.html,"CONSTABLE, John",A Boat at the Sluice (sketch),,19,English,landscape,Huile,400.0,321.0,1.2461059190031152,0.06542056074766356,data/raw/images/c/constabl/sketch.jpg
c__cooke__edward__marine1,images/c__cooke__edward__marine1.png,train,https://www.wga.hu/html/c/cooke/edward/marine1.html,"COOKE, Edward William",A Schevening Pinck Preparing for Sea,1877.0,19,English,landscape,Huile,400.0,258.0,1.550387596899225,0.14000000000000012,data/raw/images/c/cooke/edward/marine1.jpg
c__cooke__edward__marine2,images/c__cooke__edward__marine2.png,test,https://www.wga.hu/html/c/cooke/edward/marine2.html,"COOKE, Edward William",North Sea Breeze on Dutch Coast,1855.0,19,English,landscape,Huile,400.0,250.0,1.6,0.16666666666666674,data/raw/images/c/cooke/edward/marine2.jpg
c__cooke__edward__oxford,images/c__cooke__edward__oxford.png,test,https://www.wga.hu/html/c/cooke/edward/oxford.html,"COOKE, Edward William",Godstow Bridge near Oxford,1835.0,19,English,landscape,Huile,400.0,280.0,1.4285714285714286,0.06666666666666676,data/raw/images/c/cooke/edward/oxford.jpg
c__cooper_t__bingley,images/c__cooper_t__bingley.png,train,https://www.wga.hu/html/c/cooper_t/bingley.html,"COOPER, Thomas Sidney","Bingley Gate, Canterbury",1834.0,19,English,landscape,Huile,400.0,300.0,1.3333333333333333,0.0,data/raw/images/c/cooper_t/bingley.jpg
c__cooper_t__sheep,images/c__cooper_t__sheep.png,train,https://www.wga.hu/html/c/cooper_t/sheep.html,"COOPER, Thomas Sidney",Mountain Sheep,1845.0,19,English,landscape,Huile,400.0,308.0,1.2987012987012987,0.025974025974025983,data/raw/images/c/cooper_t/sheep.jpg
c__cooper_t__summer,images/c__cooper_t__summer.png,train,https://www.wga.hu/html/c/cooper_t/summer.html,"COOPER, Thomas Sidney",Summer Evening,,19,English,landscape,Huile,400.0,308.0,1.2987012987012987,0.025974025974025983,data/raw/images/c/cooper_t/summer.jpg
c__corinth__corint05,images/c__corinth__corint05.png,train,https://www.wga.hu/html/c/corinth/corint05.html,"CORINTH, Lovis",In Max Halbe's Garden,1899.0,19,German,landscape,Huile,400.0,293.0,1.3651877133105803,0.023333333333333428,data/raw/images/c/corinth/corint05.jpg
c__corinth__corint12,images/c__corinth__corint12.png,train,https://www.wga.hu/html/c/corinth/corint12.html,"CORINTH, Lovis",Easter at Lake Walchen,1922.0,19,German,landscape,Huile,400.0,323.0,1.238390092879257,0.07120743034055721,data/raw/images/c/corinth/corint12.jpg
c__corinth__corint13,images/c__corinth__corint13.png,train,https://www.wga.hu/html/c/corinth/corint13.html,"CORINTH, Lovis",The Walchensee in Winter,1923.0,19,German,landscape,Huile,400.0,308.0,1.2987012987012987,0.025974025974025983,data/raw/images/c/corinth/corint13.jpg
c__corot__corot01,images/c__corot__corot01.png,train,https://www.wga.hu/html/c/corot/corot01.html,"COROT, Jean-Baptiste Camille",The Bridge of Narni,1825.0,19,French,landscape,Autre,400.0,270.0,1.4814814814814814,0.09999999999999998,data/raw/images/c/corot/corot01.jpg
c__corot__corot03,images/c__corot__corot03.png,train,https://www.wga.hu/html/c/corot/corot03.html,"COROT, Jean-Baptiste Camille",The Coliseum Seen from the Farnese Gardens,1826.0,19,French,landscape,Autre,400.0,239.0,1.6736401673640167,0.20333333333333337,data/raw/images/c/corot/corot03.jpg
c__corot__corot061,images/c__corot__corot061.png,train,https://www.wga.hu/html/c/corot/corot061.html,"COROT, Jean-Baptiste Camille",Landscape near Riva on Lake Garda,1835.0,19,French,landscape,Huile,400.0,274.0,1.4598540145985401,0.08666666666666667,data/raw/images/c/corot/corot061.jpg
c__corot__corot09,images/c__corot__corot09.png,train,https://www.wga.hu/html/c/corot/corot09.html,"COROT, Jean-Baptiste Camille",Peasants under the Trees at Dawn,1842.5,19,French,landscape,Huile,400.0,279.0,1.4336917562724014,0.07000000000000006,data/raw/images/c/corot/corot09.jpg
c__corot__corot091,images/c__corot__corot091.png,test,https://www.wga.hu/html/c/corot/corot091.html,"COROT, Jean-Baptiste Camille","Rosny, near Paris: The Château of the Duchesse de Berry",1840.0,19,French,landscape,Huile,400.0,263.0,1.520912547528517,0.1233333333333333,data/raw/images/c/corot/corot091.jpg
c__corot__corot11,images/c__corot__corot11.png,train,https://www.wga.hu/html/c/corot/corot11.html,"COROT, Jean-Baptiste Camille",The Vale,1857.5,19,French,landscape,Huile,400.0,253.0,1.5810276679841897,0.15666666666666673,data/raw/images/c/corot/corot11.jpg
c__corot__corot12,images/c__corot__corot12.png,train,https://www.wga.hu/html/c/corot/corot12.html,"COROT, Jean-Baptiste Camille",Morning at Beauvais,1860.0,19,French,landscape,Huile,400.0,336.0,1.1904761904761905,0.1071428571428571,data/raw/images/c/corot/corot12.jpg
c__corot__corot14,images/c__corot__corot14.png,train,https://www.wga.hu/html/c/corot/corot14.html,"COROT, Jean-Baptiste Camille",Souvenir of Mortefontaine,1864.0,19,French,landscape,Huile,400.0,288.0,1.3888888888888888,0.040000000000000036,data/raw/images/c/corot/corot14.jpg
c__corot__corot15,images/c__corot__corot15.png,train,https://www.wga.hu/html/c/corot/corot15.html,"COROT, Jean-Baptiste Camille",Goat-herds,1866.0,19,French,landscape,Huile,400.0,305.0,1.3114754098360655,0.016393442622950838,data/raw/images/c/corot/corot15.jpg
c__corot__corot151,images/c__corot__corot151.png,train,https://www.wga.hu/html/c/corot/corot151.html,"COROT, Jean-Baptiste Camille","The Solitude. Recollection of Vigen, Limousin",1866.0,19,French,landscape,Huile,400.0,296.0,1.3513513513513513,0.013333333333333308,data/raw/images/c/corot/corot151.jpg
c__corot__corot162,images/c__corot__corot162.png,train,https://www.wga.hu/html/c/corot/corot162.html,"COROT, Jean-Baptiste Camille",Ville-d'Avray,1864.5,19,French,landscape,Huile,400.0,268.0,1.492537313432836,0.1066666666666668,data/raw/images/c/corot/corot162.jpg
c__corot__corot17,images/c__corot__corot17.png,train,https://www.wga.hu/html/c/corot/corot17.html,"COROT, Jean-Baptiste Camille",The Bridge at Mantes,1869.0,19,French,landscape,Huile,400.0,264.0,1.5151515151515151,0.12,data/raw/images/c/corot/corot17.jpg
c__corot__corot20,images/c__corot__corot20.png,train,https://www.wga.hu/html/c/corot/corot20.html,"COROT, Jean-Baptiste Camille",The Bridge at Mantes,1869.0,19,French,landscape,Huile,400.0,328.0,1.2195121951219512,0.08536585365853655,data/raw/images/c/corot/corot20.jpg
c__corot__corot26,images/c__corot__corot26.png,test,https://www.wga.hu/html/c/corot/corot26.html,"COROT, Jean-Baptiste Camille",Mill at Saint-Nicolas-les-Arras,1874.0,19,French,landscape,Huile,400.0,320.0,1.25,0.0625,data/raw/images/c/corot/corot26.jpg
c__corte_j__battle_s,images/c__corte_j__battle_s.png,train,https://www.wga.hu/html/c/corte_j/battle_s.html,"CORTE, Juan de la",Battle Scene with a Roman Army Besieging a Large City,,17,Spanish,landscape,Huile,400.0,327.0,1.2232415902140672,0.0825688073394496,data/raw/images/c/corte_j/battle_s.jpg
c__costa_g__dune,images/c__costa_g__dune.png,train,https://www.wga.hu/html/c/costa_g/dune.html,"COSTA, Giovanni",A Dune,,19,Italian,landscape,Huile,400.0,261.0,1.5325670498084292,0.13000000000000012,data/raw/images/c/costa_g/dune.jpg
c__cotman__frederic__boating,images/c__cotman__frederic__boating.png,train,https://www.wga.hu/html/c/cotman/frederic/boating.html,"COTMAN, Frederick George",Boating on the Stour at Dedham,1884.0,19,English,landscape,Huile,400.0,271.0,1.4760147601476015,0.09666666666666668,data/raw/images/c/cotman/frederic/boating.jpg
c__cotman__john__drainage,images/c__cotman__john__drainage.png,train,https://www.wga.hu/html/c/cotman/john/drainage.html,"COTMAN, John Sell","Drainage Mills in the Fens, Croyland, Lincolnshire",1835.0,19,English,landscape,Huile,400.0,235.0,1.702127659574468,0.21666666666666667,data/raw/images/c/cotman/john/drainage.jpg
c__courbet__1__courb118,images/c__courbet__1__courb118.png,train,https://www.wga.hu/html/c/courbet/1/courb118.html,"COURBET, Gustave",Poor Woman of the Village,1866.0,19,French,landscape,Huile,400.0,272.0,1.4705882352941178,0.09333333333333349,data/raw/images/c/courbet/1/courb118.jpg
c__courbet__4__courb400,images/c__courbet__4__courb400.png,train,https://www.wga.hu/html/c/courbet/4/courb400.html,"COURBET, Gustave",The Sea at Palavas,1854.0,19,French,landscape,Huile,400.0,318.0,1.2578616352201257,0.05660377358490565,data/raw/images/c/courbet/4/courb400.jpg
c__courbet__4__courb401,images/c__courbet__4__courb401.png,test,https://www.wga.hu/html/c/courbet/4/courb401.html,"COURBET, Gustave",View of Frankfurt am Main,1858.0,19,French,landscape,Huile,400.0,283.0,1.4134275618374559,0.056666666666666754,data/raw/images/c/courbet/4/courb401.jpg
c__courbet__4__courb402,images/c__courbet__4__courb402.png,test,https://www.wga.hu/html/c/courbet/4/courb402.html,"COURBET, Gustave",Rocky Landscape near Ornans,1857.5,19,French,landscape,Huile,400.0,315.0,1.2698412698412698,0.04761904761904767,data/raw/images/c/courbet/4/courb402.jpg
c__courbet__4__courb4021,images/c__courbet__4__courb4021.png,test,https://www.wga.hu/html/c/courbet/4/courb4021.html,"COURBET, Gustave",Landscape with a Dead Horse,1857.0,19,French,landscape,Huile,400.0,333.0,1.2012012012012012,0.09909909909909909,data/raw/images/c/courbet/4/courb4021.jpg
c__courbet__4__courb403,images/c__courbet__4__courb403.png,train,https://www.wga.hu/html/c/courbet/4/courb403.html,"COURBET, Gustave",The Source of the Loue,1863.0,19,French,landscape,Huile,400.0,297.0,1.3468013468013469,0.01000000000000012,data/raw/images/c/courbet/4/courb403.jpg
c__courbet__4__courb404,images/c__courbet__4__courb404.png,train,https://www.wga.hu/html/c/courbet/4/courb404.html,"COURBET, Gustave",The Oak at Flagey (The Oak of Vercingetorix),1864.0,19,French,landscape,Huile,400.0,315.0,1.2698412698412698,0.04761904761904767,data/raw/images/c/courbet/4/courb404.jpg
c__courbet__4__courb405,images/c__courbet__4__courb405.png,train,https://www.wga.hu/html/c/courbet/4/courb405.html,"COURBET, Gustave",Beach near Trouville,1865.0,19,French,landscape,Huile,400.0,328.0,1.2195121951219512,0.08536585365853655,data/raw/images/c/courbet/4/courb405.jpg
c__courbet__4__courb407,images/c__courbet__4__courb407.png,train,https://www.wga.hu/html/c/courbet/4/courb407.html,"COURBET, Gustave",The Shaded Stream (or The Puits Noir Stream),1865.0,19,French,landscape,Huile,400.0,296.0,1.3513513513513513,0.013333333333333308,data/raw/images/c/courbet/4/courb407.jpg
c__courbet__4__courb410,images/c__courbet__4__courb410.png,train,https://www.wga.hu/html/c/courbet/4/courb410.html,"COURBET, Gustave",The Wave,1869.5,19,French,landscape,Huile,400.0,275.0,1.4545454545454546,0.08333333333333337,data/raw/images/c/courbet/4/courb410.jpg
c__courbet__4__courb4101,images/c__courbet__4__courb4101.png,test,https://www.wga.hu/html/c/courbet/4/courb4101.html,"COURBET, Gustave",The Cliff at Étretat after the Storm,1869.5,19,French,landscape,Huile,400.0,315.0,1.2698412698412698,0.04761904761904767,data/raw/images/c/courbet/4/courb4101.jpg
c__courbet__4__courb411,images/c__courbet__4__courb411.png,train,https://www.wga.hu/html/c/courbet/4/courb411.html,"COURBET, Gustave",Cliffs at Étretat,1870.0,19,French,landscape,Huile,400.0,324.0,1.2345679012345678,0.07407407407407407,data/raw/images/c/courbet/4/courb411.jpg
c__courbet__4__courb412,images/c__courbet__4__courb412.png,train,https://www.wga.hu/html/c/courbet/4/courb412.html,"COURBET, Gustave",The Château de Chillon,1874.0,19,French,landscape,Huile,400.0,265.0,1.509433962264151,0.11666666666666681,data/raw/images/c/courbet/4/courb412.jpg
c__courbet__4__courb413,images/c__courbet__4__courb413.png,train,https://www.wga.hu/html/c/courbet/4/courb413.html,"COURBET, Gustave",Sunset on Lake Geneva,1876.0,19,French,landscape,Huile,400.0,305.0,1.3114754098360655,0.016393442622950838,data/raw/images/c/courbet/4/courb413.jpg
c__courbet__4__courb414,images/c__courbet__4__courb414.png,train,https://www.wga.hu/html/c/courbet/4/courb414.html,"COURBET, Gustave","Panoramic View of the Alps, Les Dents du Midi",1877.0,19,French,landscape,Huile,400.0,285.0,1.4035087719298245,0.050000000000000044,data/raw/images/c/courbet/4/courb414.jpg
c__cox__landscap,images/c__cox__landscap.png,train,https://www.wga.hu/html/c/cox/landscap.html,"COX, David",Landscape with a Gypsy Tent,1848.0,19,English,landscape,Huile,400.0,256.0,1.5625,0.14666666666666672,data/raw/images/c/cox/landscap.jpg
c__cozens__dauphine,images/c__cozens__dauphine.png,test,https://www.wga.hu/html/c/cozens/dauphine.html,"COZENS, John Robert",Entrance to the Valley of Grande Chartreuse in Dauphiné,1783.0,18,English,landscape,Huile,400.0,275.0,1.4545454545454546,0.08333333333333337,data/raw/images/c/cozens/dauphine.jpg
c__cranach__lucas_e__14__4hunt,images/c__cranach__lucas_e__14__4hunt.png,train,https://www.wga.hu/html/c/cranach/lucas_e/14/4hunt.html,"CRANACH, Lucas the Elder",Hunt in Honour of Charles V at the Castle of Torgau,1544.0,16,German,landscape,Huile,400.0,261.0,1.5325670498084292,0.13000000000000012,data/raw/images/c/cranach/lucas_e/14/4hunt.jpg
c__cranach__lucas_e__14__4hunt2,images/c__cranach__lucas_e__14__4hunt2.png,train,https://www.wga.hu/html/c/cranach/lucas_e/14/4hunt2.html,"CRANACH, Lucas the Elder",Deer Hunt of Elector Friedrich the Wise,1529.0,16,German,landscape,Huile,400.0,280.0,1.4285714285714286,0.06666666666666676,data/raw/images/c/cranach/lucas_e/14/4hunt2.jpg
c__cranach__lucas_y__10hunt1,images/c__cranach__lucas_y__10hunt1.png,train,https://www.wga.hu/html/c/cranach/lucas_y/10hunt1.html,"CRANACH, Lucas the Younger",Stag Hunt of Elector Johann Friedrich,1544.0,16,German,landscape,Huile + tempera,400.0,264.0,1.5151515151515151,0.12,data/raw/images/c/cranach/lucas_y/10hunt1.jpg
c__croos__egmond,images/c__croos__egmond.png,test,https://www.wga.hu/html/c/croos/egmond.html,"CROOS, Anthonie Jansz. van der",Landscape with the Ruined Castle of Egmond,1659.0,17,Dutch,landscape,Huile,400.0,267.0,1.4981273408239701,0.1100000000000001,data/raw/images/c/croos/egmond.jpg
c__cropsey__greenwoo,images/c__cropsey__greenwoo.png,train,https://www.wga.hu/html/c/cropsey/greenwoo.html,"CROPSEY, Jasper Francis",Greenwood Lake,1870.0,19,American,landscape,Huile,400.0,232.0,1.7241379310344827,0.22666666666666668,data/raw/images/c/cropsey/greenwoo.jpg
c__cropsey__schataco,images/c__cropsey__schataco.png,train,https://www.wga.hu/html/c/cropsey/schataco.html,"CROPSEY, Jasper Francis","Schatacook Mountain, Housatonic Valley, Connecticut",1845.0,19,American,landscape,Huile,400.0,262.0,1.5267175572519085,0.12666666666666682,data/raw/images/c/cropsey/schataco.jpg
c__cross__beach,images/c__cross__beach.png,train,https://www.wga.hu/html/c/cross/beach.html,"CROSS, Henri-Edmond",Beach on the Mediterranean,1891.5,19,French,landscape,Huile,400.0,244.0,1.639344262295082,0.18666666666666676,data/raw/images/c/cross/beach.jpg
c__cross__cagnes,images/c__cross__cagnes.png,train,https://www.wga.hu/html/c/cross/cagnes.html,"CROSS, Henri-Edmond",Cypresses at Cagnes,1908.0,19,French,landscape,Huile,400.0,321.0,1.2461059190031152,0.06542056074766356,data/raw/images/c/cross/cagnes.jpg
c__cross__evening,images/c__cross__evening.png,train,https://www.wga.hu/html/c/cross/evening.html,"CROSS, Henri-Edmond",Evening Air,1893.5,19,French,landscape,Huile,400.0,280.0,1.4285714285714286,0.06666666666666676,data/raw/images/c/cross/evening.jpg
c__cross__santamar,images/c__cross__santamar.png,train,https://www.wga.hu/html/c/cross/santamar.html,"CROSS, Henri-Edmond",The Church of Santa Maria degli Angeli near Assisi,1909.0,19,French,landscape,Huile,400.0,310.0,1.2903225806451613,0.032258064516129004,data/raw/images/c/cross/santamar.jpg
c__cross__undergro,images/c__cross__undergro.png,train,https://www.wga.hu/html/c/cross/undergro.html,"CROSS, Henri-Edmond",Undergrowth,1906.5,19,French,landscape,Huile,400.0,316.0,1.2658227848101267,0.050632911392405,data/raw/images/c/cross/undergro.jpg
c__csontvar__05csont,images/c__csontvar__05csont.png,train,https://www.wga.hu/html/c/csontvar/05csont.html,"CSONTVÁRY KOSZTKA, Tivadar",Castellamare di Stabia,1902.0,19,Hungarian,landscape,Huile,400.0,340.0,1.1764705882352942,0.11764705882352933,data/raw/images/c/csontvar/05csont.jpg
c__csontvar__12csont,images/c__csontvar__12csont.png,train,https://www.wga.hu/html/c/csontvar/12csont.html,"CSONTVÁRY KOSZTKA, Tivadar",Fortress with Arabs Riding Camels,,19,Hungarian,landscape,Huile,400.0,247.0,1.6194331983805668,0.17666666666666664,data/raw/images/c/csontvar/12csont.jpg
c__csontvar__16csont,images/c__csontvar__16csont.png,test,https://www.wga.hu/html/c/csontvar/16csont.html,"CSONTVÁRY KOSZTKA, Tivadar",The Solitary Cedar,1907.0,19,Hungarian,landscape,Huile,400.0,311.0,1.2861736334405145,0.03536977491961413,data/raw/images/c/csontvar/16csont.jpg
c__cullen__winter,images/c__cullen__winter.png,train,https://www.wga.hu/html/c/cullen/winter.html,"CULLEN, Maurice Galbraith",Winter at Moret,1895.0,19,Other,landscape,Huile,400.0,253.0,1.5810276679841897,0.15666666666666673,data/raw/images/c/cullen/winter.jpg
c__cuyp__aelbert__1__1timber,images/c__cuyp__aelbert__1__1timber.png,train,https://www.wga.hu/html/c/cuyp/aelbert/1/1timber.html,"CUYP, Aelbert",Landscape with a Timber Yard near Dordrecht,1639.0,17,Dutch,landscape,Huile,400.0,325.0,1.2307692307692308,0.07692307692307687,data/raw/images/c/cuyp/aelbert/1/1timber.jpg
c__cuyp__aelbert__1__27cows,images/c__cuyp__aelbert__1__27cows.png,train,https://www.wga.hu/html/c/cuyp/aelbert/1/27cows.html,"CUYP, Aelbert",River Landscape with Seven Cows,1648.0,17,Dutch,landscape,Huile,400.0,306.0,1.3071895424836601,0.019607843137254832,data/raw/images/c/cuyp/aelbert/1/27cows.jpg
c__cuyp__aelbert__1__avenue,images/c__cuyp__aelbert__1__avenue.png,train,https://www.wga.hu/html/c/cuyp/aelbert/1/avenue.html,"CUYP, Aelbert",The Avenue at Meerdervoort,1651.0,17,Dutch,landscape,Huile,400.0,280.0,1.4285714285714286,0.06666666666666676,data/raw/images/c/cuyp/aelbert/1/avenue.jpg
c__cuyp__aelbert__1__dairymai,images/c__cuyp__aelbert__1__dairymai.png,train,https://www.wga.hu/html/c/cuyp/aelbert/1/dairymai.html,"CUYP, Aelbert",The Dairy Maid,1654.5,17,Dutch,landscape,Huile,400.0,246.0,1.6260162601626016,0.18000000000000005,data/raw/images/c/cuyp/aelbert/1/dairymai.jpg
c__cuyp__aelbert__1__greyhors,images/c__cuyp__aelbert__1__greyhors.png,train,https://www.wga.hu/html/c/cuyp/aelbert/1/greyhors.html,"CUYP, Aelbert",Grey Horse in a Landscape,,17,Dutch,landscape,Huile,400.0,298.0,1.342281879194631,0.006666666666666821,data/raw/images/c/cuyp/aelbert/1/greyhors.jpg
c__cuyp__aelbert__1__herd_cow,images/c__cuyp__aelbert__1__herd_cow.png,train,https://www.wga.hu/html/c/cuyp/aelbert/1/herd_cow.html,"CUYP, Aelbert",Herdsmen with Cows,,17,Dutch,landscape,Huile,400.0,270.0,1.4814814814814814,0.09999999999999998,data/raw/images/c/cuyp/aelbert/1/herd_cow.jpg
c__cuyp__aelbert__1__landhunt,images/c__cuyp__aelbert__1__landhunt.png,train,https://www.wga.hu/html/c/cuyp/aelbert/1/landhunt.html,"CUYP, Aelbert",Landscape with a Hunt,1652.5,17,Dutch,landscape,Huile,400.0,291.0,1.3745704467353952,0.030000000000000027,data/raw/images/c/cuyp/aelbert/1/landhunt.jpg
c__cuyp__aelbert__1__meadow,images/c__cuyp__aelbert__1__meadow.png,train,https://www.wga.hu/html/c/cuyp/aelbert/1/meadow.html,"CUYP, Aelbert",Meadow with Cows and Herdsmen,1642.0,17,Dutch,landscape,Huile,400.0,257.0,1.556420233463035,0.14333333333333342,data/raw/images/c/cuyp/aelbert/1/meadow.jpg
c__cuyp__aelbert__1__negro_pa,images/c__cuyp__aelbert__1__negro_pa.png,train,https://www.wga.hu/html/c/cuyp/aelbert/1/negro_pa.html,"CUYP, Aelbert",The Negro Page,1652.0,17,Dutch,landscape,Huile,400.0,238.0,1.680672268907563,0.20666666666666678,data/raw/images/c/cuyp/aelbert/1/negro_pa.jpg
c__cuyp__aelbert__1__panoram,images/c__cuyp__aelbert__1__panoram.png,train,https://www.wga.hu/html/c/cuyp/aelbert/1/panoram.html,"CUYP, Aelbert",Panoramic Landscape,1647.0,17,Dutch,landscape,Huile,400.0,304.0,1.3157894736842106,0.013157894736842035,data/raw/images/c/cuyp/aelbert/1/panoram.jpg
c__cuyp__aelbert__1__peasants,images/c__cuyp__aelbert__1__peasants.png,train,https://www.wga.hu/html/c/cuyp/aelbert/1/peasants.html,"CUYP, Aelbert",Peasants with Four Cows by the River Merwede,,17,Dutch,landscape,Huile,400.0,293.0,1.3651877133105803,0.023333333333333428,data/raw/images/c/cuyp/aelbert/1/peasants.jpg
c__cuyp__aelbert__1__shepher,images/c__cuyp__aelbert__1__shepher.png,train,https://www.wga.hu/html/c/cuyp/aelbert/1/shepher.html,"CUYP, Aelbert",Two Shepherds with a Mule and a Dog in a Hilly Landscape,1646.0,17,Dutch,landscape,Huile,400.0,283.0,1.4134275618374559,0.056666666666666754,data/raw/images/c/cuyp/aelbert/1/shepher.jpg
c__cuyp__aelbert__1__valkhof,images/c__cuyp__aelbert__1__valkhof.png,train,https://www.wga.hu/html/c/cuyp/aelbert/1/valkhof.html,"CUYP, Aelbert",The Valkhof at Nijmegen,1653.0,17,Dutch,landscape,Huile,400.0,264.0,1.5151515151515151,0.12,data/raw/images/c/cuyp/aelbert/1/valkhof.jpg
c__cuyp__aelbert__1__view_dor,images/c__cuyp__aelbert__1__view_dor.png,train,https://www.wga.hu/html/c/cuyp/aelbert/1/view_dor.html,"CUYP, Aelbert",View of Dordrecht,1655.0,17,Dutch,landscape,Huile,400.0,292.0,1.36986301369863,0.026666666666666616,data/raw/images/c/cuyp/aelbert/1/view_dor.jpg
c__cuyp__aelbert__1__y_herdsm,images/c__cuyp__aelbert__1__y_herdsm.png,train,https://www.wga.hu/html/c/cuyp/aelbert/1/y_herdsm.html,"CUYP, Aelbert",Young Herdsman with Cows,1657.5,17,Dutch,landscape,Huile,400.0,333.0,1.2012012012012012,0.09909909909909909,data/raw/images/c/cuyp/aelbert/1/y_herdsm.jpg
c__cuyp__aelbert__2__cows,images/c__cuyp__aelbert__2__cows.png,train,https://www.wga.hu/html/c/cuyp/aelbert/2/cows.html,"CUYP, Aelbert",River Landscape with Five Cows,1650.0,17,Dutch,landscape,Huile,400.0,310.0,1.2903225806451613,0.032258064516129004,data/raw/images/c/cuyp/aelbert/2/cows.jpg
c__cuyp__aelbert__2__evening,images/c__cuyp__aelbert__2__evening.png,train,https://www.wga.hu/html/c/cuyp/aelbert/2/evening.html,"CUYP, Aelbert",Evening Landscape with Horsemen and Shepherds,1657.5,17,Dutch,landscape,Huile,400.0,259.0,1.5444015444015444,0.13666666666666671,data/raw/images/c/cuyp/aelbert/2/evening.jpg
c__cuyp__aelbert__2__ferry_bo,images/c__cuyp__aelbert__2__ferry_bo.png,train,https://www.wga.hu/html/c/cuyp/aelbert/2/ferry_bo.html,"CUYP, Aelbert",The Ferry Boat,1653.5,17,Dutch,landscape,Huile,400.0,312.0,1.2820512820512822,0.038461538461538325,data/raw/images/c/cuyp/aelbert/2/ferry_bo.jpg
c__cuyp__aelbert__2__flight,images/c__cuyp__aelbert__2__flight.png,train,https://www.wga.hu/html/c/cuyp/aelbert/2/flight.html,"CUYP, Aelbert",Landscape with the Flight into Egypt,1650.0,17,Dutch,landscape,Huile,400.0,310.0,1.2903225806451613,0.032258064516129004,data/raw/images/c/cuyp/aelbert/2/flight.jpg
c__cuyp__aelbert__2__landscap,images/c__cuyp__aelbert__2__landscap.png,train,https://www.wga.hu/html/c/cuyp/aelbert/2/landscap.html,"CUYP, Aelbert",Landscape,1644.5,17,Dutch,landscape,Techniques sur papier,400.0,242.0,1.6528925619834711,0.19333333333333336,data/raw/images/c/cuyp/aelbert/2/landscap.jpg
c__cuyp__aelbert__2__large_ri,images/c__cuyp__aelbert__2__large_ri.png,test,https://www.wga.hu/html/c/cuyp/aelbert/2/large_ri.html,"CUYP, Aelbert",Large River Landscape with Horsemen,1655.0,17,Dutch,landscape,Huile,400.0,230.0,1.7391304347826086,0.2333333333333334,data/raw/images/c/cuyp/aelbert/2/large_ri.jpg
c__cuyp__aelbert__2__maas,images/c__cuyp__aelbert__2__maas.png,train,https://www.wga.hu/html/c/cuyp/aelbert/2/maas.html,"CUYP, Aelbert",The Maas at Dordrecht,1660.0,17,Dutch,landscape,Huile,400.0,264.0,1.5151515151515151,0.12,data/raw/images/c/cuyp/aelbert/2/maas.jpg
c__cuyp__aelbert__2__moonligh,images/c__cuyp__aelbert__2__moonligh.png,train,https://www.wga.hu/html/c/cuyp/aelbert/2/moonligh.html,"CUYP, Aelbert",Dordrecht Harbour by Moonlight,1652.5,17,Dutch,landscape,Huile,400.0,276.0,1.4492753623188406,0.08000000000000007,data/raw/images/c/cuyp/aelbert/2/moonligh.jpg
c__cuyp__aelbert__2__orpheus,images/c__cuyp__aelbert__2__orpheus.png,train,https://www.wga.hu/html/c/cuyp/aelbert/2/orpheus.html,"CUYP, Aelbert",Orpheus with Animals in a Landscape,1640.0,17,Dutch,landscape,Huile,400.0,269.0,1.486988847583643,0.10333333333333328,data/raw/images/c/cuyp/aelbert/2/orpheus.jpg
c__cuyp__aelbert__2__rhenen,images/c__cuyp__aelbert__2__rhenen.png,train,https://www.wga.hu/html/c/cuyp/aelbert/2/rhenen.html,"CUYP, Aelbert",Landscape near Rhenen,1652.5,17,Dutch,landscape,Huile,400.0,290.0,1.3793103448275863,0.03333333333333344,data/raw/images/c/cuyp/aelbert/2/rhenen.jpg
c__cuyp__aelbert__2__river_mi,images/c__cuyp__aelbert__2__river_mi.png,train,https://www.wga.hu/html/c/cuyp/aelbert/2/river_mi.html,"CUYP, Aelbert",River Scene with Milking Woman,1646.0,17,Dutch,landscape,Huile,400.0,254.0,1.5748031496062993,0.15333333333333343,data/raw/images/c/cuyp/aelbert/2/river_mi.jpg
c__cuyp__aelbert__2__riverban,images/c__cuyp__aelbert__2__riverban.png,train,https://www.wga.hu/html/c/cuyp/aelbert/2/riverban.html,"CUYP, Aelbert",River-bank with Cows,1650.0,17,Dutch,landscape,Huile,400.0,290.0,1.3793103448275863,0.03333333333333344,data/raw/images/c/cuyp/aelbert/2/riverban.jpg
c__cuyp__aelbert__2__road_riv,images/c__cuyp__aelbert__2__road_riv.png,train,https://www.wga.hu/html/c/cuyp/aelbert/2/road_riv.html,"CUYP, Aelbert",A Road near a River,,17,Dutch,landscape,Huile,400.0,278.0,1.4388489208633093,0.07333333333333336,data/raw/images/c/cuyp/aelbert/2/road_riv.jpg
c__cuyp__aelbert__2__shiptoss,images/c__cuyp__aelbert__2__shiptoss.png,train,https://www.wga.hu/html/c/cuyp/aelbert/2/shiptoss.html,"CUYP, Aelbert",Ships Tossed in a Gale,1644.5,17,Dutch,landscape,Huile,400.0,282.0,1.4184397163120568,0.06000000000000005,data/raw/images/c/cuyp/aelbert/2/shiptoss.jpg
d__dahl__aftersto,images/d__dahl__aftersto.png,test,https://www.wga.hu/html/d/dahl/aftersto.html,"DAHL, Johan Christian Clausen",Morning after a Stormy Night,1819.0,19,Norwegian,landscape,Huile,400.0,280.0,1.4285714285714286,0.06666666666666676,data/raw/images/d/dahl/aftersto.jpg
d__dahl__belfries,images/d__dahl__belfries.png,train,https://www.wga.hu/html/d/dahl/belfries.html,"DAHL, Johan Christian Clausen","Two Belfries at Sunset, Copenhagen",1825.0,19,Norwegian,landscape,Huile,400.0,347.0,1.1527377521613833,0.13544668587896247,data/raw/images/d/dahl/belfries.jpg
d__dahl__cloud_st,images/d__dahl__cloud_st.png,train,https://www.wga.hu/html/d/dahl/cloud_st.html,"DAHL, Johan Christian Clausen","Cloud Study, Thunder Clouds over the Palace Tower at Dresden",1825.0,19,Norwegian,landscape,Huile,400.0,377.0,1.0610079575596818,0.20424403183023865,data/raw/images/d/dahl/cloud_st.jpg
d__dahl__cloud_sx,images/d__dahl__cloud_sx.png,train,https://www.wga.hu/html/d/dahl/cloud_sx.html,"DAHL, Johan Christian Clausen",Cloud Study with Horizon,1832.0,19,Norwegian,landscape,Huile,400.0,347.0,1.1527377521613833,0.13544668587896247,data/raw/images/d/dahl/cloud_sx.jpg
d__dahl__fullmoon,images/d__dahl__fullmoon.png,train,https://www.wga.hu/html/d/dahl/fullmoon.html,"DAHL, Johan Christian Clausen",View of Dresden at Full Moon,1839.0,19,Norwegian,landscape,Huile,400.0,226.0,1.7699115044247788,0.2466666666666667,data/raw/images/d/dahl/fullmoon.jpg
d__dahl__mountain,images/d__dahl__mountain.png,train,https://www.wga.hu/html/d/dahl/mountain.html,"DAHL, Johan Christian Clausen",Mountain Landscape with a Castle,1816.0,19,Norwegian,landscape,Huile,400.0,289.0,1.3840830449826989,0.036666666666666625,data/raw/images/d/dahl/mountain.jpg
d__dahl__vesuviu,images/d__dahl__vesuviu.png,train,https://www.wga.hu/html/d/dahl/vesuviu.html,"DAHL, Johan Christian Clausen",Eruption of the Volcano Vesuvius,1821.0,19,Norwegian,landscape,Huile,400.0,280.0,1.4285714285714286,0.06666666666666676,data/raw/images/d/dahl/vesuviu.jpg
d__dahl__vesuvius,images/d__dahl__vesuvius.png,train,https://www.wga.hu/html/d/dahl/vesuvius.html,"DAHL, Johan Christian Clausen",Eruption of the Vesuvius,1823.0,19,Norwegian,landscape,Huile,400.0,265.0,1.509433962264151,0.11666666666666681,data/raw/images/d/dahl/vesuvius.jpg
d__dahl__winterla,images/d__dahl__winterla.png,train,https://www.wga.hu/html/d/dahl/winterla.html,"DAHL, Johan Christian Clausen","Winter Landscape near Vordingborg, Denmark",1829.0,19,Norwegian,landscape,Huile,400.0,330.0,1.2121212121212122,0.09090909090909083,data/raw/images/d/dahl/winterla.jpg
d__dalem__farm,images/d__dalem__farm.png,train,https://www.wga.hu/html/d/dalem/farm.html,"DALEM, Cornelis van",Landscape with Farm,1564.0,16,Flemish,landscape,Non précisé (support seul),400.0,320.0,1.25,0.0625,data/raw/images/d/dalem/farm.jpg
d__dalem__farmyard,images/d__dalem__farmyard.png,test,https://www.wga.hu/html/d/dalem/farmyard.html,"DALEM, Cornelis van",Farmyard with a Beggar,1564.5,16,Flemish,landscape,Huile,400.0,289.0,1.3840830449826989,0.036666666666666625,data/raw/images/d/dalem/farmyard.jpg
d__dalem__shepherd,images/d__dalem__shepherd.png,train,https://www.wga.hu/html/d/dalem/shepherd.html,"DALEM, Cornelis van",Landscape with Shepherds,1555.0,16,Flemish,landscape,Non précisé (support seul),400.0,271.0,1.4760147601476015,0.09666666666666668,data/raw/images/d/dalem/shepherd.jpg
d__dalens__dirck1__harbour,images/d__dalens__dirck1__harbour.png,train,https://www.wga.hu/html/d/dalens/dirck1/harbour.html,"DALENS, Dirck I",Netherlandish Harbour with Fishing Boats,,17,Dutch,landscape,Huile,400.0,384.0,1.0416666666666667,0.2187499999999999,data/raw/images/d/dalens/dirck1/harbour.jpg
d__dalens__dirck1__landsca1,images/d__dalens__dirck1__landsca1.png,train,https://www.wga.hu/html/d/dalens/dirck1/landsca1.html,"DALENS, Dirck I",Landscape with Diana Discovering Callisto's Pregnancy,,17,Dutch,landscape,Huile,400.0,262.0,1.5267175572519085,0.12666666666666682,data/raw/images/d/dalens/dirck1/landsca1.jpg
d__dalens__dirck1__landsca2,images/d__dalens__dirck1__landsca2.png,train,https://www.wga.hu/html/d/dalens/dirck1/landsca2.html,"DALENS, Dirck I",Landscape with Latona,,17,Dutch,landscape,Huile,400.0,344.0,1.1627906976744187,0.12790697674418594,data/raw/images/d/dalens/dirck1/landsca2.jpg
d__dalens__dirck2__river_la,images/d__dalens__dirck2__river_la.png,train,https://www.wga.hu/html/d/dalens/dirck2/river_la.html,"DALENS, Dirck II",River Landscape,,17,Dutch,landscape,Huile,400.0,337.0,1.1869436201780414,0.10979228486646886,data/raw/images/d/dalens/dirck2/river_la.jpg
d__dalens__dirck3__river_la,images/d__dalens__dirck3__river_la.png,train,https://www.wga.hu/html/d/dalens/dirck3/river_la.html,"DALENS, Dirck III",Frozen River Landscape,,18,Dutch,landscape,Huile,400.0,288.0,1.3888888888888888,0.040000000000000036,data/raw/images/d/dalens/dirck3/river_la.jpg
d__dalens__dirck3__winterla,images/d__dalens__dirck3__winterla.png,train,https://www.wga.hu/html/d/dalens/dirck3/winterla.html,"DALENS, Dirck III",Winter Landscape with Travelers,,18,Dutch,landscape,Huile,400.0,318.0,1.2578616352201257,0.05660377358490565,data/raw/images/d/dalens/dirck3/winterla.jpg
d__danby__brokenbr,images/d__danby__brokenbr.png,train,https://www.wga.hu/html/d/danby/brokenbr.html,"DANBY, Francis",The Broken Bridge,,19,Irish,landscape,Huile,400.0,280.0,1.4285714285714286,0.06666666666666676,data/raw/images/d/danby/brokenbr.jpg
d__daubigny__charles__harvest,images/d__daubigny__charles__harvest.png,train,https://www.wga.hu/html/d/daubigny/charles/harvest.html,"DAUBIGNY, Charles-François",Harvest Time,1851.0,19,French,landscape,Huile,400.0,271.0,1.4760147601476015,0.09666666666666668,data/raw/images/d/daubigny/charles/harvest.jpg
d__daubigny__charles__mouth,images/d__daubigny__charles__mouth.png,train,https://www.wga.hu/html/d/daubigny/charles/mouth.html,"DAUBIGNY, Charles-François",The Mouth of the Thames,1866.0,19,French,landscape,Huile,400.0,232.0,1.7241379310344827,0.22666666666666668,data/raw/images/d/daubigny/charles/mouth.jpg
d__daubigny__charles__pool,images/d__daubigny__charles__pool.png,train,https://www.wga.hu/html/d/daubigny/charles/pool.html,"DAUBIGNY, Charles-François",The Pool at Gyliez,1853.0,19,French,landscape,Huile,400.0,243.0,1.646090534979424,0.19000000000000006,data/raw/images/d/daubigny/charles/pool.jpg
d__daubigny__charles__riverban,images/d__daubigny__charles__riverban.png,train,https://www.wga.hu/html/d/daubigny/charles/riverban.html,"DAUBIGNY, Charles-François",River Bank,1866.0,19,French,landscape,Huile,400.0,225.0,1.7777777777777777,0.25,data/raw/images/d/daubigny/charles/riverban.jpg
d__daubigny__charles__seashore,images/d__daubigny__charles__seashore.png,train,https://www.wga.hu/html/d/daubigny/charles/seashore.html,"DAUBIGNY, Charles-François",Seashore at Villerville,1875.0,19,French,landscape,Huile,400.0,227.0,1.7621145374449338,0.2433333333333333,data/raw/images/d/daubigny/charles/seashore.jpg
d__daubigny__charles__sluicega,images/d__daubigny__charles__sluicega.png,train,https://www.wga.hu/html/d/daubigny/charles/sluicega.html,"DAUBIGNY, Charles-François",The Sluice-gate at Optevoz (Isère),1859.0,19,French,landscape,Huile,400.0,256.0,1.5625,0.14666666666666672,data/raw/images/d/daubigny/charles/sluicega.jpg
d__daubigny__karl__sunset,images/d__daubigny__karl__sunset.png,train,https://www.wga.hu/html/d/daubigny/karl/sunset.html,"DAUBIGNY, Karl","Landscape with River, Sunset",1865.0,19,French,landscape,Huile,400.0,269.0,1.486988847583643,0.10333333333333328,data/raw/images/d/daubigny/karl/sunset.jpg
d__dauzats__giralda,images/d__dauzats__giralda.png,train,https://www.wga.hu/html/d/dauzats/giralda.html,"DAUZATS, Adrien","The Giralda, Seville",1836.5,19,French,landscape,Huile,400.0,274.0,1.4598540145985401,0.08666666666666667,data/raw/images/d/dauzats/giralda.jpg
d__deak-ebn__1riversi,images/d__deak-ebn__1riversi.png,train,https://www.wga.hu/html/d/deak-ebn/1riversi.html,"DEÁK-ÉBNER, Lajos",Riverside,1878.5,19,Hungarian,landscape,Huile,400.0,265.0,1.509433962264151,0.11666666666666681,data/raw/images/d/deak-ebn/1riversi.jpg
d__decamps__thecarava,images/d__decamps__thecarava.png,train,https://www.wga.hu/html/d/decamps/thecarava.html,"DECAMPS, Alexandre Gabriel",The Caravan,1854.0,19,French,landscape,Huile,400.0,232.0,1.7241379310344827,0.22666666666666668,data/raw/images/d/decamps/thecarava.jpg
d__decker_c__cottage,images/d__decker_c__cottage.png,test,https://www.wga.hu/html/d/decker_c/cottage.html,"DECKER, Cornelis Gerritsz",Cottage among Trees on Bank of Stream,1669.0,17,Dutch,landscape,Huile,400.0,324.0,1.2345679012345678,0.07407407407407407,data/raw/images/d/decker_c/cottage.jpg
d__decker_c__farmyarc,images/d__decker_c__farmyarc.png,train,https://www.wga.hu/html/d/decker_c/farmyarc.html,"DECKER, Cornelis Gerritsz",Landscape with a Village Road,,17,Dutch,landscape,Huile,400.0,312.0,1.2820512820512822,0.038461538461538325,data/raw/images/d/decker_c/farmyarc.jpg
d__decker_c__farmyard,images/d__decker_c__farmyard.png,train,https://www.wga.hu/html/d/decker_c/farmyard.html,"DECKER, Cornelis Gerritsz",Landscape with a Farmyard,,17,Dutch,landscape,Huile,400.0,314.0,1.2738853503184713,0.04458598726114649,data/raw/images/d/decker_c/farmyard.jpg
d__delacroi__5__503delac,images/d__delacroi__5__503delac.png,train,https://www.wga.hu/html/d/delacroi/5/503delac.html,"DELACROIX, Eugène",The Sea from the Heights of Dieppe,1852.0,19,French,landscape,Huile,400.0,271.0,1.4760147601476015,0.09666666666666668,data/raw/images/d/delacroi/5/503delac.jpg
d__delacroi__5__504delac,images/d__delacroi__5__504delac.png,train,https://www.wga.hu/html/d/delacroi/5/504delac.html,"DELACROIX, Eugène",Christ on the Lake of Gennezaret,1854.0,19,French,landscape,Huile,400.0,325.0,1.2307692307692308,0.07692307692307687,data/raw/images/d/delacroi/5/504delac.jpg
d__delane__dawn,images/d__delane__dawn.png,train,https://www.wga.hu/html/d/delane/dawn.html,"DELANE, Solomon",A View near Tivoli at Dawn,1777.0,18,Irish,landscape,Huile,400.0,307.0,1.3029315960912051,0.0228013029315961,data/raw/images/d/delane/dawn.jpg
d__delane__lakenemi,images/d__delane__lakenemi.png,train,https://www.wga.hu/html/d/delane/lakenemi.html,"DELANE, Solomon","View of Lake Nemi, Italy",1774.5,18,Irish,landscape,Huile,400.0,301.0,1.3289036544850499,0.0033222591362125353,data/raw/images/d/delane/lakenemi.jpg
d__delane__landscap,images/d__delane__landscap.png,train,https://www.wga.hu/html/d/delane/landscap.html,"DELANE, Solomon",Landscape with the Flight into Egypt,1772.0,18,Irish,landscape,Huile,400.0,292.0,1.36986301369863,0.026666666666666616,data/raw/images/d/delane/landscap.jpg
d__delavall__farmyard,images/d__delavall__farmyard.png,train,https://www.wga.hu/html/d/delavall/farmyard.html,"DELAVALLÉE, Henri",Farmyard,1887.0,19,French,landscape,Huile,400.0,316.0,1.2658227848101267,0.050632911392405,data/raw/images/d/delavall/farmyard.jpg
d__delen__capricci,images/d__delen__capricci.png,train,https://www.wga.hu/html/d/delen/capricci.html,"DELEN, Dirck van",Architectural Capriccio with Jephthah and His Daughter,1633.0,17,Dutch,landscape,Huile,400.0,261.0,1.5325670498084292,0.13000000000000012,data/raw/images/d/delen/capricci.jpg
d__delen__palace_c,images/d__delen__palace_c.png,train,https://www.wga.hu/html/d/delen/palace_c.html,"DELEN, Dirck van",Palace Courtyard with Figures,1635.0,17,Dutch,landscape,Huile,400.0,364.0,1.098901098901099,0.17582417582417575,data/raw/images/d/delen/palace_c.jpg
d__delpy__fields,images/d__delpy__fields.png,train,https://www.wga.hu/html/d/delpy/fields.html,"DELPY, Hippolyte-Camille","Fields at the Edge of the Village, Bois-le-Roi",1876.0,19,French,landscape,Huile,400.0,271.0,1.4760147601476015,0.09666666666666668,data/raw/images/d/delpy/fields.jpg
d__delpy__paris1,images/d__delpy__paris1.png,train,https://www.wga.hu/html/d/delpy/paris1.html,"DELPY, Hippolyte-Camille","The Pont Neuf and the Quai des Orfèvres, from the Place du Pont Neuf",1875.0,19,French,landscape,Huile,400.0,237.0,1.6877637130801688,0.21000000000000008,data/raw/images/d/delpy/paris1.jpg
d__delpy__paris2,images/d__delpy__paris2.png,train,https://www.wga.hu/html/d/delpy/paris2.html,"DELPY, Hippolyte-Camille",La Rue des Martyrs; Paris in the Snow,1876.0,19,French,landscape,Huile,400.0,238.0,1.680672268907563,0.20666666666666678,data/raw/images/d/delpy/paris2.jpg
d__delpy__theriver,images/d__delpy__theriver.png,train,https://www.wga.hu/html/d/delpy/theriver.html,"DELPY, Hippolyte-Camille",The River at Pont-sur-Yvonne,1898.0,19,French,landscape,Huile,400.0,285.0,1.4035087719298245,0.050000000000000044,data/raw/images/d/delpy/theriver.jpg
d__delpy__theseine,images/d__delpy__theseine.png,train,https://www.wga.hu/html/d/delpy/theseine.html,"DELPY, Hippolyte-Camille",The Seine at Rangiport,,19,French,landscape,Huile,400.0,232.0,1.7241379310344827,0.22666666666666668,data/raw/images/d/delpy/theseine.jpg
d__denis__tivoli,images/d__denis__tivoli.png,train,https://www.wga.hu/html/d/denis/tivoli.html,"DENIS, Simon-Joseph-Alexandre-Clément","View of Monticelli, near Tivoli",,18,Flemish,landscape,Huile,400.0,276.0,1.4492753623188406,0.08000000000000007,data/raw/images/d/denis/tivoli.jpg
d__deppe__houses,images/d__deppe__houses.png,train,https://www.wga.hu/html/d/deppe/houses.html,"DEPPE, Ludwig",Houses at a Millrace,1820.0,19,German,landscape,Huile,400.0,322.0,1.2422360248447204,0.06832298136645965,data/raw/images/d/deppe/houses.jpg
d__desporte__l_study1,images/d__desporte__l_study1.png,train,https://www.wga.hu/html/d/desporte/l_study1.html,"DESPORTES, Alexandre-François",River Landscape,1700.0,18,French,landscape,Huile,400.0,260.0,1.5384615384615385,0.13333333333333341,data/raw/images/d/desporte/l_study1.jpg
d__devis__anthony__tabley,images/d__devis__anthony__tabley.png,train,https://www.wga.hu/html/d/devis/anthony/tabley.html,"DEVIS, Anthony",Tabley House,1774.5,18,English,landscape,Huile,400.0,308.0,1.2987012987012987,0.025974025974025983,data/raw/images/d/devis/anthony/tabley.jpg
d__diazdela__clearing,images/d__diazdela__clearing.png,train,https://www.wga.hu/html/d/diazdela/clearing.html,"DIAZ DE LA PEÑA, Narcisse Virgile",Clearing in the Woods,,19,French,landscape,Huile,400.0,324.0,1.2345679012345678,0.07407407407407407,data/raw/images/d/diazdela/clearing.jpg
d__diazdela__forest,images/d__diazdela__forest.png,train,https://www.wga.hu/html/d/diazdela/forest.html,"DIAZ DE LA PEÑA, Narcisse Virgile",The Forest in Fontainebleau,1867.0,19,French,landscape,Huile,400.0,309.0,1.2944983818770226,0.029126213592232997,data/raw/images/d/diazdela/forest.jpg
d__diazdela__pinetree,images/d__diazdela__pinetree.png,train,https://www.wga.hu/html/d/diazdela/pinetree.html,"DIAZ DE LA PEÑA, Narcisse Virgile",Landscape with a Pine-tree,1864.0,19,French,landscape,Huile,400.0,250.0,1.6,0.16666666666666674,data/raw/images/d/diazdela/pinetree.jpg
d__diazdela__roadwood,images/d__diazdela__roadwood.png,train,https://www.wga.hu/html/d/diazdela/roadwood.html,"DIAZ DE LA PEÑA, Narcisse Virgile",Road in the Wood,1854.5,19,French,landscape,Huile,400.0,332.0,1.2048192771084338,0.09638554216867457,data/raw/images/d/diazdela/roadwood.jpg
d__dietrich__italiana,images/d__dietrich__italiana.png,train,https://www.wga.hu/html/d/dietrich/italiana.html,"DIETRICH, Christian Wilhelm Ernst",Italianate Landscape,,18,German,landscape,Huile,400.0,310.0,1.2903225806451613,0.032258064516129004,data/raw/images/d/dietrich/italiana.jpg
d__dietrich__park_set,images/d__dietrich__park_set.png,test,https://www.wga.hu/html/d/dietrich/park_set.html,"DIETRICH, Christian Wilhelm Ernst",Comedic Performance in a Park Setting,,18,German,landscape,Huile,400.0,390.0,1.0256410256410255,0.23076923076923084,data/raw/images/d/dietrich/park_set.jpg
d__dillis__grottafe,images/d__dillis__grottafe.png,train,https://www.wga.hu/html/d/dillis/grottafe.html,"DILLIS, Johann Georg von",Grottaferrata near Rome,1796.5,18,German,landscape,Huile,400.0,290.0,1.3793103448275863,0.03333333333333344,data/raw/images/d/dillis/grottafe.jpg
d__diziani__antonio__hunting,images/d__diziani__antonio__hunting.png,train,https://www.wga.hu/html/d/diziani/antonio/hunting.html,"DIZIANI, Antonio",Hunting Capriccio,,18,Italian,landscape,Huile,400.0,316.0,1.2658227848101267,0.050632911392405,data/raw/images/d/diziani/antonio/hunting.jpg
d__diziani__antonio__landbrid,images/d__diziani__antonio__landbrid.png,train,https://www.wga.hu/html/d/diziani/antonio/landbrid.html,"DIZIANI, Antonio",Landscape with Bridge,,18,Italian,landscape,Huile,400.0,298.0,1.342281879194631,0.006666666666666821,data/raw/images/d/diziani/antonio/landbrid.jpg
d__domenici__langmat1,images/d__domenici__langmat1.png,test,https://www.wga.hu/html/d/domenici/langmat1.html,"DOMENICHINI, Apollonio","View of Piazza San Marco with the Basilica, Venice",1744.0,18,Italian,landscape,Huile,400.0,231.0,1.7316017316017316,0.22999999999999998,data/raw/images/d/domenici/langmat1.jpg
d__domenici__langmat2,images/d__domenici__langmat2.png,train,https://www.wga.hu/html/d/domenici/langmat2.html,"DOMENICHINI, Apollonio","View from the Giudecca, Venice",1744.0,18,Italian,landscape,Huile,400.0,230.0,1.7391304347826086,0.2333333333333334,data/raw/images/d/domenici/langmat2.jpg
d__domenici__venice1,images/d__domenici__venice1.png,train,https://www.wga.hu/html/d/domenici/venice1.html,"DOMENICHINI, Apollonio","View of Piazza San Marco, Venice, Looking North",,18,Italian,landscape,Huile,400.0,272.0,1.4705882352941178,0.09333333333333349,data/raw/images/d/domenici/venice1.jpg
d__domenici__venice2,images/d__domenici__venice2.png,train,https://www.wga.hu/html/d/domenici/venice2.html,"DOMENICHINI, Apollonio","View of the Grand Canal, Venice",,18,Italian,landscape,Huile,400.0,248.0,1.6129032258064515,0.17333333333333334,data/raw/images/d/domenici/venice2.jpg
d__domenici__viewrome,images/d__domenici__viewrome.png,test,https://www.wga.hu/html/d/domenici/viewrome.html,"DOMENICHINI, Apollonio",View of Piazza del Pantheon in Rome,1750.0,18,Italian,landscape,Huile,400.0,236.0,1.694915254237288,0.21333333333333337,data/raw/images/d/domenici/viewrome.jpg
d__domenich__1__landford,images/d__domenich__1__landford.png,train,https://www.wga.hu/html/d/domenich/1/landford.html,DOMENICHINO,Landscape with Ford,1603.0,17,Italian,landscape,Huile,400.0,317.0,1.2618296529968454,0.05362776025236593,data/raw/images/d/domenich/1/landford.jpg
d__domenich__1__landsca1,images/d__domenich__1__landsca1.png,train,https://www.wga.hu/html/d/domenich/1/landsca1.html,DOMENICHINO,Landscape with a Child Overturning Wine,1604.5,17,Italian,landscape,Huile,400.0,334.0,1.1976047904191616,0.10179640718562877,data/raw/images/d/domenich/1/landsca1.jpg
d__domenich__1__landsca3,images/d__domenich__1__landsca3.png,train,https://www.wga.hu/html/d/domenich/1/landsca3.html,DOMENICHINO,Landscape with the Flight into Egypt,1605.0,17,Italian,landscape,Huile,400.0,299.0,1.3377926421404682,0.0033333333333334103,data/raw/images/d/domenich/1/landsca3.jpg
d__domenich__1__landsca4,images/d__domenich__1__landsca4.png,train,https://www.wga.hu/html/d/domenich/1/landsca4.html,DOMENICHINO,Landscape with the Flight into Egypt,1621.5,17,Italian,landscape,Huile,400.0,304.0,1.3157894736842106,0.013157894736842035,data/raw/images/d/domenich/1/landsca4.jpg
d__domenich__1__landsca5,images/d__domenich__1__landsca5.png,train,https://www.wga.hu/html/d/domenich/1/landsca5.html,DOMENICHINO,River Landscape with a Boatman and Fishermen,1605.0,17,Italian,landscape,Huile,400.0,309.0,1.2944983818770226,0.029126213592232997,data/raw/images/d/domenich/1/landsca5.jpg
d__domenico__michelin__dante,images/d__domenico__michelin__dante.png,train,https://www.wga.hu/html/d/domenico/michelin/dante.html,DOMENICO DI MICHELINO,Dante and the Three Kingdoms,1465.0,15,Italian,landscape,Huile,400.0,313.0,1.2779552715654952,0.04153354632587858,data/raw/images/d/domenico/michelin/dante.jpg
d__dore__painting,images/d__dore__painting.png,train,https://www.wga.hu/html/d/dore/painting.html,"DORÉ, Gustave",Gorge,1878.0,19,French,landscape,Huile,400.0,256.0,1.5625,0.14666666666666672,data/raw/images/d/dore/painting.jpg
d__dreyer__dolmen,images/d__dreyer__dolmen.png,train,https://www.wga.hu/html/d/dreyer/dolmen.html,"DREYER, Dankvart",Dolmen on Brandsø,1842.0,19,Danish,landscape,Huile,400.0,286.0,1.3986013986013985,0.046666666666666634,data/raw/images/d/dreyer/dolmen.jpg
d__dreyer__glade,images/d__dreyer__glade.png,train,https://www.wga.hu/html/d/dreyer/glade.html,"DREYER, Dankvart",Glade in a Forest,1838.0,19,Danish,landscape,Huile,400.0,330.0,1.2121212121212122,0.09090909090909083,data/raw/images/d/dreyer/glade.jpg
d__dreyer__roadhill,images/d__dreyer__roadhill.png,test,https://www.wga.hu/html/d/dreyer/roadhill.html,"DREYER, Dankvart",Road across the Hills,1842.0,19,Danish,landscape,Huile,400.0,276.0,1.4492753623188406,0.08000000000000007,data/raw/images/d/dreyer/roadhill.jpg
d__droochsl__v_street,images/d__droochsl__v_street.png,train,https://www.wga.hu/html/d/droochsl/v_street.html,"DROOCHSLOOT, Joost Cornelisz.",Village Street,1654.5,17,Dutch,landscape,Huile,400.0,263.0,1.520912547528517,0.1233333333333333,data/raw/images/d/droochsl/v_street.jpg
d__droochsl__village,images/d__droochsl__village.png,train,https://www.wga.hu/html/d/droochsl/village.html,"DROOCHSLOOT, Joost Cornelisz.",Village Street,1654.0,17,Dutch,landscape,Huile,400.0,232.0,1.7241379310344827,0.22666666666666668,data/raw/images/d/droochsl/village.jpg
d__droochsl__villages,images/d__droochsl__villages.png,train,https://www.wga.hu/html/d/droochsl/villages.html,"DROOCHSLOOT, Joost Cornelisz.",Village Street,1646.0,17,Dutch,landscape,Huile,400.0,277.0,1.444043321299639,0.07666666666666677,data/raw/images/d/droochsl/villages.jpg
d__droochsl__vilscene,images/d__droochsl__vilscene.png,train,https://www.wga.hu/html/d/droochsl/vilscene.html,"DROOCHSLOOT, Joost Cornelisz.",Village Scene,1623.0,17,Dutch,landscape,Huile,400.0,282.0,1.4184397163120568,0.06000000000000005,data/raw/images/d/droochsl/vilscene.jpg
d__droochsl__winter,images/d__droochsl__winter.png,train,https://www.wga.hu/html/d/droochsl/winter.html,"DROOCHSLOOT, Joost Cornelisz.",Winter in a Dutch Town,,17,Dutch,landscape,Huile,400.0,266.0,1.5037593984962405,0.11333333333333329,data/raw/images/d/droochsl/winter.jpg
d__dubbels__river_la,images/d__dubbels__river_la.png,train,https://www.wga.hu/html/d/dubbels/river_la.html,"DUBBELS, Hendrik Jakobsz.",River Landscape with a Vessel Saluting,,17,Dutch,landscape,Huile,400.0,263.0,1.520912547528517,0.1233333333333333,data/raw/images/d/dubbels/river_la.jpg
d__dubbels__vessels,images/d__dubbels__vessels.png,train,https://www.wga.hu/html/d/dubbels/vessels.html,"DUBBELS, Hendrik Jakobsz.",Small Dutch Vessels in a Calm,1670.0,17,Dutch,landscape,Huile,400.0,312.0,1.2820512820512822,0.038461538461538325,data/raw/images/d/dubbels/vessels.jpg
d__duboispi__marne,images/d__duboispi__marne.png,train,https://www.wga.hu/html/d/duboispi/marne.html,"DUBOIS-PILLET, Albert",The Marne at Dawn,1888.0,19,French,landscape,Huile,400.0,283.0,1.4134275618374559,0.056666666666666754,data/raw/images/d/duboispi/marne.jpg
d__dughet__a_landsc,images/d__dughet__a_landsc.png,train,https://www.wga.hu/html/d/dughet/a_landsc.html,"DUGHET, Gaspard",Landscape,1642.5,17,French,landscape,Huile,400.0,297.0,1.3468013468013469,0.01000000000000012,data/raw/images/d/dughet/a_landsc.jpg
d__dughet__h_landsc,images/d__dughet__h_landsc.png,train,https://www.wga.hu/html/d/dughet/h_landsc.html,"DUGHET, Gaspard",Heroic Landscape with Figures,,17,French,landscape,Huile,400.0,286.0,1.3986013986013985,0.046666666666666634,data/raw/images/d/dughet/h_landsc.jpg
d__dughet__i_landsc,images/d__dughet__i_landsc.png,train,https://www.wga.hu/html/d/dughet/i_landsc.html,"DUGHET, Gaspard",Imaginary Landscape,1654.5,17,French,landscape,Huile,400.0,303.0,1.3201320132013201,0.00990099009900991,data/raw/images/d/dughet/i_landsc.jpg
d__dughet__italland,images/d__dughet__italland.png,test,https://www.wga.hu/html/d/dughet/italland.html,"DUGHET, Gaspard",Italianate Landscape,,17,French,landscape,Huile,400.0,284.0,1.408450704225352,0.053333333333333344,data/raw/images/d/dughet/italland.jpg
d__dughet__landmagd,images/d__dughet__landmagd.png,train,https://www.wga.hu/html/d/dughet/landmagd.html,"DUGHET, Gaspard",Landscape with Magdalen Worshipping the Cross,1664.5,17,French,landscape,Huile,400.0,227.0,1.7621145374449338,0.2433333333333333,data/raw/images/d/dughet/landmagd.jpg
d__dughet__landscap,images/d__dughet__landscap.png,train,https://www.wga.hu/html/d/dughet/landscap.html,"DUGHET, Gaspard",Landscape with St Augustine and the Mystery,1652.0,17,French,landscape,Huile,400.0,280.0,1.4285714285714286,0.06666666666666676,data/raw/images/d/dughet/landscap.jpg
d__dughet__lanjerom,images/d__dughet__lanjerom.png,train,https://www.wga.hu/html/d/dughet/lanjerom.html,"DUGHET, Gaspard",Landscape with St Jerome and the Lion,1640.0,17,French,landscape,Huile,400.0,266.0,1.5037593984962405,0.11333333333333329,data/raw/images/d/dughet/lanjerom.jpg
d__dughet__lanlight,images/d__dughet__lanlight.png,train,https://www.wga.hu/html/d/dughet/lanlight.html,"DUGHET, Gaspard",Landscape with Lightning,1668.0,17,French,landscape,Huile,400.0,254.0,1.5748031496062993,0.15333333333333343,data/raw/images/d/dughet/lanlight.jpg
d__dughet__rockylan,images/d__dughet__rockylan.png,train,https://www.wga.hu/html/d/dughet/rockylan.html,"DUGHET, Gaspard",Rocky Roman Landscape with a Hilltop Town,,17,French,landscape,Huile,400.0,272.0,1.4705882352941178,0.09333333333333349,data/raw/images/d/dughet/rockylan.jpg
d__dughet__tivoli2,images/d__dughet__tivoli2.png,train,https://www.wga.hu/html/d/dughet/tivoli2.html,"DUGHET, Gaspard",View of Tivoli,,17,French,landscape,Huile,400.0,337.0,1.1869436201780414,0.10979228486646886,data/raw/images/d/dughet/tivoli2.jpg
d__dughet__tivoli3,images/d__dughet__tivoli3.png,train,https://www.wga.hu/html/d/dughet/tivoli3.html,"DUGHET, Gaspard","A View of Tivoli, with the Teverone Flowing Beneath",,17,French,landscape,Huile,400.0,307.0,1.3029315960912051,0.0228013029315961,data/raw/images/d/dughet/tivoli3.jpg
d__dujardin__1young_s,images/d__dujardin__1young_s.png,train,https://www.wga.hu/html/d/dujardin/1young_s.html,"DUJARDIN, Karel",Italian Landscape with a Young Shepherd,1661.0,17,Dutch,landscape,Huile,400.0,329.0,1.21580547112462,0.08814589665653494,data/raw/images/d/dujardin/1young_s.jpg
d__dujardin__italiana,images/d__dujardin__italiana.png,train,https://www.wga.hu/html/d/dujardin/italiana.html,"DUJARDIN, Karel",Italianate Landscape with Travellers on Horseback,1675.0,17,Dutch,landscape,Huile,400.0,325.0,1.2307692307692308,0.07692307692307687,data/raw/images/d/dujardin/italiana.jpg
d__dujardin__italland,images/d__dujardin__italland.png,train,https://www.wga.hu/html/d/dujardin/italland.html,"DUJARDIN, Karel",Italian Landscape with Elegant Riders and Fishermen,1675.0,17,Dutch,landscape,Huile,400.0,301.0,1.3289036544850499,0.0033222591362125353,data/raw/images/d/dujardin/italland.jpg
d__dujardin__land_cam,images/d__dujardin__land_cam.png,train,https://www.wga.hu/html/d/dujardin/land_cam.html,"DUJARDIN, Karel",Landscape in the Roman Campagna,1675.0,17,Dutch,landscape,Huile,400.0,311.0,1.2861736334405145,0.03536977491961413,data/raw/images/d/dujardin/land_cam.jpg
d__dujardin__land_cat,images/d__dujardin__land_cat.png,train,https://www.wga.hu/html/d/dujardin/land_cat.html,"DUJARDIN, Karel",Landscape with Cattle,1654.5,17,Dutch,landscape,Huile,400.0,337.0,1.1869436201780414,0.10979228486646886,data/raw/images/d/dujardin/land_cat.jpg
d__dunouy__viewindo,images/d__dunouy__viewindo.png,train,https://www.wga.hu/html/d/dunouy/viewindo.html,"DUNOUY, Alexandre Hyacinthe",View from a Window of the Boulevard de la Madeleine in Paris,,19,French,landscape,Huile,400.0,302.0,1.3245033112582782,0.0066225165562913135,data/raw/images/d/dunouy/viewindo.jpg
d__duplessi__monochro,images/d__duplessi__monochro.png,train,https://www.wga.hu/html/d/duplessi/monochro.html,"DUPLESSIS, Joseph-Siffred",Landscape in Blue Monochrome,1784.5,18,French,landscape,Non précisé (support seul),400.0,346.0,1.1560693641618498,0.1329479768786126,data/raw/images/d/duplessi/monochro.jpg
d__dupre_j__barnyard,images/d__dupre_j__barnyard.png,train,https://www.wga.hu/html/d/dupre_j/barnyard.html,"DUPRÉ, Jules",The Barnyard,1843.0,19,French,landscape,Huile,400.0,240.0,1.6666666666666667,0.20000000000000007,data/raw/images/d/dupre_j/barnyard.jpg
d__dupre_j__forestla,images/d__dupre_j__forestla.png,train,https://www.wga.hu/html/d/dupre_j/forestla.html,"DUPRÉ, Jules",Forest Landscape,1841.0,19,French,landscape,Huile,400.0,266.0,1.5037593984962405,0.11333333333333329,data/raw/images/d/dupre_j/forestla.jpg
d__dupre_j__landcows,images/d__dupre_j__landcows.png,test,https://www.wga.hu/html/d/dupre_j/landcows.html,"DUPRÉ, Jules",Landscape with Cows,1874.5,19,French,landscape,Huile,400.0,288.0,1.3888888888888888,0.040000000000000036,data/raw/images/d/dupre_j/landcows.jpg
d__dupre_j__quiet,images/d__dupre_j__quiet.png,train,https://www.wga.hu/html/d/dupre_j/quiet.html,"DUPRÉ, Jules",A Quiet Afternoon,,19,French,landscape,Huile,400.0,281.0,1.4234875444839858,0.06333333333333346,data/raw/images/d/dupre_j/quiet.jpg
d__dupre_j__seascape,images/d__dupre_j__seascape.png,train,https://www.wga.hu/html/d/dupre_j/seascape.html,"DUPRÉ, Jules",Seascape at Cayeux,1870.0,19,French,landscape,Huile,400.0,320.0,1.25,0.0625,data/raw/images/d/dupre_j/seascape.jpg
d__durand_b__bosphoru,images/d__durand_b__bosphoru.png,train,https://www.wga.hu/html/d/durand_b/bosphoru.html,"DURAND-BRAGER, Jean Baptiste Henri",Bosphorus in Istanbul,1871.0,19,French,landscape,Huile,400.0,230.0,1.7391304347826086,0.2333333333333334,data/raw/images/d/durand_b/bosphoru.jpg
d__durand_b__dutchbar,images/d__durand_b__dutchbar.png,train,https://www.wga.hu/html/d/durand_b/dutchbar.html,"DURAND-BRAGER, Jean Baptiste Henri",Dutch Barges Running Inshore,,19,French,landscape,Huile,400.0,230.0,1.7391304347826086,0.2333333333333334,data/raw/images/d/durand_b/dutchbar.jpg
d__durand_b__magenta,images/d__durand_b__magenta.png,train,https://www.wga.hu/html/d/durand_b/magenta.html,"DURAND-BRAGER, Jean Baptiste Henri",The Magenta,1864.0,19,French,landscape,Huile,400.0,241.0,1.6597510373443984,0.19666666666666677,data/raw/images/d/durand_b/magenta.jpg
e__eakins__sculls,images/e__eakins__sculls.png,test,https://www.wga.hu/html/e/eakins/sculls.html,"EAKINS, Thomas",The Champion Single Sculls (Max Schmitt in a Single Scull),1871.0,19,American,landscape,Huile,400.0,274.0,1.4598540145985401,0.08666666666666667,data/raw/images/e/eakins/sculls.jpg
e__eckardt__calmseas,images/e__eckardt__calmseas.png,train,https://www.wga.hu/html/e/eckardt/calmseas.html,"ECKARDT, Christian Frederik Emil","A Frigate, Calm Seas",1867.0,19,Danish,landscape,Huile,400.0,252.0,1.5873015873015872,0.16000000000000003,data/raw/images/e/eckardt/calmseas.jpg
e__eckersbe__brigsail,images/e__eckersbe__brigsail.png,train,https://www.wga.hu/html/e/eckersbe/brigsail.html,"ECKERSBERG, Christoffer Wilhelm",A Brig under Sail in Fair Weather,1844.5,19,Danish,landscape,Huile,400.0,277.0,1.444043321299639,0.07666666666666677,data/raw/images/e/eckersbe/brigsail.jpg
e__eckersbe__colosseu,images/e__eckersbe__colosseu.png,train,https://www.wga.hu/html/e/eckersbe/colosseu.html,"ECKERSBERG, Christoffer Wilhelm",A View through Three Arches of the Third Storey of the Colosseum,1815.0,19,Danish,landscape,Huile,400.0,259.0,1.5444015444015444,0.13666666666666671,data/raw/images/e/eckersbe/colosseu.jpg
e__eckersbe__slorenzo,images/e__eckersbe__slorenzo.png,train,https://www.wga.hu/html/e/eckersbe/slorenzo.html,"ECKERSBERG, Christoffer Wilhelm","The Cloisters, San Lorenzo fuori le mura",1824.0,19,Danish,landscape,Huile,400.0,291.0,1.3745704467353952,0.030000000000000027,data/raw/images/e/eckersbe/slorenzo.jpg
e__eckersbe__viasacra,images/e__eckersbe__viasacra.png,test,https://www.wga.hu/html/e/eckersbe/viasacra.html,"ECKERSBERG, Christoffer Wilhelm","A Section of the Via Sacra, Rome",1814.5,19,Danish,landscape,Huile,400.0,285.0,1.4035087719298245,0.050000000000000044,data/raw/images/e/eckersbe/viasacra.jpg
e__edelfelt__luxembou,images/e__edelfelt__luxembou.png,train,https://www.wga.hu/html/e/edelfelt/luxembou.html,"EDELFELT, Albert",In the Luxembourg Gardens,1887.0,19,Finnish,landscape,Huile,400.0,299.0,1.3377926421404682,0.0033333333333334103,data/raw/images/e/edelfelt/luxembou.jpg
e__eertvelt__coastal,images/e__eertvelt__coastal.png,test,https://www.wga.hu/html/e/eertvelt/coastal.html,"EERTVELT, Andries van",Mediterranean Coastal Scene,,17,Flemish,landscape,Huile,400.0,294.0,1.3605442176870748,0.020000000000000018,data/raw/images/e/eertvelt/coastal.jpg
e__eertvelt__estuary,images/e__eertvelt__estuary.png,train,https://www.wga.hu/html/e/eertvelt/estuary.html,"EERTVELT, Andries van",An Estuary Scene,,17,Flemish,landscape,Huile,400.0,278.0,1.4388489208633093,0.07333333333333336,data/raw/images/e/eertvelt/estuary.jpg
e__eertvelt__twoships,images/e__eertvelt__twoships.png,train,https://www.wga.hu/html/e/eertvelt/twoships.html,"EERTVELT, Andries van",Two Ships at Anchor,1644.5,17,Flemish,landscape,Huile,400.0,258.0,1.550387596899225,0.14000000000000012,data/raw/images/e/eertvelt/twoships.jpg
e__ekels__father__roodepoo,images/e__ekels__father__roodepoo.png,train,https://www.wga.hu/html/e/ekels/father/roodepoo.html,"EKELS, Jan the Elder",Roodepoort Tower,1766.0,18,Dutch,landscape,Huile,400.0,317.0,1.2618296529968454,0.05362776025236593,data/raw/images/e/ekels/father/roodepoo.jpg
e__ekels__father__viewams1,images/e__ekels__father__viewams1.png,train,https://www.wga.hu/html/e/ekels/father/viewams1.html,"EKELS, Jan the Elder",View of Amsterdam,1765.0,18,Dutch,landscape,Huile,400.0,293.0,1.3651877133105803,0.023333333333333428,data/raw/images/e/ekels/father/viewams1.jpg
e__ekels__father__viewams2,images/e__ekels__father__viewams2.png,train,https://www.wga.hu/html/e/ekels/father/viewams2.html,"EKELS, Jan the Elder",View of Amsterdam,,18,Dutch,landscape,Huile,400.0,328.0,1.2195121951219512,0.08536585365853655,data/raw/images/e/ekels/father/viewams2.jpg
e__ekels__father__zuidsing,images/e__ekels__father__zuidsing.png,train,https://www.wga.hu/html/e/ekels/father/zuidsing.html,"EKELS, Jan the Elder","View of the Zuidsingel, Amersfoort",1770.0,18,Dutch,landscape,Huile,400.0,315.0,1.2698412698412698,0.04761904761904767,data/raw/images/e/ekels/father/zuidsing.jpg
e__ender__thomas__glacier,images/e__ender__thomas__glacier.png,train,https://www.wga.hu/html/e/ender/thomas/glacier.html,"ENDER, Thomas",The Grossglockner with the Pasterze Glacier,1830.0,19,Austrian,landscape,Huile,400.0,295.0,1.3559322033898304,0.01666666666666672,data/raw/images/e/ender/thomas/glacier.jpg
e__ender__thomas__rjaneiro,images/e__ender__thomas__rjaneiro.png,train,https://www.wga.hu/html/e/ender/thomas/rjaneiro.html,"ENDER, Thomas",View of Rio de Janeiro,1837.0,19,Austrian,landscape,Huile,400.0,262.0,1.5267175572519085,0.12666666666666682,data/raw/images/e/ender/thomas/rjaneiro.jpg
e__esselens__river_la,images/e__esselens__river_la.png,train,https://www.wga.hu/html/e/esselens/river_la.html,"ESSELENS, Jacob",River Landscape,,17,Dutch,landscape,Huile,400.0,320.0,1.25,0.0625,data/raw/images/e/esselens/river_la.jpg
e__evenepoe__sunday,images/e__evenepoe__sunday.png,test,https://www.wga.hu/html/e/evenepoe/sunday.html,"EVENEPOEL, Henri",Sunday in the Bois de Boulogne,1891.0,19,Belgian,landscape,Huile,400.0,256.0,1.5625,0.14666666666666672,data/raw/images/e/evenepoe/sunday.jpg
e__everding__allaert__river_la,images/e__everding__allaert__river_la.png,train,https://www.wga.hu/html/e/everding/allaert/river_la.html,"EVERDINGEN, Allaert van",Mountainous River Landscape,1660.0,17,Dutch,landscape,Huile,400.0,297.0,1.3468013468013469,0.01000000000000012,data/raw/images/e/everding/allaert/river_la.jpg
e__everding__allaert__scandina,images/e__everding__allaert__scandina.png,train,https://www.wga.hu/html/e/everding/allaert/scandina.html,"EVERDINGEN, Allaert van",Scandinavian Wooded Landscape,,17,Dutch,landscape,Huile,400.0,327.0,1.2232415902140672,0.0825688073394496,data/raw/images/e/everding/allaert/scandina.jpg
e__everding__allaert__scandroc,images/e__everding__allaert__scandroc.png,train,https://www.wga.hu/html/e/everding/allaert/scandroc.html,"EVERDINGEN, Allaert van",Scandinavian Rocky River Landscape,1649.0,17,Dutch,landscape,Huile,400.0,327.0,1.2232415902140672,0.0825688073394496,data/raw/images/e/everding/allaert/scandroc.jpg
e__everding__allaert__scanland,images/e__everding__allaert__scanland.png,train,https://www.wga.hu/html/e/everding/allaert/scanland.html,"EVERDINGEN, Allaert van",Scandinavian Landscape,1647.0,17,Dutch,landscape,Huile,400.0,328.0,1.2195121951219512,0.08536585365853655,data/raw/images/e/everding/allaert/scanland.jpg
e__eyckgasp__seascape,images/e__eyckgasp__seascape.png,train,https://www.wga.hu/html/e/eyckgasp/seascape.html,"EYCK, Gaspard van",Seascape,1650.0,17,Flemish,landscape,Huile,400.0,293.0,1.3651877133105803,0.023333333333333428,data/raw/images/e/eyckgasp/seascape.jpg
f__fabris__naples,images/f__fabris__naples.png,test,https://www.wga.hu/html/f/fabris/naples.html,"FABRIS, Pietro","Naples, a View of Mergellina",1777.0,18,Italian,landscape,Huile,400.0,261.0,1.5325670498084292,0.13000000000000012,data/raw/images/f/fabris/naples.jpg
f__fabris__paestum,images/f__fabris__paestum.png,train,https://www.wga.hu/html/f/fabris/paestum.html,"FABRIS, Pietro",View of Paestum,,18,Italian,landscape,Huile,400.0,238.0,1.680672268907563,0.20666666666666678,data/raw/images/f/fabris/paestum.jpg
f__fabris__posilipp,images/f__fabris__posilipp.png,train,https://www.wga.hu/html/f/fabris/posilipp.html,"FABRIS, Pietro","Posillipo, a View of the Coast towards Vesuvius",1773.0,18,Italian,landscape,Huile,400.0,261.0,1.5325670498084292,0.13000000000000012,data/raw/images/f/fabris/posilipp.jpg
f__fabris__pozzuoli,images/f__fabris__pozzuoli.png,train,https://www.wga.hu/html/f/fabris/pozzuoli.html,"FABRIS, Pietro","Pozzuoli, a View of the Bay",1773.0,18,Italian,landscape,Huile,400.0,262.0,1.5267175572519085,0.12666666666666682,data/raw/images/f/fabris/pozzuoli.jpg
f__fargue__jacob__view1,images/f__fargue__jacob__view1.png,train,https://www.wga.hu/html/f/fargue/jacob/view1.html,"FARGUE, Jacob Elias La",The Korte Vijverberg at The Hague Seen from the Tournooiveld,1761.0,18,Dutch,landscape,Huile,400.0,285.0,1.4035087719298245,0.050000000000000044,data/raw/images/f/fargue/jacob/view1.jpg
f__fargue__jacob__view2,images/f__fargue__jacob__view2.png,test,https://www.wga.hu/html/f/fargue/jacob/view2.html,"FARGUE, Jacob Elias La",View of a Trekschuit (tug boat) and Windmill along the Vliet,1756.0,18,Dutch,landscape,Huile,400.0,336.0,1.1904761904761905,0.1071428571428571,data/raw/images/f/fargue/jacob/view2.jpg
f__fargue__paulus__rijnsbur,images/f__fargue__paulus__rijnsbur.png,train,https://www.wga.hu/html/f/fargue/paulus/rijnsbur.html,"FARGUE, Paulus Constantijn La",A Street in Rijnsburg with the Abbey Tower and the Old Walls of the Begijnhof,,18,Dutch,landscape,Huile,400.0,302.0,1.3245033112582782,0.0066225165562913135,data/raw/images/f/fargue/paulus/rijnsbur.jpg
f__fearnley__sorrento,images/f__fearnley__sorrento.png,train,https://www.wga.hu/html/f/fearnley/sorrento.html,"FEARNLEY, Thomas",Fishermen at Sorrento,1834.0,19,Norwegian,landscape,Huile,400.0,273.0,1.465201465201465,0.08999999999999997,data/raw/images/f/fearnley/sorrento.jpg
f__ferg__classic1,images/f__ferg__classic1.png,train,https://www.wga.hu/html/f/ferg/classic1.html,"FERG, Franz de Paula",Classical Landscape,,18,Austrian,landscape,Huile,400.0,334.0,1.1976047904191616,0.10179640718562877,data/raw/images/f/ferg/classic1.jpg
f__ferg__italiana,images/f__ferg__italiana.png,train,https://www.wga.hu/html/f/ferg/italiana.html,"FERG, Franz de Paula",Italianate Landscape with Figures by Classical Ruins,,18,Austrian,landscape,Huile,400.0,327.0,1.2232415902140672,0.0825688073394496,data/raw/images/f/ferg/italiana.jpg
f__ferg__rest,images/f__ferg__rest.png,train,https://www.wga.hu/html/f/ferg/rest.html,"FERG, Franz de Paula",Rest,,18,Austrian,landscape,Huile,400.0,278.0,1.4388489208633093,0.07333333333333336,data/raw/images/f/ferg/rest.jpg
f__ferg__village1,images/f__ferg__village1.png,train,https://www.wga.hu/html/f/ferg/village1.html,"FERG, Franz de Paula",Italianate Village Landscape,,18,Austrian,landscape,Huile,400.0,318.0,1.2578616352201257,0.05660377358490565,data/raw/images/f/ferg/village1.jpg
f__finch__haystack,images/f__finch__haystack.png,test,https://www.wga.hu/html/f/finch/haystack.html,"FINCH, Alfred William",Haystacks,1889.0,19,Belgian,landscape,Huile,400.0,252.0,1.5873015873015872,0.16000000000000003,data/raw/images/f/finch/haystack.jpg
f__fischbac__salzburg,images/f__fischbac__salzburg.png,train,https://www.wga.hu/html/f/fischbac/salzburg.html,"FISCHBACH, Johann",View of Salzburg with the Kapuzinerberg,1844.0,19,German,landscape,Huile,400.0,305.0,1.3114754098360655,0.016393442622950838,data/raw/images/f/fischbac/salzburg.jpg
f__flinck__landscap,images/f__flinck__landscap.png,train,https://www.wga.hu/html/f/flinck/landscap.html,"FLINCK, Govert Teunisz.",Landscape,1637.0,17,Dutch,landscape,Huile,400.0,254.0,1.5748031496062993,0.15333333333333343,data/raw/images/f/flinck/landscap.jpg
f__flurer__seacoast,images/f__flurer__seacoast.png,train,https://www.wga.hu/html/f/flurer/seacoast.html,"FLURER, Franz Ignaz",Seacoast with Travellers and a Town,,18,German,landscape,Huile,400.0,314.0,1.2738853503184713,0.04458598726114649,data/raw/images/f/flurer/seacoast.jpg
f__fohr__idealand,images/f__fohr__idealand.png,train,https://www.wga.hu/html/f/fohr/idealand.html,"FOHR, Carl Philipp",Ideal Landscape near Rocca Canterana,1818.0,19,German,landscape,Huile,400.0,285.0,1.4035087719298245,0.050000000000000044,data/raw/images/f/fohr/idealand.jpg
f__fohr__knight,images/f__fohr__knight.png,test,https://www.wga.hu/html/f/fohr/knight.html,"FOHR, Carl Philipp",Knight before the Charcoal Burner's Hut,1816.0,19,German,landscape,Huile,400.0,316.0,1.2658227848101267,0.050632911392405,data/raw/images/f/fohr/knight.jpg
f__fontanes__country,images/f__fontanes__country.png,train,https://www.wga.hu/html/f/fontanes/country.html,"FONTANESI, Antonio",Countryside,1867.5,19,Italian,landscape,Huile,400.0,313.0,1.2779552715654952,0.04153354632587858,data/raw/images/f/fontanes/country.jpg
f__fontebas__ceiling2,images/f__fontebas__ceiling2.png,train,https://www.wga.hu/html/f/fontebas/ceiling2.html,"FONTEBASSO, Francesco",Winter,,18,Italian,landscape,Fresque,400.0,329.0,1.21580547112462,0.08814589665653494,data/raw/images/f/fontebas/ceiling2.jpg
f__forreste__viewrome,images/f__forreste__viewrome.png,train,https://www.wga.hu/html/f/forreste/viewrome.html,"FORRESTER, James","A View of the Isola Tiberina, Rome",,18,Irish,landscape,Huile,400.0,236.0,1.694915254237288,0.21333333333333337,data/raw/images/f/forreste/viewrome.jpg
f__foschi_f__snowy,images/f__foschi_f__snowy.png,train,https://www.wga.hu/html/f/foschi_f/snowy.html,"FOSCHI, Francesco",Snowy Landscape,1770.0,18,Italian,landscape,Huile,400.0,318.0,1.2578616352201257,0.05660377358490565,data/raw/images/f/foschi_f/snowy.jpg
f__foschi_f__winter,images/f__foschi_f__winter.png,train,https://www.wga.hu/html/f/foschi_f/winter.html,"FOSCHI, Francesco",Winter Landscape,,18,Italian,landscape,Huile,400.0,253.0,1.5810276679841897,0.15666666666666673,data/raw/images/f/foschi_f/winter.jpg
f__fouquier__heidelbe,images/f__fouquier__heidelbe.png,train,https://www.wga.hu/html/f/fouquier/heidelbe.html,"FOUQUIER, Jacques",Hortus Palatinus and Heidelberg Castle,,17,Flemish,landscape,Huile,400.0,260.0,1.5384615384615385,0.13333333333333341,data/raw/images/f/fouquier/heidelbe.jpg
f__fouquier__landscap,images/f__fouquier__landscap.png,train,https://www.wga.hu/html/f/fouquier/landscap.html,"FOUQUIER, Jacques",Wooded Landscape with a Stream,,17,Flemish,landscape,Autre,400.0,399.0,1.0025062656641603,0.24812030075187974,data/raw/images/f/fouquier/landscap.jpg
f__fouquier__winter,images/f__fouquier__winter.png,train,https://www.wga.hu/html/f/fouquier/winter.html,"FOUQUIER, Jacques",Winter Landscape,1617.0,17,Flemish,landscape,Huile,400.0,300.0,1.3333333333333333,0.0,data/raw/images/f/fouquier/winter.jpg
f__fragonar__father__1__03storm,images/f__fragonar__father__1__03storm.png,train,https://www.wga.hu/html/f/fragonar/father/1/03storm.html,"FRAGONARD, Jean-Honoré",The Storm,1759.0,18,French,landscape,Huile,400.0,306.0,1.3071895424836601,0.019607843137254832,data/raw/images/f/fragonar/father/1/03storm.jpg
f__fragonar__father__1__05p_parc,images/f__fragonar__father__1__05p_parc.png,train,https://www.wga.hu/html/f/fragonar/father/1/05p_parc.html,"FRAGONARD, Jean-Honoré",Le petit parc,1764.5,18,French,landscape,Huile,400.0,321.0,1.2461059190031152,0.06542056074766356,data/raw/images/f/fragonar/father/1/05p_parc.jpg
f__fragonar__father__1__06herdsm,images/f__fragonar__father__1__06herdsm.png,train,https://www.wga.hu/html/f/fragonar/father/1/06herdsm.html,"FRAGONARD, Jean-Honoré",Young Woman and a Herdsman in a Landscape,1765.0,18,French,landscape,Huile,400.0,325.0,1.2307692307692308,0.07692307692307687,data/raw/images/f/fragonar/father/1/06herdsm.jpg
f__fragonar__father__1__06landsc,images/f__fragonar__father__1__06landsc.png,train,https://www.wga.hu/html/f/fragonar/father/1/06landsc.html,"FRAGONARD, Jean-Honoré",Mountain Landscape at Sunset,1765.0,18,French,landscape,Huile,400.0,258.0,1.550387596899225,0.14000000000000012,data/raw/images/f/fragonar/father/1/06landsc.jpg
f__fragonar__father__1__06landsd,images/f__fragonar__father__1__06landsd.png,train,https://www.wga.hu/html/f/fragonar/father/1/06landsd.html,"FRAGONARD, Jean-Honoré",Landscape with a Youth by a Pond,1768.0,18,French,landscape,Huile,400.0,298.0,1.342281879194631,0.006666666666666821,data/raw/images/f/fragonar/father/1/06landsd.jpg
f__fragonar__father__2__076stair,images/f__fragonar__father__2__076stair.png,train,https://www.wga.hu/html/f/fragonar/father/2/076stair.html,"FRAGONARD, Jean-Honoré",Italian Landscape with Stairs,1777.5,18,French,landscape,Huile,400.0,309.0,1.2944983818770226,0.029126213592232997,data/raw/images/f/fragonar/father/2/076stair.jpg
f__francesc__2paintin__8view,images/f__francesc__2paintin__8view.png,train,https://www.wga.hu/html/f/francesc/2paintin/8view.html,FRANCESCO DI GIORGIO MARTINI,Architectural View,1477.0,15,Italian,landscape,Non précisé (support seul),400.0,228.0,1.7543859649122806,0.24,data/raw/images/f/francesc/2paintin/8view.jpg
f__francken__frans2__pastoral,images/f__francken__frans2__pastoral.png,train,https://www.wga.hu/html/f/francken/frans2/pastoral.html,"FRANCKEN, Frans II",Arcadia: a Pastoral Landscape,1629.0,17,Flemish,landscape,Huile,400.0,281.0,1.4234875444839858,0.06333333333333346,data/raw/images/f/francken/frans2/pastoral.jpg
f__frey__tivoli,images/f__frey__tivoli.png,train,https://www.wga.hu/html/f/frey/tivoli.html,"FREY, Johannes Jakob",View of the Falls at Tivoli,1844.5,19,Swiss,landscape,Huile,400.0,284.0,1.408450704225352,0.053333333333333344,data/raw/images/f/frey/tivoli.jpg
f__friedric__1__102fried,images/f__friedric__1__102fried.png,train,https://www.wga.hu/html/f/friedric/1/102fried.html,"FRIEDRICH, Caspar David",Dolmen in the Snow,1807.0,19,German,landscape,Huile,400.0,298.0,1.342281879194631,0.006666666666666821,data/raw/images/f/friedric/1/102fried.jpg
f__friedric__1__102friee,images/f__friedric__1__102friee.png,train,https://www.wga.hu/html/f/friedric/1/102friee.html,"FRIEDRICH, Caspar David",The Summer,1807.0,19,German,landscape,Huile,400.0,273.0,1.465201465201465,0.08999999999999997,data/raw/images/f/friedric/1/102friee.jpg
f__friedric__1__105fried,images/f__friedric__1__105fried.png,train,https://www.wga.hu/html/f/friedric/1/105fried.html,"FRIEDRICH, Caspar David",Monk by the Sea,1809.0,19,German,landscape,Huile,400.0,255.0,1.5686274509803921,0.15000000000000002,data/raw/images/f/friedric/1/105fried.jpg
f__friedric__1__106fried,images/f__friedric__1__106fried.png,train,https://www.wga.hu/html/f/friedric/1/106fried.html,"FRIEDRICH, Caspar David",The Abbey in the Oakwood,1809.5,19,German,landscape,Huile,400.0,250.0,1.6,0.16666666666666674,data/raw/images/f/friedric/1/106fried.jpg
f__friedric__1__107fried,images/f__friedric__1__107fried.png,train,https://www.wga.hu/html/f/friedric/1/107fried.html,"FRIEDRICH, Caspar David",Bohemian Landscape with Mount Milleschauer,1808.0,19,German,landscape,Huile,400.0,266.0,1.5037593984962405,0.11333333333333329,data/raw/images/f/friedric/1/107fried.jpg
f__friedric__2__201fried,images/f__friedric__2__201fried.png,train,https://www.wga.hu/html/f/friedric/2/201fried.html,"FRIEDRICH, Caspar David",Morning in the Riesengebirge,1810.5,19,German,landscape,Huile,400.0,253.0,1.5810276679841897,0.15666666666666673,data/raw/images/f/friedric/2/201fried.jpg
f__friedric__2__202fried,images/f__friedric__2__202fried.png,train,https://www.wga.hu/html/f/friedric/2/202fried.html,"FRIEDRICH, Caspar David",Winter Landscape,1811.0,19,German,landscape,Huile,400.0,283.0,1.4134275618374559,0.056666666666666754,data/raw/images/f/friedric/2/202fried.jpg
f__friedric__2__203fried,images/f__friedric__2__203fried.png,train,https://www.wga.hu/html/f/friedric/2/203fried.html,"FRIEDRICH, Caspar David",Winter Landscape,1811.0,19,German,landscape,Huile,400.0,300.0,1.3333333333333333,0.0,data/raw/images/f/friedric/2/203fried.jpg
f__friedric__2__204fried,images/f__friedric__2__204fried.png,train,https://www.wga.hu/html/f/friedric/2/204fried.html,"FRIEDRICH, Caspar David",Winter Landscape with Church,1811.0,19,German,landscape,Huile,400.0,288.0,1.3888888888888888,0.040000000000000036,data/raw/images/f/friedric/2/204fried.jpg
f__friedric__2__207friee,images/f__friedric__2__207friee.png,train,https://www.wga.hu/html/f/friedric/2/207friee.html,"FRIEDRICH, Caspar David",Two Men by the Sea,1817.0,19,German,landscape,Huile,400.0,295.0,1.3559322033898304,0.01666666666666672,data/raw/images/f/friedric/2/207friee.jpg
f__friedric__2__211fried,images/f__friedric__2__211fried.png,train,https://www.wga.hu/html/f/friedric/2/211fried.html,"FRIEDRICH, Caspar David",Woman before the Rising Sun (Woman before the Setting Sun),1819.0,19,German,landscape,Huile,400.0,284.0,1.408450704225352,0.053333333333333344,data/raw/images/f/friedric/2/211fried.jpg
f__friedric__2__213fried,images/f__friedric__2__213fried.png,train,https://www.wga.hu/html/f/friedric/2/213fried.html,"FRIEDRICH, Caspar David",Two Men Contemplating the Moon,1819.5,19,German,landscape,Huile,400.0,313.0,1.2779552715654952,0.04153354632587858,data/raw/images/f/friedric/2/213fried.jpg
f__friedric__2__213friee,images/f__friedric__2__213friee.png,train,https://www.wga.hu/html/f/friedric/2/213friee.html,"FRIEDRICH, Caspar David",Riesengebirge Landscape with Rising Fog,1819.5,19,German,landscape,Huile,400.0,309.0,1.2944983818770226,0.029126213592232997,data/raw/images/f/friedric/2/213friee.jpg
f__friedric__2__215fried,images/f__friedric__2__215fried.png,train,https://www.wga.hu/html/f/friedric/2/215fried.html,"FRIEDRICH, Caspar David",Drifting Clouds,1820.0,19,German,landscape,Huile,400.0,290.0,1.3793103448275863,0.03333333333333344,data/raw/images/f/friedric/2/215fried.jpg
f__friedric__2__216fried,images/f__friedric__2__216fried.png,train,https://www.wga.hu/html/f/friedric/2/216fried.html,"FRIEDRICH, Caspar David",View of the Baltic,1822.5,19,German,landscape,Huile,400.0,310.0,1.2903225806451613,0.032258064516129004,data/raw/images/f/friedric/2/216fried.jpg
f__friedric__3__300fried,images/f__friedric__3__300fried.png,train,https://www.wga.hu/html/f/friedric/3/300fried.html,"FRIEDRICH, Caspar David",Fog in the Elbe Valley,1821.0,19,German,landscape,Huile,400.0,301.0,1.3289036544850499,0.0033222591362125353,data/raw/images/f/friedric/3/300fried.jpg
f__friedric__3__301fried,images/f__friedric__3__301fried.png,train,https://www.wga.hu/html/f/friedric/3/301fried.html,"FRIEDRICH, Caspar David",Moonrise by the Sea,1821.0,19,German,landscape,Huile,400.0,314.0,1.2738853503184713,0.04458598726114649,data/raw/images/f/friedric/3/301fried.jpg
f__friedric__3__302fried,images/f__friedric__3__302fried.png,train,https://www.wga.hu/html/f/friedric/3/302fried.html,"FRIEDRICH, Caspar David",Morning in the Mountains,1822.5,19,German,landscape,Huile,400.0,318.0,1.2578616352201257,0.05660377358490565,data/raw/images/f/friedric/3/302fried.jpg
f__friedric__3__303fried,images/f__friedric__3__303fried.png,train,https://www.wga.hu/html/f/friedric/3/303fried.html,"FRIEDRICH, Caspar David",The Tree of Crows,1822.0,19,German,landscape,Huile,400.0,319.0,1.2539184952978057,0.059561128526645635,data/raw/images/f/friedric/3/303fried.jpg
f__friedric__3__304fried,images/f__friedric__3__304fried.png,train,https://www.wga.hu/html/f/friedric/3/304fried.html,"FRIEDRICH, Caspar David",Village Landscape in Morning Light (The Lone Tree),1822.0,19,German,landscape,Huile,400.0,315.0,1.2698412698412698,0.04761904761904767,data/raw/images/f/friedric/3/304fried.jpg
f__friedric__3__305fried,images/f__friedric__3__305fried.png,train,https://www.wga.hu/html/f/friedric/3/305fried.html,"FRIEDRICH, Caspar David",Moonrise by the Sea,1822.0,19,German,landscape,Huile,400.0,311.0,1.2861736334405145,0.03536977491961413,data/raw/images/f/friedric/3/305fried.jpg
f__friedric__3__306fried,images/f__friedric__3__306fried.png,train,https://www.wga.hu/html/f/friedric/3/306fried.html,"FRIEDRICH, Caspar David",Meadows near Greifswald,1822.0,19,German,landscape,Huile,400.0,288.0,1.3888888888888888,0.040000000000000036,data/raw/images/f/friedric/3/306fried.jpg
f__friedric__3__309fried,images/f__friedric__3__309fried.png,train,https://www.wga.hu/html/f/friedric/3/309fried.html,"FRIEDRICH, Caspar David",The Sea of Ice,1824.0,19,German,landscape,Huile,400.0,300.0,1.3333333333333333,0.0,data/raw/images/f/friedric/3/309fried.jpg
f__friedric__3__310fried,images/f__friedric__3__310fried.png,train,https://www.wga.hu/html/f/friedric/3/310fried.html,"FRIEDRICH, Caspar David",Man and Woman Contemplating the Moon,1824.0,19,German,landscape,Huile,400.0,307.0,1.3029315960912051,0.0228013029315961,data/raw/images/f/friedric/3/310fried.jpg
f__friedric__3__311fried,images/f__friedric__3__311fried.png,train,https://www.wga.hu/html/f/friedric/3/311fried.html,"FRIEDRICH, Caspar David",Evening,1824.0,19,German,landscape,Huile,400.0,270.0,1.4814814814814814,0.09999999999999998,data/raw/images/f/friedric/3/311fried.jpg
f__friedric__3__312fried,images/f__friedric__3__312fried.png,train,https://www.wga.hu/html/f/friedric/3/312fried.html,"FRIEDRICH, Caspar David",Rocky Reef on the Sea Shore,1824.0,19,German,landscape,Huile,400.0,285.0,1.4035087719298245,0.050000000000000044,data/raw/images/f/friedric/3/312fried.jpg
f__friedric__3__313fried,images/f__friedric__3__313fried.png,train,https://www.wga.hu/html/f/friedric/3/313fried.html,"FRIEDRICH, Caspar David",The North Sea in Moonlight,1823.5,19,German,landscape,Huile,400.0,281.0,1.4234875444839858,0.06333333333333346,data/raw/images/f/friedric/3/313fried.jpg
f__friedric__4__402friee,images/f__friedric__4__402friee.png,train,https://www.wga.hu/html/f/friedric/4/402friee.html,"FRIEDRICH, Caspar David",Seashore with Shipwreck by Moonlight,1827.5,19,German,landscape,Huile,400.0,312.0,1.2820512820512822,0.038461538461538325,data/raw/images/f/friedric/4/402friee.jpg
f__friedric__4__403fried,images/f__friedric__4__403fried.png,train,https://www.wga.hu/html/f/friedric/4/403fried.html,"FRIEDRICH, Caspar David",The Watzmann,1824.5,19,German,landscape,Huile,400.0,307.0,1.3029315960912051,0.0228013029315961,data/raw/images/f/friedric/4/403fried.jpg
f__friedric__4__407fried,images/f__friedric__4__407fried.png,train,https://www.wga.hu/html/f/friedric/4/407fried.html,"FRIEDRICH, Caspar David",Boats in the Harbour at Evening,1828.0,19,German,landscape,Huile,400.0,341.0,1.1730205278592376,0.12023460410557174,data/raw/images/f/friedric/4/407fried.jpg
f__friedric__4__408fried,images/f__friedric__4__408fried.png,train,https://www.wga.hu/html/f/friedric/4/408fried.html,"FRIEDRICH, Caspar David",Evening Landscape with Two Men,1832.5,19,German,landscape,Huile,400.0,318.0,1.2578616352201257,0.05660377358490565,data/raw/images/f/friedric/4/408fried.jpg
f__friedric__4__409fried,images/f__friedric__4__409fried.png,train,https://www.wga.hu/html/f/friedric/4/409fried.html,"FRIEDRICH, Caspar David",The Riesengebirge,1832.5,19,German,landscape,Huile,400.0,280.0,1.4285714285714286,0.06666666666666676,data/raw/images/f/friedric/4/409fried.jpg
f__friedric__4__410fried,images/f__friedric__4__410fried.png,train,https://www.wga.hu/html/f/friedric/4/410fried.html,"FRIEDRICH, Caspar David",The Grosse Gehege near Dresden,1832.0,19,German,landscape,Huile,400.0,283.0,1.4134275618374559,0.056666666666666754,data/raw/images/f/friedric/4/410fried.jpg
f__friedric__4__411fried,images/f__friedric__4__411fried.png,train,https://www.wga.hu/html/f/friedric/4/411fried.html,"FRIEDRICH, Caspar David",Neubrandenburg in Flames (Sunrise near Neubrandenburg),1835.0,19,German,landscape,Huile,400.0,284.0,1.408450704225352,0.053333333333333344,data/raw/images/f/friedric/4/411fried.jpg
f__friedric__4__412fried,images/f__friedric__4__412fried.png,test,https://www.wga.hu/html/f/friedric/4/412fried.html,"FRIEDRICH, Caspar David",Wreck in the Moonlight,1835.0,19,German,landscape,Huile,400.0,294.0,1.3605442176870748,0.020000000000000018,data/raw/images/f/friedric/4/412fried.jpg
f__fries__liris,images/f__fries__liris.png,train,https://www.wga.hu/html/f/fries/liris.html,"FRIES, Ernst",The Liris Waterfalls near Isola di Sora,1830.0,19,German,landscape,Huile,400.0,294.0,1.3605442176870748,0.020000000000000018,data/raw/images/f/fries/liris.jpg
f__fyt__musket,images/f__fyt__musket.png,train,https://www.wga.hu/html/f/fyt/musket.html,"FYT, Jan",A Hound with a Rabbit and a Musket in a Landscape,,17,Flemish,landscape,Huile,400.0,300.0,1.3333333333333333,0.0,data/raw/images/f/fyt/musket.jpg
g__gainsbor__02landsc,images/g__gainsbor__02landsc.png,test,https://www.wga.hu/html/g/gainsbor/02landsc.html,"GAINSBOROUGH, Thomas",Landscape in Suffolk,1750.0,18,English,landscape,Huile,400.0,262.0,1.5267175572519085,0.12666666666666682,data/raw/images/g/gainsbor/02landsc.jpg
g__gainsbor__04riverl,images/g__gainsbor__04riverl.png,train,https://www.wga.hu/html/g/gainsbor/04riverl.html,"GAINSBOROUGH, Thomas",River Landscape,1769.0,18,English,landscape,Huile,400.0,284.0,1.408450704225352,0.053333333333333344,data/raw/images/g/gainsbor/04riverl.jpg
g__garemijn__pandreit,images/g__garemijn__pandreit.png,train,https://www.wga.hu/html/g/garemijn/pandreit.html,"GAREMIJN, Jan Antoon",The Pandreitje in Bruges,1778.0,18,Flemish,landscape,Huile,400.0,293.0,1.3651877133105803,0.023333333333333428,data/raw/images/g/garemijn/pandreit.jpg
g__garrard__hound,images/g__garrard__hound.png,train,https://www.wga.hu/html/g/garrard/hound.html,"GARRARD, George",Hound in Scottish Landscape,,18,English,landscape,Huile,400.0,272.0,1.4705882352941178,0.09333333333333349,data/raw/images/g/garrard/hound.jpg
g__gartner__gropius,images/g__gartner__gropius.png,train,https://www.wga.hu/html/g/gartner/gropius.html,"GÄRTNER, Eduard",Workshop of the Gropius Brothers,1830.0,19,German,landscape,Huile,400.0,276.0,1.4492753623188406,0.08000000000000007,data/raw/images/g/gartner/gropius.jpg
g__gartner__klosters,images/g__gartner__klosters.png,train,https://www.wga.hu/html/g/gartner/klosters.html,"GÄRTNER, Eduard",Klosterstrasse,1830.0,19,German,landscape,Huile,400.0,286.0,1.3986013986013985,0.046666666666666634,data/raw/images/g/gartner/klosters.jpg
g__gartner__konigsbr,images/g__gartner__konigsbr.png,train,https://www.wga.hu/html/g/gartner/konigsbr.html,"GÄRTNER, Eduard",Königsbrücke and Königskolonnade,1853.0,19,German,landscape,Huile,400.0,236.0,1.694915254237288,0.21333333333333337,data/raw/images/g/gartner/konigsbr.jpg
g__gassel__landscap,images/g__gassel__landscap.png,train,https://www.wga.hu/html/g/gassel/landscap.html,"GASSEL, Lucas",Landscape with the Penitent St Jerome,1546.5,16,Flemish,landscape,Huile,400.0,331.0,1.2084592145015105,0.09365558912386707,data/raw/images/g/gassel/landscap.jpg
g__gassies__viewloch,images/g__gassies__viewloch.png,train,https://www.wga.hu/html/g/gassies/viewloch.html,"GASSIES, Jean-Bruno",View of Loch Lomond,1824.0,19,French,landscape,Huile,400.0,289.0,1.3840830449826989,0.036666666666666625,data/raw/images/g/gassies/viewloch.jpg
g__gauguin__01__early01,images/g__gauguin__01__early01.png,train,https://www.wga.hu/html/g/gauguin/01/early01.html,"GAUGUIN, Paul","The Seine at the Pont d'Iéna, Snowy Weather",1873.0,19,French,landscape,Huile,400.0,276.0,1.4492753623188406,0.08000000000000007,data/raw/images/g/gauguin/01/early01.jpg
g__gauguin__01__early02,images/g__gauguin__01__early02.png,train,https://www.wga.hu/html/g/gauguin/01/early02.html,"GAUGUIN, Paul",The Seine in Paris between the Pont d'Iéna and Pont de Grenelle,1875.0,19,French,landscape,Huile,400.0,244.0,1.639344262295082,0.18666666666666676,data/raw/images/g/gauguin/01/early02.jpg
g__gauguin__01__early03,images/g__gauguin__01__early03.png,train,https://www.wga.hu/html/g/gauguin/01/early03.html,"GAUGUIN, Paul",The Market Gardens at Vaugirard,1879.0,19,French,landscape,Huile,400.0,254.0,1.5748031496062993,0.15333333333333343,data/raw/images/g/gauguin/01/early03.jpg
g__gauguin__01__early13,images/g__gauguin__01__early13.png,test,https://www.wga.hu/html/g/gauguin/01/early13.html,"GAUGUIN, Paul",The Beach at Dieppe,1885.0,19,French,landscape,Huile,400.0,396.0,1.0101010101010102,0.24242424242424232,data/raw/images/g/gauguin/01/early13.jpg
g__gauguin__02__2martin2,images/g__gauguin__02__2martin2.png,train,https://www.wga.hu/html/g/gauguin/02/2martin2.html,"GAUGUIN, Paul",By the Pond,1887.0,19,French,landscape,Huile,400.0,325.0,1.2307692307692308,0.07692307692307687,data/raw/images/g/gauguin/02/2martin2.jpg
g__gauguin__02__2martin3,images/g__gauguin__02__2martin3.png,train,https://www.wga.hu/html/g/gauguin/02/2martin3.html,"GAUGUIN, Paul",Picking Mangoes,1887.0,19,French,landscape,Huile,400.0,302.0,1.3245033112582782,0.0066225165562913135,data/raw/images/g/gauguin/02/2martin3.jpg
g__gauguin__02__2martin6,images/g__gauguin__02__2martin6.png,train,https://www.wga.hu/html/g/gauguin/02/2martin6.html,"GAUGUIN, Paul","Winter Landscape, Snow Effect",1888.0,19,French,landscape,Huile,400.0,311.0,1.2861736334405145,0.03536977491961413,data/raw/images/g/gauguin/02/2martin6.jpg
g__gauguin__02__3ponta09,images/g__gauguin__02__3ponta09.png,train,https://www.wga.hu/html/g/gauguin/02/3ponta09.html,"GAUGUIN, Paul",Haymaking in Brittany,1888.0,19,French,landscape,Huile,400.0,306.0,1.3071895424836601,0.019607843137254832,data/raw/images/g/gauguin/02/3ponta09.jpg
g__gauguin__02__6pould13,images/g__gauguin__02__6pould13.png,train,https://www.wga.hu/html/g/gauguin/02/6pould13.html,"GAUGUIN, Paul",Landscape with Two Breton Women,1889.0,19,French,landscape,Huile,400.0,313.0,1.2779552715654952,0.04153354632587858,data/raw/images/g/gauguin/02/6pould13.jpg
g__gauguin__02__6pould14,images/g__gauguin__02__6pould14.png,train,https://www.wga.hu/html/g/gauguin/02/6pould14.html,"GAUGUIN, Paul",The Yellow Haystacks (The Blond Harvest),1889.0,19,French,landscape,Huile,400.0,295.0,1.3559322033898304,0.01666666666666672,data/raw/images/g/gauguin/02/6pould14.jpg
g__gauguin__03__4arles03,images/g__gauguin__03__4arles03.png,train,https://www.wga.hu/html/g/gauguin/03/4arles03.html,"GAUGUIN, Paul",In the Garden of the Hospital at Arles,1888.0,19,French,landscape,Huile,400.0,315.0,1.2698412698412698,0.04761904761904767,data/raw/images/g/gauguin/03/4arles03.jpg
g__gauguin__03__4arles05,images/g__gauguin__03__4arles05.png,train,https://www.wga.hu/html/g/gauguin/03/4arles05.html,"GAUGUIN, Paul",Grape Harvest at Arles (Human Anguish),1888.0,19,French,landscape,Huile,400.0,305.0,1.3114754098360655,0.016393442622950838,data/raw/images/g/gauguin/03/4arles05.jpg
g__gauguin__04__tahiti23,images/g__gauguin__04__tahiti23.png,train,https://www.wga.hu/html/g/gauguin/04/tahiti23.html,"GAUGUIN, Paul",By the Sea (Fatata te Miti),1892.0,19,French,landscape,Huile,400.0,293.0,1.3651877133105803,0.023333333333333428,data/raw/images/g/gauguin/04/tahiti23.jpg
g__gauguin__04__tahiti24,images/g__gauguin__04__tahiti24.png,train,https://www.wga.hu/html/g/gauguin/04/tahiti24.html,"GAUGUIN, Paul",There Is the Temple (Parahi Te Marae),1892.0,19,French,landscape,Huile,400.0,281.0,1.4234875444839858,0.06333333333333346,data/raw/images/g/gauguin/04/tahiti24.jpg
g__gauguin__04__tahiti25,images/g__gauguin__04__tahiti25.png,train,https://www.wga.hu/html/g/gauguin/04/tahiti25.html,"GAUGUIN, Paul",Tahitian Pastorals,1892.0,19,French,landscape,Huile,400.0,306.0,1.3071895424836601,0.019607843137254832,data/raw/images/g/gauguin/04/tahiti25.jpg
g__gauguin__05__1paris04,images/g__gauguin__05__1paris04.png,train,https://www.wga.hu/html/g/gauguin/05/1paris04.html,"GAUGUIN, Paul",Tahitian Landscape,1893.0,19,French,landscape,Huile,400.0,286.0,1.3986013986013985,0.046666666666666634,data/raw/images/g/gauguin/05/1paris04.jpg
g__gauguin__05__2ponta04,images/g__gauguin__05__2ponta04.png,train,https://www.wga.hu/html/g/gauguin/05/2ponta04.html,"GAUGUIN, Paul",Breton Village in the Snow,1894.0,19,French,landscape,Huile,400.0,278.0,1.4388489208633093,0.07333333333333336,data/raw/images/g/gauguin/05/2ponta04.jpg
g__gauguin__05__2ponta06,images/g__gauguin__05__2ponta06.png,train,https://www.wga.hu/html/g/gauguin/05/2ponta06.html,"GAUGUIN, Paul","Pont-Aven, the Village",1894.0,19,French,landscape,Huile,400.0,306.0,1.3071895424836601,0.019607843137254832,data/raw/images/g/gauguin/05/2ponta06.jpg
g__gauguin__07__marque02,images/g__gauguin__07__marque02.png,train,https://www.wga.hu/html/g/gauguin/07/marque02.html,"GAUGUIN, Paul",Idyll in Tahiti,1901.0,19,French,landscape,Huile,400.0,313.0,1.2779552715654952,0.04153354632587858,data/raw/images/g/gauguin/07/marque02.jpg
g__geel__landscap,images/g__geel__landscap.png,train,https://www.wga.hu/html/g/geel/landscap.html,"GEEL, Jacob van",Landscape,1633.0,17,Dutch,landscape,Huile,400.0,271.0,1.4760147601476015,0.09666666666666668,data/raw/images/g/geel/landscap.jpg
g__gericaul__1__113geric,images/g__gericaul__1__113geric.png,train,https://www.wga.hu/html/g/gericaul/1/113geric.html,"GÉRICAULT, Théodore",The Plaster Kiln,1822.5,19,French,landscape,Huile,400.0,328.0,1.2195121951219512,0.08536585365853655,data/raw/images/g/gericaul/1/113geric.jpg
g__gerome__gulf_aqa,images/g__gerome__gulf_aqa.png,train,https://www.wga.hu/html/g/gerome/gulf_aqa.html,"GÉRÔME, Jean-Léon",The Gulf of Aqaba,,19,French,landscape,Huile,400.0,298.0,1.342281879194631,0.006666666666666821,data/raw/images/g/gerome/gulf_aqa.jpg
g__gervex__parade,images/g__gervex__parade.png,train,https://www.wga.hu/html/g/gervex/parade.html,"GERVEX, Henri",Parade in Longchamp,,19,French,landscape,Huile,400.0,287.0,1.3937282229965158,0.043333333333333446,data/raw/images/g/gervex/parade.jpg
g__gigante__amalfi,images/g__gigante__amalfi.png,test,https://www.wga.hu/html/g/gigante/amalfi.html,"GIGANTE, Giacinto",Storm over the Bay of Amalfi,1837.0,19,Italian,landscape,Huile,400.0,279.0,1.4336917562724014,0.07000000000000006,data/raw/images/g/gigante/amalfi.jpg
g__gijsels__river_la,images/g__gijsels__river_la.png,train,https://www.wga.hu/html/g/gijsels/river_la.html,"GIJSELS, Pieter",River Landscape,,17,Flemish,landscape,Huile,400.0,317.0,1.2618296529968454,0.05362776025236593,data/raw/images/g/gijsels/river_la.jpg
g__gijsels__riverlan,images/g__gijsels__riverlan.png,train,https://www.wga.hu/html/g/gijsels/riverlan.html,"GIJSELS, Pieter",Extensive Mountainous River Landscape,,17,Flemish,landscape,Huile,400.0,273.0,1.465201465201465,0.08999999999999997,data/raw/images/g/gijsels/riverlan.jpg
g__gijsels__summerla,images/g__gijsels__summerla.png,train,https://www.wga.hu/html/g/gijsels/summerla.html,"GIJSELS, Pieter",Summer Landscape,,17,Flemish,landscape,Huile,400.0,305.0,1.3114754098360655,0.016393442622950838,data/raw/images/g/gijsels/summerla.jpg
g__gijsels__village1,images/g__gijsels__village1.png,train,https://www.wga.hu/html/g/gijsels/village1.html,"GIJSELS, Pieter",Village Scene,,17,Flemish,landscape,Huile,400.0,313.0,1.2779552715654952,0.04153354632587858,data/raw/images/g/gijsels/village1.jpg
g__gijsels__village2,images/g__gijsels__village2.png,train,https://www.wga.hu/html/g/gijsels/village2.html,"GIJSELS, Pieter",Village Scene,,17,Flemish,landscape,Huile,400.0,296.0,1.3513513513513513,0.013333333333333308,data/raw/images/g/gijsels/village2.jpg
g__gijsels__village3,images/g__gijsels__village3.png,train,https://www.wga.hu/html/g/gijsels/village3.html,"GIJSELS, Pieter",Village by a River with a Sailing Boat,,17,Flemish,landscape,Huile,400.0,285.0,1.4035087719298245,0.050000000000000044,data/raw/images/g/gijsels/village3.jpg
g__gijsels__village4,images/g__gijsels__village4.png,train,https://www.wga.hu/html/g/gijsels/village4.html,"GIJSELS, Pieter",Village by a River with Fishermen,,17,Flemish,landscape,Huile,400.0,285.0,1.4035087719298245,0.050000000000000044,data/raw/images/g/gijsels/village4.jpg
g__gill__boulevar,images/g__gill__boulevar.png,train,https://www.wga.hu/html/g/gill/boulevar.html,"GILL, André",Boulevard Montmartre in Paris,1880.0,19,French,landscape,Huile,400.0,232.0,1.7241379310344827,0.22666666666666668,data/raw/images/g/gill/boulevar.jpg
g__gilman__flekkefj,images/g__gilman__flekkefj.png,train,https://www.wga.hu/html/g/gilman/flekkefj.html,"GILMAN, Harold","Canal Bridge, Flekkefjord",1912.0,19,English,landscape,Huile,400.0,297.0,1.3468013468013469,0.01000000000000012,data/raw/images/g/gilman/flekkefj.jpg
g__gilpin__sawrey__horses2,images/g__gilpin__sawrey__horses2.png,train,https://www.wga.hu/html/g/gilpin/sawrey/horses2.html,"GILPIN, Sawrey",Mare and Stallion in a Landscape,,18,English,landscape,Huile,400.0,330.0,1.2121212121212122,0.09090909090909083,data/raw/images/g/gilpin/sawrey/horses2.jpg
g__gilpin__sawrey__spaniel3,images/g__gilpin__sawrey__spaniel3.png,train,https://www.wga.hu/html/g/gilpin/sawrey/spaniel3.html,"GILPIN, Sawrey",A Cavalier King Charles Spaniel in a Landscape,,18,English,landscape,Huile,400.0,333.0,1.2012012012012012,0.09909909909909909,data/raw/images/g/gilpin/sawrey/spaniel3.jpg
g__gimeno__bluwater,images/g__gimeno__bluwater.png,train,https://www.wga.hu/html/g/gimeno/bluwater.html,"GIMENO ARASA, Francisco",Blue Water,,19,Catalan,landscape,Huile,400.0,240.0,1.6666666666666667,0.20000000000000007,data/raw/images/g/gimeno/bluwater.jpg
g__giorgion__various__tramonto,images/g__giorgion__various__tramonto.png,train,https://www.wga.hu/html/g/giorgion/various/tramonto.html,GIORGIONE,The Sunset (Il Tramonto),1508.0,15,Italian,landscape,Huile,400.0,317.0,1.2618296529968454,0.05362776025236593,data/raw/images/g/giorgion/various/tramonto.jpg
g__glama__lisbon,images/g__glama__lisbon.png,train,https://www.wga.hu/html/g/glama/lisbon.html,"GLAMA STRÖBERLE, João",The Earthquake in Lisbon,1760.0,18,Spanish,landscape,Huile,400.0,251.0,1.593625498007968,0.16333333333333333,data/raw/images/g/glama/lisbon.jpg
g__glover__corrobor,images/g__glover__corrobor.png,test,https://www.wga.hu/html/g/glover/corrobor.html,"GLOVER, John",A Corroboree in Van Diemen's Land,1840.0,19,English,landscape,Huile,400.0,257.0,1.556420233463035,0.14333333333333342,data/raw/images/g/glover/corrobor.jpg
g__glover__glasgow,images/g__glover__glasgow.png,train,https://www.wga.hu/html/g/glover/glasgow.html,"GLOVER, John",View of Port Glasgow,,19,English,landscape,Huile,400.0,228.0,1.7543859649122806,0.24,data/raw/images/g/glover/glasgow.jpg
g__glover__keswick,images/g__glover__keswick.png,train,https://www.wga.hu/html/g/glover/keswick.html,"GLOVER, John","View of Keswick, in the Lake District, Cumberland",,19,English,landscape,Huile,400.0,264.0,1.5151515151515151,0.12,data/raw/images/g/glover/keswick.jpg
g__glover__viewyork,images/g__glover__viewyork.png,train,https://www.wga.hu/html/g/glover/viewyork.html,"GLOVER, John",View of the City of York,,19,English,landscape,Huile,400.0,262.0,1.5267175572519085,0.12666666666666682,data/raw/images/g/glover/viewyork.jpg
g__goderis__walledci,images/g__goderis__walledci.png,train,https://www.wga.hu/html/g/goderis/walledci.html,"GODERIS, Hans",View of a Walled City,,17,Dutch,landscape,Huile,400.0,288.0,1.3888888888888888,0.040000000000000036,data/raw/images/g/goderis/walledci.jpg
g__goeneutt__boulevar,images/g__goeneutt__boulevar.png,train,https://www.wga.hu/html/g/goeneutt/boulevar.html,"GOENEUTTE, Norbert",Boulevard Clichy under Snow,1876.0,19,French,landscape,Huile,400.0,308.0,1.2987012987012987,0.025974025974025983,data/raw/images/g/goeneutt/boulevar.jpg
g__goeneutt__harbour,images/g__goeneutt__harbour.png,train,https://www.wga.hu/html/g/goeneutt/harbour.html,"GOENEUTTE, Norbert",Harbour of Honfleur,1881.0,19,French,landscape,Huile,400.0,326.0,1.2269938650306749,0.07975460122699385,data/raw/images/g/goeneutt/harbour.jpg
g__gogh_van__01__2hague02,images/g__gogh_van__01__2hague02.png,train,https://www.wga.hu/html/g/gogh_van/01/2hague02.html,"GOGH, Vincent van",Edge of a Wood,1882.0,19,Dutch,landscape,Huile,400.0,266.0,1.5037593984962405,0.11333333333333329,data/raw/images/g/gogh_van/01/2hague02.jpg
g__gogh_van__01__2hague03,images/g__gogh_van__01__2hague03.png,test,https://www.wga.hu/html/g/gogh_van/01/2hague03.html,"GOGH, Vincent van",Beach at Scheveningen in Stormy Weather,1882.0,19,Dutch,landscape,Huile,400.0,277.0,1.444043321299639,0.07666666666666677,data/raw/images/g/gogh_van/01/2hague03.jpg
g__gogh_van__01__2hague04,images/g__gogh_van__01__2hague04.png,train,https://www.wga.hu/html/g/gogh_van/01/2hague04.html,"GOGH, Vincent van",Bulb Fields,1883.0,19,Dutch,landscape,Huile,400.0,290.0,1.3793103448275863,0.03333333333333344,data/raw/images/g/gogh_van/01/2hague04.jpg
g__gogh_van__01__2hague05,images/g__gogh_van__01__2hague05.png,train,https://www.wga.hu/html/g/gogh_van/01/2hague05.html,"GOGH, Vincent van",Farmhouses in Loosduinen near The Hague at Twilight,1883.0,19,Dutch,landscape,Huile,400.0,258.0,1.550387596899225,0.14000000000000012,data/raw/images/g/gogh_van/01/2hague05.jpg
g__gogh_van__01__2hague06,images/g__gogh_van__01__2hague06.png,train,https://www.wga.hu/html/g/gogh_van/01/2hague06.html,"GOGH, Vincent van",Farmhouses among Trees,1883.0,19,Dutch,landscape,Huile,400.0,275.0,1.4545454545454546,0.08333333333333337,data/raw/images/g/gogh_van/01/2hague06.jpg
g__gogh_van__01__3drenth1,images/g__gogh_van__01__3drenth1.png,test,https://www.wga.hu/html/g/gogh_van/01/3drenth1.html,"GOGH, Vincent van",Farmhouses,1883.0,19,Dutch,landscape,Huile,400.0,245.0,1.6326530612244898,0.18333333333333335,data/raw/images/g/gogh_van/01/3drenth1.jpg
g__gogh_van__01__3drenth2,images/g__gogh_van__01__3drenth2.png,train,https://www.wga.hu/html/g/gogh_van/01/3drenth2.html,"GOGH, Vincent van",Two Peasant Women in the Peat Field,1883.0,19,Dutch,landscape,Huile,400.0,295.0,1.3559322033898304,0.01666666666666672,data/raw/images/g/gogh_van/01/3drenth2.jpg
g__gogh_van__02__nuenen01,images/g__gogh_van__02__nuenen01.png,train,https://www.wga.hu/html/g/gogh_van/02/nuenen01.html,"GOGH, Vincent van",The Old Tower of Nuenen with a Ploughman,1884.0,19,Dutch,landscape,Huile,400.0,315.0,1.2698412698412698,0.04761904761904767,data/raw/images/g/gogh_van/02/nuenen01.jpg
g__gogh_van__02__nuenen06,images/g__gogh_van__02__nuenen06.png,train,https://www.wga.hu/html/g/gogh_van/02/nuenen06.html,"GOGH, Vincent van",The Old Church Tower at Nuenen,1884.0,19,Dutch,landscape,Huile,400.0,338.0,1.183431952662722,0.11242603550295849,data/raw/images/g/gogh_van/02/nuenen06.jpg
g__gogh_van__02__nuenen14,images/g__gogh_van__02__nuenen14.png,train,https://www.wga.hu/html/g/gogh_van/02/nuenen14.html,"GOGH, Vincent van",The Parsonage Garden at Nuenen in the Snow,1885.0,19,Dutch,landscape,Huile,400.0,263.0,1.520912547528517,0.1233333333333333,data/raw/images/g/gogh_van/02/nuenen14.jpg
g__gogh_van__02__nuenen20,images/g__gogh_van__02__nuenen20.png,train,https://www.wga.hu/html/g/gogh_van/02/nuenen20.html,"GOGH, Vincent van",Cottage with Woman Digging,1885.0,19,Dutch,landscape,Huile,400.0,289.0,1.3840830449826989,0.036666666666666625,data/raw/images/g/gogh_van/02/nuenen20.jpg
g__gogh_van__02__nuenen24,images/g__gogh_van__02__nuenen24.png,train,https://www.wga.hu/html/g/gogh_van/02/nuenen24.html,"GOGH, Vincent van",The Vicarage at Nuenen,1885.0,19,Dutch,landscape,Huile,400.0,301.0,1.3289036544850499,0.0033222591362125353,data/raw/images/g/gogh_van/02/nuenen24.jpg
g__gogh_van__06__paris03,images/g__gogh_van__06__paris03.png,train,https://www.wga.hu/html/g/gogh_van/06/paris03.html,"GOGH, Vincent van",In the Jardin du Luxembourg,1886.0,19,Dutch,landscape,Huile,400.0,225.0,1.7777777777777777,0.25,data/raw/images/g/gogh_van/06/paris03.jpg
g__gogh_van__06__paris04,images/g__gogh_van__06__paris04.png,test,https://www.wga.hu/html/g/gogh_van/06/paris04.html,"GOGH, Vincent van",View of Paris from Montmartre,1886.0,19,Dutch,landscape,Huile,400.0,246.0,1.6260162601626016,0.18000000000000005,data/raw/images/g/gogh_van/06/paris04.jpg
g__gogh_van__06__paris06,images/g__gogh_van__06__paris06.png,train,https://www.wga.hu/html/g/gogh_van/06/paris06.html,"GOGH, Vincent van",Le Moulin de la Galette,1886.0,19,Dutch,landscape,Huile,400.0,320.0,1.25,0.0625,data/raw/images/g/gogh_van/06/paris06.jpg
g__gogh_van__06__paris08,images/g__gogh_van__06__paris08.png,train,https://www.wga.hu/html/g/gogh_van/06/paris08.html,"GOGH, Vincent van",Terrace of a Café on Montmartre (La Guinguette) in Montmartre,1886.0,19,Dutch,landscape,Huile,400.0,311.0,1.2861736334405145,0.03536977491961413,data/raw/images/g/gogh_van/06/paris08.jpg
g__gogh_van__06__paris11,images/g__gogh_van__06__paris11.png,test,https://www.wga.hu/html/g/gogh_van/06/paris11.html,"GOGH, Vincent van","Fishing in Spring, Pont de Clichy",1887.0,19,Dutch,landscape,Huile,400.0,333.0,1.2012012012012012,0.09909909909909909,data/raw/images/g/gogh_van/06/paris11.jpg
g__gogh_van__06__paris13,images/g__gogh_van__06__paris13.png,train,https://www.wga.hu/html/g/gogh_van/06/paris13.html,"GOGH, Vincent van",On the Outskirts of Paris,1887.0,19,Dutch,landscape,Huile,400.0,321.0,1.2461059190031152,0.06542056074766356,data/raw/images/g/gogh_van/06/paris13.jpg
g__gogh_van__06__paris14,images/g__gogh_van__06__paris14.png,train,https://www.wga.hu/html/g/gogh_van/06/paris14.html,"GOGH, Vincent van",Restaurant de la Sirène at Asnières,1887.0,19,Dutch,landscape,Huile,400.0,328.0,1.2195121951219512,0.08536585365853655,data/raw/images/g/gogh_van/06/paris14.jpg
g__gogh_van__06__paris15,images/g__gogh_van__06__paris15.png,train,https://www.wga.hu/html/g/gogh_van/06/paris15.html,"GOGH, Vincent van",Restaurant de la Sirène at Asnières,1887.0,19,Dutch,landscape,Huile,400.0,329.0,1.21580547112462,0.08814589665653494,data/raw/images/g/gogh_van/06/paris15.jpg
g__gogh_van__06__paris16,images/g__gogh_van__06__paris16.png,train,https://www.wga.hu/html/g/gogh_van/06/paris16.html,"GOGH, Vincent van",Bridges across the Seine at Asnières,1887.0,19,Dutch,landscape,Huile,400.0,312.0,1.2820512820512822,0.038461538461538325,data/raw/images/g/gogh_van/06/paris16.jpg
g__gogh_van__06__paris18,images/g__gogh_van__06__paris18.png,test,https://www.wga.hu/html/g/gogh_van/06/paris18.html,"GOGH, Vincent van",The Seine with the Pont de la Grande Jatte,1887.0,19,Dutch,landscape,Huile,400.0,301.0,1.3289036544850499,0.0033222591362125353,data/raw/images/g/gogh_van/06/paris18.jpg
g__gogh_van__06__paris20,images/g__gogh_van__06__paris20.png,train,https://www.wga.hu/html/g/gogh_van/06/paris20.html,"GOGH, Vincent van",Wheat Field with a Lark,1887.0,19,Dutch,landscape,Huile,400.0,322.0,1.2422360248447204,0.06832298136645965,data/raw/images/g/gogh_van/06/paris20.jpg
g__gogh_van__07__orchar01,images/g__gogh_van__07__orchar01.png,train,https://www.wga.hu/html/g/gogh_van/07/orchar01.html,"GOGH, Vincent van",Apricot Trees in Blossom,1888.0,19,Dutch,landscape,Huile,400.0,328.0,1.2195121951219512,0.08536585365853655,data/raw/images/g/gogh_van/07/orchar01.jpg
g__gogh_van__07__orchar02,images/g__gogh_van__07__orchar02.png,train,https://www.wga.hu/html/g/gogh_van/07/orchar02.html,"GOGH, Vincent van",Orchard in Blossom (Plum Trees),1888.0,19,Dutch,landscape,Huile,400.0,333.0,1.2012012012012012,0.09909909909909909,data/raw/images/g/gogh_van/07/orchar02.jpg
g__gogh_van__08__1arles01,images/g__gogh_van__08__1arles01.png,train,https://www.wga.hu/html/g/gogh_van/08/1arles01.html,"GOGH, Vincent van",The Langlois Bridge at Arles,1888.0,19,Dutch,landscape,Huile,400.0,322.0,1.2422360248447204,0.06832298136645965,data/raw/images/g/gogh_van/08/1arles01.jpg
g__gogh_van__08__1arles03,images/g__gogh_van__08__1arles03.png,train,https://www.wga.hu/html/g/gogh_van/08/1arles03.html,"GOGH, Vincent van",The Langlois Bridge at Arles,1888.0,19,Dutch,landscape,Huile,400.0,344.0,1.1627906976744187,0.12790697674418594,data/raw/images/g/gogh_van/08/1arles03.jpg
g__gogh_van__08__1arles04,images/g__gogh_van__08__1arles04.png,test,https://www.wga.hu/html/g/gogh_van/08/1arles04.html,"GOGH, Vincent van",The Bridge at Langlois near Arles,1888.0,19,Dutch,landscape,Huile,400.0,304.0,1.3157894736842106,0.013157894736842035,data/raw/images/g/gogh_van/08/1arles04.jpg
g__gogh_van__08__1arles05,images/g__gogh_van__08__1arles05.png,train,https://www.wga.hu/html/g/gogh_van/08/1arles05.html,"GOGH, Vincent van",Avenue of Plane Trees near Arles Station,1888.0,19,Dutch,landscape,Huile,400.0,349.0,1.146131805157593,0.1404011461318052,data/raw/images/g/gogh_van/08/1arles05.jpg
g__gogh_van__08__1arles06,images/g__gogh_van__08__1arles06.png,train,https://www.wga.hu/html/g/gogh_van/08/1arles06.html,"GOGH, Vincent van",Harvest at La Crau (The Blue Cart),1888.0,19,Dutch,landscape,Huile,400.0,316.0,1.2658227848101267,0.050632911392405,data/raw/images/g/gogh_van/08/1arles06.jpg
g__gogh_van__08__1arles07,images/g__gogh_van__08__1arles07.png,train,https://www.wga.hu/html/g/gogh_van/08/1arles07.html,"GOGH, Vincent van",Haystacks in Provence,1888.0,19,Dutch,landscape,Huile,400.0,314.0,1.2738853503184713,0.04458598726114649,data/raw/images/g/gogh_van/08/1arles07.jpg
g__gogh_van__08__1arles08,images/g__gogh_van__08__1arles08.png,train,https://www.wga.hu/html/g/gogh_van/08/1arles08.html,"GOGH, Vincent van",Farmhouse in Provence,1888.0,19,Dutch,landscape,Huile,400.0,296.0,1.3513513513513513,0.013333333333333308,data/raw/images/g/gogh_van/08/1arles08.jpg
g__gogh_van__08__1arles09,images/g__gogh_van__08__1arles09.png,train,https://www.wga.hu/html/g/gogh_van/08/1arles09.html,"GOGH, Vincent van",Wheat Stacks with Reaper,1888.0,19,Dutch,landscape,Huile,400.0,315.0,1.2698412698412698,0.04761904761904767,data/raw/images/g/gogh_van/08/1arles09.jpg
g__gogh_van__08__1arles10,images/g__gogh_van__08__1arles10.png,train,https://www.wga.hu/html/g/gogh_van/08/1arles10.html,"GOGH, Vincent van",The Sower,1888.0,19,Dutch,landscape,Huile,400.0,313.0,1.2779552715654952,0.04153354632587858,data/raw/images/g/gogh_van/08/1arles10.jpg
g__gogh_van__08__1arles11,images/g__gogh_van__08__1arles11.png,test,https://www.wga.hu/html/g/gogh_van/08/1arles11.html,"GOGH, Vincent van",The Bridge at Trinquetaille,1888.0,19,Dutch,landscape,Huile,400.0,312.0,1.2820512820512822,0.038461538461538325,data/raw/images/g/gogh_van/08/1arles11.jpg
g__gogh_van__08__2maries1,images/g__gogh_van__08__2maries1.png,train,https://www.wga.hu/html/g/gogh_van/08/2maries1.html,"GOGH, Vincent van",Seascape at Saintes-Maries,1888.0,19,Dutch,landscape,Huile,400.0,304.0,1.3157894736842106,0.013157894736842035,data/raw/images/g/gogh_van/08/2maries1.jpg
g__gogh_van__08__2maries2,images/g__gogh_van__08__2maries2.png,train,https://www.wga.hu/html/g/gogh_van/08/2maries2.html,"GOGH, Vincent van",Seascape at Saintes-Maries,1888.0,19,Dutch,landscape,Huile,400.0,331.0,1.2084592145015105,0.09365558912386707,data/raw/images/g/gogh_van/08/2maries2.jpg
g__gogh_van__08__2maries3,images/g__gogh_van__08__2maries3.png,train,https://www.wga.hu/html/g/gogh_van/08/2maries3.html,"GOGH, Vincent van",Street in Saintes-Maries,1888.0,19,Dutch,landscape,Huile,400.0,332.0,1.2048192771084338,0.09638554216867457,data/raw/images/g/gogh_van/08/2maries3.jpg
g__gogh_van__08__2maries4,images/g__gogh_van__08__2maries4.png,train,https://www.wga.hu/html/g/gogh_van/08/2maries4.html,"GOGH, Vincent van",Three White Cottages in Saintes-Maries,1888.0,19,Dutch,landscape,Huile,400.0,318.0,1.2578616352201257,0.05660377358490565,data/raw/images/g/gogh_van/08/2maries4.jpg
g__gogh_van__08__2maries5,images/g__gogh_van__08__2maries5.png,train,https://www.wga.hu/html/g/gogh_van/08/2maries5.html,"GOGH, Vincent van",Fishing Boats on the Beach at Saintes-Maries,1888.0,19,Dutch,landscape,Huile,400.0,316.0,1.2658227848101267,0.050632911392405,data/raw/images/g/gogh_van/08/2maries5.jpg
g__gogh_van__08__3arles22,images/g__gogh_van__08__3arles22.png,train,https://www.wga.hu/html/g/gogh_van/08/3arles22.html,"GOGH, Vincent van",Flowering Garden with Path,1888.0,19,Dutch,landscape,Huile,400.0,313.0,1.2779552715654952,0.04153354632587858,data/raw/images/g/gogh_van/08/3arles22.jpg
g__gogh_van__08__3arles23,images/g__gogh_van__08__3arles23.png,train,https://www.wga.hu/html/g/gogh_van/08/3arles23.html,"GOGH, Vincent van",Sunny Lawn in a Public Park,1888.0,19,Dutch,landscape,Huile,400.0,320.0,1.25,0.0625,data/raw/images/g/gogh_van/08/3arles23.jpg
g__gogh_van__08__3arles24,images/g__gogh_van__08__3arles24.png,train,https://www.wga.hu/html/g/gogh_van/08/3arles24.html,"GOGH, Vincent van",Public Park with Weeping Willow: The Poet's Garden I,1888.0,19,Dutch,landscape,Huile,400.0,311.0,1.2861736334405145,0.03536977491961413,data/raw/images/g/gogh_van/08/3arles24.jpg
g__gogh_van__09__arles41,images/g__gogh_van__09__arles41.png,train,https://www.wga.hu/html/g/gogh_van/09/arles41.html,"GOGH, Vincent van",Starry Night over the Rhône,1888.0,19,Dutch,landscape,Huile,400.0,308.0,1.2987012987012987,0.025974025974025983,data/raw/images/g/gogh_van/09/arles41.jpg
g__gogh_van__09__arles44,images/g__gogh_van__09__arles44.png,train,https://www.wga.hu/html/g/gogh_van/09/arles44.html,"GOGH, Vincent van",Vincent's House In Arles (The Yellow House),1888.0,19,Dutch,landscape,Huile,400.0,319.0,1.2539184952978057,0.059561128526645635,data/raw/images/g/gogh_van/09/arles44.jpg
g__gogh_van__09__arles45,images/g__gogh_van__09__arles45.png,train,https://www.wga.hu/html/g/gogh_van/09/arles45.html,"GOGH, Vincent van",A Lane in the Public Garden at Arles,1888.0,19,Dutch,landscape,Huile,400.0,328.0,1.2195121951219512,0.08536585365853655,data/raw/images/g/gogh_van/09/arles45.jpg
g__gogh_van__09__arles46,images/g__gogh_van__09__arles46.png,train,https://www.wga.hu/html/g/gogh_van/09/arles46.html,"GOGH, Vincent van",Entrance to the Public Park in Arles,1888.0,19,Dutch,landscape,Huile,400.0,303.0,1.3201320132013201,0.00990099009900991,data/raw/images/g/gogh_van/09/arles46.jpg
g__gogh_van__09__arles49,images/g__gogh_van__09__arles49.png,test,https://www.wga.hu/html/g/gogh_van/09/arles49.html,"GOGH, Vincent van",Public Garden with Couple and Blue Fir Tree: The Poet's Garden III,1888.0,19,Dutch,landscape,Huile,400.0,316.0,1.2658227848101267,0.050632911392405,data/raw/images/g/gogh_van/09/arles49.jpg
g__gogh_van__09__arles50,images/g__gogh_van__09__arles50.png,train,https://www.wga.hu/html/g/gogh_van/09/arles50.html,"GOGH, Vincent van",The Public Park at Arles,1888.0,19,Dutch,landscape,Huile,400.0,308.0,1.2987012987012987,0.025974025974025983,data/raw/images/g/gogh_van/09/arles50.jpg
g__gogh_van__09__arles54,images/g__gogh_van__09__arles54.png,train,https://www.wga.hu/html/g/gogh_van/09/arles54.html,"GOGH, Vincent van","Les Alyscamps, Falling Autumn Leaves",1888.0,19,Dutch,landscape,Huile,400.0,310.0,1.2903225806451613,0.032258064516129004,data/raw/images/g/gogh_van/09/arles54.jpg
g__gogh_van__09__arles55,images/g__gogh_van__09__arles55.png,train,https://www.wga.hu/html/g/gogh_van/09/arles55.html,"GOGH, Vincent van",Les Alyscamps,1888.0,19,Dutch,landscape,Huile,400.0,313.0,1.2779552715654952,0.04153354632587858,data/raw/images/g/gogh_van/09/arles55.jpg
g__gogh_van__09__arles56,images/g__gogh_van__09__arles56.png,train,https://www.wga.hu/html/g/gogh_van/09/arles56.html,"GOGH, Vincent van",The Red Vineyard,1888.0,19,Dutch,landscape,Huile,400.0,309.0,1.2944983818770226,0.029126213592232997,data/raw/images/g/gogh_van/09/arles56.jpg
g__gogh_van__09__arles58,images/g__gogh_van__09__arles58.png,train,https://www.wga.hu/html/g/gogh_van/09/arles58.html,"GOGH, Vincent van",The Sower,1888.0,19,Dutch,landscape,Huile,400.0,314.0,1.2738853503184713,0.04458598726114649,data/raw/images/g/gogh_van/09/arles58.jpg
g__gogh_van__09__arles68,images/g__gogh_van__09__arles68.png,train,https://www.wga.hu/html/g/gogh_van/09/arles68.html,"GOGH, Vincent van",The Courtyard of the Hospital at Arles,1889.0,19,Dutch,landscape,Huile,400.0,312.0,1.2820512820512822,0.038461538461538325,data/raw/images/g/gogh_van/09/arles68.jpg
g__gogh_van__09__arles69,images/g__gogh_van__09__arles69.png,train,https://www.wga.hu/html/g/gogh_van/09/arles69.html,"GOGH, Vincent van",La Crau with Peach Trees in Blossom,1889.0,19,Dutch,landscape,Huile,400.0,315.0,1.2698412698412698,0.04761904761904767,data/raw/images/g/gogh_van/09/arles69.jpg
g__gogh_van__09__arles70,images/g__gogh_van__09__arles70.png,test,https://www.wga.hu/html/g/gogh_van/09/arles70.html,"GOGH, Vincent van",Orchard in Blossom with View of Arles,1889.0,19,Dutch,landscape,Huile,400.0,338.0,1.183431952662722,0.11242603550295849,data/raw/images/g/gogh_van/09/arles70.jpg
g__gogh_van__09__arles71,images/g__gogh_van__09__arles71.png,train,https://www.wga.hu/html/g/gogh_van/09/arles71.html,"GOGH, Vincent van",Orchard in Blossom,1889.0,19,Dutch,landscape,Huile,400.0,306.0,1.3071895424836601,0.019607843137254832,data/raw/images/g/gogh_van/09/arles71.jpg
g__gogh_van__11__1asylu02,images/g__gogh_van__11__1asylu02.png,test,https://www.wga.hu/html/g/gogh_van/11/1asylu02.html,"GOGH, Vincent van",Irises,1889.0,19,Dutch,landscape,Huile,400.0,310.0,1.2903225806451613,0.032258064516129004,data/raw/images/g/gogh_van/11/1asylu02.jpg
g__gogh_van__11__1asylu03,images/g__gogh_van__11__1asylu03.png,train,https://www.wga.hu/html/g/gogh_van/11/1asylu03.html,"GOGH, Vincent van",Lilac Bush,1889.0,19,Dutch,landscape,Huile,400.0,318.0,1.2578616352201257,0.05660377358490565,data/raw/images/g/gogh_van/11/1asylu03.jpg
g__gogh_van__11__1asylu08,images/g__gogh_van__11__1asylu08.png,train,https://www.wga.hu/html/g/gogh_van/11/1asylu08.html,"GOGH, Vincent van",The Garden of Saint-Paul Hospital,1889.0,19,Dutch,landscape,Huile,400.0,316.0,1.2658227848101267,0.050632911392405,data/raw/images/g/gogh_van/11/1asylu08.jpg
g__gogh_van__11__1asylu09,images/g__gogh_van__11__1asylu09.png,train,https://www.wga.hu/html/g/gogh_van/11/1asylu09.html,"GOGH, Vincent van",The Garden of Saint-Paul Hospital,1889.0,19,Dutch,landscape,Huile,400.0,311.0,1.2861736334405145,0.03536977491961413,data/raw/images/g/gogh_van/11/1asylu09.jpg
g__gogh_van__11__1asylu10,images/g__gogh_van__11__1asylu10.png,train,https://www.wga.hu/html/g/gogh_van/11/1asylu10.html,"GOGH, Vincent van",Meadow in the Garden of Saint-Paul Hospital,1890.0,19,Dutch,landscape,Huile,400.0,316.0,1.2658227848101267,0.050632911392405,data/raw/images/g/gogh_van/11/1asylu10.jpg
g__gogh_van__11__2enclos1,images/g__gogh_van__11__2enclos1.png,train,https://www.wga.hu/html/g/gogh_van/11/2enclos1.html,"GOGH, Vincent van",The Enclosed Field at Sunrise,1889.0,19,Dutch,landscape,Huile,400.0,310.0,1.2903225806451613,0.032258064516129004,data/raw/images/g/gogh_van/11/2enclos1.jpg
g__gogh_van__11__2enclos2,images/g__gogh_van__11__2enclos2.png,train,https://www.wga.hu/html/g/gogh_van/11/2enclos2.html,"GOGH, Vincent van",Mountainous Landscape behind Saint-Paul Hospital,1889.0,19,Dutch,landscape,Huile,400.0,310.0,1.2903225806451613,0.032258064516129004,data/raw/images/g/gogh_van/11/2enclos2.jpg
g__gogh_van__11__2enclos3,images/g__gogh_van__11__2enclos3.png,train,https://www.wga.hu/html/g/gogh_van/11/2enclos3.html,"GOGH, Vincent van",Field with Poppies,1889.0,19,Dutch,landscape,Huile,400.0,311.0,1.2861736334405145,0.03536977491961413,data/raw/images/g/gogh_van/11/2enclos3.jpg
g__gogh_van__11__2enclos4,images/g__gogh_van__11__2enclos4.png,train,https://www.wga.hu/html/g/gogh_van/11/2enclos4.html,"GOGH, Vincent van",Wheatfield with Reaper at Sunrise,1889.0,19,Dutch,landscape,Huile,400.0,315.0,1.2698412698412698,0.04761904761904767,data/raw/images/g/gogh_van/11/2enclos4.jpg
g__gogh_van__11__2enclos5,images/g__gogh_van__11__2enclos5.png,train,https://www.wga.hu/html/g/gogh_van/11/2enclos5.html,"GOGH, Vincent van",Farmer in a field,1889.0,19,Dutch,landscape,Huile,400.0,309.0,1.2944983818770226,0.029126213592232997,data/raw/images/g/gogh_van/11/2enclos5.jpg
g__gogh_van__11__2enclos6,images/g__gogh_van__11__2enclos6.png,train,https://www.wga.hu/html/g/gogh_van/11/2enclos6.html,"GOGH, Vincent van",View of the Asylum and the Chapelle de Saint-Rémy,1889.0,19,Dutch,landscape,Huile,400.0,293.0,1.3651877133105803,0.023333333333333428,data/raw/images/g/gogh_van/11/2enclos6.jpg
g__gogh_van__11__2enclos7,images/g__gogh_van__11__2enclos7.png,test,https://www.wga.hu/html/g/gogh_van/11/2enclos7.html,"GOGH, Vincent van",Enclosed Wheat Field with Peasant,1889.0,19,Dutch,landscape,Huile,400.0,323.0,1.238390092879257,0.07120743034055721,data/raw/images/g/gogh_van/11/2enclos7.jpg
g__gogh_van__11__2enclos8,images/g__gogh_van__11__2enclos8.png,train,https://www.wga.hu/html/g/gogh_van/11/2enclos8.html,"GOGH, Vincent van",The Road Menders,1889.0,19,Dutch,landscape,Huile,400.0,324.0,1.2345679012345678,0.07407407407407407,data/raw/images/g/gogh_van/11/2enclos8.jpg
g__gogh_van__11__3enviro1,images/g__gogh_van__11__3enviro1.png,train,https://www.wga.hu/html/g/gogh_van/11/3enviro1.html,"GOGH, Vincent van",The Ravine 'Les Peiroulets',1889.0,19,Dutch,landscape,Huile,400.0,315.0,1.2698412698412698,0.04761904761904767,data/raw/images/g/gogh_van/11/3enviro1.jpg
g__gogh_van__11__3enviro2,images/g__gogh_van__11__3enviro2.png,train,https://www.wga.hu/html/g/gogh_van/11/3enviro2.html,"GOGH, Vincent van",A Meadow in the Mountains: Le Mas de Saint-Paul,1889.0,19,Dutch,landscape,Huile,400.0,313.0,1.2779552715654952,0.04153354632587858,data/raw/images/g/gogh_van/11/3enviro2.jpg
g__gogh_van__11__3enviro4,images/g__gogh_van__11__3enviro4.png,train,https://www.wga.hu/html/g/gogh_van/11/3enviro4.html,"GOGH, Vincent van",Green Wheat Fields,1890.0,19,Dutch,landscape,Huile,400.0,307.0,1.3029315960912051,0.0228013029315961,data/raw/images/g/gogh_van/11/3enviro4.jpg
g__gogh_van__12__cypres01,images/g__gogh_van__12__cypres01.png,train,https://www.wga.hu/html/g/gogh_van/12/cypres01.html,"GOGH, Vincent van",Starry Night,1889.0,19,Dutch,landscape,Huile,400.0,313.0,1.2779552715654952,0.04153354632587858,data/raw/images/g/gogh_van/12/cypres01.jpg
g__gogh_van__12__cypres03,images/g__gogh_van__12__cypres03.png,train,https://www.wga.hu/html/g/gogh_van/12/cypres03.html,"GOGH, Vincent van",Green Wheat Field with Cypress,1889.0,19,Dutch,landscape,Huile,400.0,311.0,1.2861736334405145,0.03536977491961413,data/raw/images/g/gogh_van/12/cypres03.jpg
g__gogh_van__12__cypres05,images/g__gogh_van__12__cypres05.png,train,https://www.wga.hu/html/g/gogh_van/12/cypres05.html,"GOGH, Vincent van",Wheat Field with Cypresses,1889.0,19,Dutch,landscape,Huile,400.0,302.0,1.3245033112582782,0.0066225165562913135,data/raw/images/g/gogh_van/12/cypres05.jpg
g__gogh_van__12__cypres08,images/g__gogh_van__12__cypres08.png,train,https://www.wga.hu/html/g/gogh_van/12/cypres08.html,"GOGH, Vincent van",Cottages and Cypresses: Memories of the North,1890.0,19,Dutch,landscape,Huile,400.0,313.0,1.2779552715654952,0.04153354632587858,data/raw/images/g/gogh_van/12/cypres08.jpg
g__gogh_van__12__olive01,images/g__gogh_van__12__olive01.png,train,https://www.wga.hu/html/g/gogh_van/12/olive01.html,"GOGH, Vincent van",Olive Grove,1889.0,19,Dutch,landscape,Huile,400.0,310.0,1.2903225806451613,0.032258064516129004,data/raw/images/g/gogh_van/12/olive01.jpg
g__gogh_van__12__olive02,images/g__gogh_van__12__olive02.png,train,https://www.wga.hu/html/g/gogh_van/12/olive02.html,"GOGH, Vincent van",Olive Grove,1889.0,19,Dutch,landscape,Huile,400.0,324.0,1.2345679012345678,0.07407407407407407,data/raw/images/g/gogh_van/12/olive02.jpg
g__gogh_van__12__olive03,images/g__gogh_van__12__olive03.png,train,https://www.wga.hu/html/g/gogh_van/12/olive03.html,"GOGH, Vincent van",The Olive Trees,1889.0,19,Dutch,landscape,Huile,400.0,304.0,1.3157894736842106,0.013157894736842035,data/raw/images/g/gogh_van/12/olive03.jpg
g__gogh_van__12__olive04,images/g__gogh_van__12__olive04.png,train,https://www.wga.hu/html/g/gogh_van/12/olive04.html,"GOGH, Vincent van",Olive Orchards: Bright Blue Sky,1889.0,19,Dutch,landscape,Huile,400.0,306.0,1.3071895424836601,0.019607843137254832,data/raw/images/g/gogh_van/12/olive04.jpg
g__gogh_van__12__olive05,images/g__gogh_van__12__olive05.png,train,https://www.wga.hu/html/g/gogh_van/12/olive05.html,"GOGH, Vincent van",Olive Trees with Yellow Sky and Sun,1889.0,19,Dutch,landscape,Huile,400.0,320.0,1.25,0.0625,data/raw/images/g/gogh_van/12/olive05.jpg
g__gogh_van__12__olive06,images/g__gogh_van__12__olive06.png,train,https://www.wga.hu/html/g/gogh_van/12/olive06.html,"GOGH, Vincent van",Olive Orchards against a Slope of a Hill,1889.0,19,Dutch,landscape,Huile,400.0,323.0,1.238390092879257,0.07120743034055721,data/raw/images/g/gogh_van/12/olive06.jpg
g__gogh_van__12__olive07,images/g__gogh_van__12__olive07.png,train,https://www.wga.hu/html/g/gogh_van/12/olive07.html,"GOGH, Vincent van",Olive Picking,1889.0,19,Dutch,landscape,Huile,400.0,329.0,1.21580547112462,0.08814589665653494,data/raw/images/g/gogh_van/12/olive07.jpg
g__gogh_van__12__olive08,images/g__gogh_van__12__olive08.png,train,https://www.wga.hu/html/g/gogh_van/12/olive08.html,"GOGH, Vincent van",Olive Grove with Picking Figures,1889.0,19,Dutch,landscape,Huile,400.0,303.0,1.3201320132013201,0.00990099009900991,data/raw/images/g/gogh_van/12/olive08.jpg
g__gogh_van__12__olive09,images/g__gogh_van__12__olive09.png,train,https://www.wga.hu/html/g/gogh_van/12/olive09.html,"GOGH, Vincent van",Olive Picking,1889.0,19,Dutch,landscape,Huile,400.0,300.0,1.3333333333333333,0.0,data/raw/images/g/gogh_van/12/olive09.jpg
g__gogh_van__12__olive10,images/g__gogh_van__12__olive10.png,train,https://www.wga.hu/html/g/gogh_van/12/olive10.html,"GOGH, Vincent van",Landscape with Trees and Figures,1889.0,19,Dutch,landscape,Huile,400.0,300.0,1.3333333333333333,0.0,data/raw/images/g/gogh_van/12/olive10.jpg
g__gogh_van__14__6still1,images/g__gogh_van__14__6still1.png,test,https://www.wga.hu/html/g/gogh_van/14/6still1.html,"GOGH, Vincent van",Blossoming Almond Tree,1890.0,19,Dutch,landscape,Huile,400.0,320.0,1.25,0.0625,data/raw/images/g/gogh_van/14/6still1.jpg
g__gogh_van__15__auvers05,images/g__gogh_van__15__auvers05.png,train,https://www.wga.hu/html/g/gogh_van/15/auvers05.html,"GOGH, Vincent van",Les Vessenots in Auvers,1890.0,19,Dutch,landscape,Huile,400.0,339.0,1.1799410029498525,0.11504424778761058,data/raw/images/g/gogh_van/15/auvers05.jpg
g__gogh_van__15__auvers06,images/g__gogh_van__15__auvers06.png,train,https://www.wga.hu/html/g/gogh_van/15/auvers06.html,"GOGH, Vincent van",Village Street in Auvers,1890.0,19,Dutch,landscape,Huile,400.0,322.0,1.2422360248447204,0.06832298136645965,data/raw/images/g/gogh_van/15/auvers06.jpg
g__gogh_van__15__auvers07,images/g__gogh_van__15__auvers07.png,train,https://www.wga.hu/html/g/gogh_van/15/auvers07.html,"GOGH, Vincent van",Old Farmhouses in Auvers,1890.0,19,Dutch,landscape,Huile,400.0,320.0,1.25,0.0625,data/raw/images/g/gogh_van/15/auvers07.jpg
g__gogh_van__15__auvers09,images/g__gogh_van__15__auvers09.png,train,https://www.wga.hu/html/g/gogh_van/15/auvers09.html,"GOGH, Vincent van",Farmhouse with Two Figures,1890.0,19,Dutch,landscape,Huile,400.0,326.0,1.2269938650306749,0.07975460122699385,data/raw/images/g/gogh_van/15/auvers09.jpg
g__gogh_van__15__auvers10,images/g__gogh_van__15__auvers10.png,train,https://www.wga.hu/html/g/gogh_van/15/auvers10.html,"GOGH, Vincent van",Village Street and Steps in Auvers with Figures,1890.0,19,Dutch,landscape,Huile,400.0,292.0,1.36986301369863,0.026666666666666616,data/raw/images/g/gogh_van/15/auvers10.jpg
g__gogh_van__15__auvers11,images/g__gogh_van__15__auvers11.png,train,https://www.wga.hu/html/g/gogh_van/15/auvers11.html,"GOGH, Vincent van",Village Street and Steps in Auvers with Two Figures,1890.0,19,Dutch,landscape,Huile,400.0,311.0,1.2861736334405145,0.03536977491961413,data/raw/images/g/gogh_van/15/auvers11.jpg
g__gogh_van__15__auvers15,images/g__gogh_van__15__auvers15.png,train,https://www.wga.hu/html/g/gogh_van/15/auvers15.html,"GOGH, Vincent van",Marguerite Gachet in the Garden,1890.0,19,Dutch,landscape,Huile,400.0,330.0,1.2121212121212122,0.09090909090909083,data/raw/images/g/gogh_van/15/auvers15.jpg
g__gogh_van__15__auvers19,images/g__gogh_van__15__auvers19.png,train,https://www.wga.hu/html/g/gogh_van/15/auvers19.html,"GOGH, Vincent van",Daubigny's Garden at Auvers,1890.0,19,Dutch,landscape,Huile,400.0,390.0,1.0256410256410255,0.23076923076923084,data/raw/images/g/gogh_van/15/auvers19.jpg
g__gogh_van__15__auvers20,images/g__gogh_van__15__auvers20.png,train,https://www.wga.hu/html/g/gogh_van/15/auvers20.html,"GOGH, Vincent van",Houses in Auvers,1890.0,19,Dutch,landscape,Huile,400.0,347.0,1.1527377521613833,0.13544668587896247,data/raw/images/g/gogh_van/15/auvers20.jpg
g__gogh_van__15__auvers21,images/g__gogh_van__15__auvers21.png,train,https://www.wga.hu/html/g/gogh_van/15/auvers21.html,"GOGH, Vincent van",Landscape with Carriage and Train in the Background,1890.0,19,Dutch,landscape,Huile,400.0,310.0,1.2903225806451613,0.032258064516129004,data/raw/images/g/gogh_van/15/auvers21.jpg
g__gogh_van__15__auvers22,images/g__gogh_van__15__auvers22.png,train,https://www.wga.hu/html/g/gogh_van/15/auvers22.html,"GOGH, Vincent van",Vineyards with a View of Auvers,1890.0,19,Dutch,landscape,Huile,400.0,309.0,1.2944983818770226,0.029126213592232997,data/raw/images/g/gogh_van/15/auvers22.jpg
g__gogh_van__15__auvers23,images/g__gogh_van__15__auvers23.png,train,https://www.wga.hu/html/g/gogh_van/15/auvers23.html,"GOGH, Vincent van",Thatched Cottage in Cordeville,1890.0,19,Dutch,landscape,Huile,400.0,314.0,1.2738853503184713,0.04458598726114649,data/raw/images/g/gogh_van/15/auvers23.jpg
g__gogh_van__15__auvers27,images/g__gogh_van__15__auvers27.png,train,https://www.wga.hu/html/g/gogh_van/15/auvers27.html,"GOGH, Vincent van",Bank of the Oise at Auvers,1890.0,19,Dutch,landscape,Huile,400.0,316.0,1.2658227848101267,0.050632911392405,data/raw/images/g/gogh_van/15/auvers27.jpg
g__gogh_van__15__auvers28,images/g__gogh_van__15__auvers28.png,train,https://www.wga.hu/html/g/gogh_van/15/auvers28.html,"GOGH, Vincent van",Landscape near Auvers: Wheatfields,1890.0,19,Dutch,landscape,Huile,400.0,311.0,1.2861736334405145,0.03536977491961413,data/raw/images/g/gogh_van/15/auvers28.jpg
g__gore__morningt,images/g__gore__morningt.png,train,https://www.wga.hu/html/g/gore/morningt.html,"GORE, Spencer Frederick",Mornington Crescent,1911.0,19,English,landscape,Huile,400.0,328.0,1.2195121951219512,0.08536585365853655,data/raw/images/g/gore/morningt.jpg
g__gottscha__winterla,images/g__gottscha__winterla.png,train,https://www.wga.hu/html/g/gottscha/winterla.html,"GOTTSCHALK, Albert",Winter Landscape. Utterslev near Copenhagen,1887.0,19,Danish,landscape,Huile,400.0,269.0,1.486988847583643,0.10333333333333328,data/raw/images/g/gottscha/winterla.jpg
g__goubau__landscap,images/g__goubau__landscap.png,train,https://www.wga.hu/html/g/goubau/landscap.html,"GOUBAU, Anton",Landscape with Figures,,17,Flemish,landscape,Huile,400.0,268.0,1.492537313432836,0.1066666666666668,data/raw/images/g/goubau/landscap.jpg
g__govaerts__woodedla,images/g__govaerts__woodedla.png,train,https://www.wga.hu/html/g/govaerts/woodedla.html,"GOVAERTS, Abraham",Wooded Landscape,,17,Flemish,landscape,Huile,400.0,283.0,1.4134275618374559,0.056666666666666754,data/raw/images/g/govaerts/woodedla.jpg
g__goyen__1__1sandy,images/g__goyen__1__1sandy.png,train,https://www.wga.hu/html/g/goyen/1/1sandy.html,"GOYEN, Jan van",Sandy Road with a Farmhouse,1627.0,17,Dutch,landscape,Huile,400.0,291.0,1.3745704467353952,0.030000000000000027,data/raw/images/g/goyen/1/1sandy.jpg
g__goyen__1__duneland,images/g__goyen__1__duneland.png,test,https://www.wga.hu/html/g/goyen/1/duneland.html,"GOYEN, Jan van",Dune Landscape,1631.0,17,Dutch,landscape,Huile,400.0,240.0,1.6666666666666667,0.20000000000000007,data/raw/images/g/goyen/1/duneland.jpg
g__goyen__1__dunes,images/g__goyen__1__dunes.png,train,https://www.wga.hu/html/g/goyen/1/dunes.html,"GOYEN, Jan van",Dunes,1629.0,17,Dutch,landscape,Huile,400.0,225.0,1.7777777777777777,0.25,data/raw/images/g/goyen/1/dunes.jpg
g__goyen__1__farm_hay,images/g__goyen__1__farm_hay.png,train,https://www.wga.hu/html/g/goyen/1/farm_hay.html,"GOYEN, Jan van",Farmyard with Haystack,,17,Dutch,landscape,Huile,400.0,246.0,1.6260162601626016,0.18000000000000005,data/raw/images/g/goyen/1/farm_hay.jpg
g__goyen__1__haymakin,images/g__goyen__1__haymakin.png,train,https://www.wga.hu/html/g/goyen/1/haymakin.html,"GOYEN, Jan van",Haymaking,1630.0,17,Dutch,landscape,Huile,400.0,237.0,1.6877637130801688,0.21000000000000008,data/raw/images/g/goyen/1/haymakin.jpg
g__goyen__1__lan_dune,images/g__goyen__1__lan_dune.png,train,https://www.wga.hu/html/g/goyen/1/lan_dune.html,"GOYEN, Jan van",Landscape with Dunes,1632.5,17,Dutch,landscape,Huile,400.0,275.0,1.4545454545454546,0.08333333333333337,data/raw/images/g/goyen/1/lan_dune.jpg
g__goyen__1__land_cot,images/g__goyen__1__land_cot.png,train,https://www.wga.hu/html/g/goyen/1/land_cot.html,"GOYEN, Jan van",Landscape with a Peasant Cottage,1631.0,17,Dutch,landscape,Huile,400.0,264.0,1.5151515151515151,0.12,data/raw/images/g/goyen/1/land_cot.jpg
g__goyen__1__land_oak,images/g__goyen__1__land_oak.png,test,https://www.wga.hu/html/g/goyen/1/land_oak.html,"GOYEN, Jan van",Landscape with Oak,1634.0,17,Dutch,landscape,Huile,400.0,329.0,1.21580547112462,0.08814589665653494,data/raw/images/g/goyen/1/land_oak.jpg
g__goyen__1__peas_hut,images/g__goyen__1__peas_hut.png,train,https://www.wga.hu/html/g/goyen/1/peas_hut.html,"GOYEN, Jan van",Peasant Huts with a Sweep Well,1633.0,17,Dutch,landscape,Huile,400.0,273.0,1.465201465201465,0.08999999999999997,data/raw/images/g/goyen/1/peas_hut.jpg
g__goyen__1__pelkus,images/g__goyen__1__pelkus.png,train,https://www.wga.hu/html/g/goyen/1/pelkus.html,"GOYEN, Jan van",The Pelkus Gate near Utrecht,1646.0,17,Dutch,landscape,Huile,400.0,250.0,1.6,0.16666666666666674,data/raw/images/g/goyen/1/pelkus.jpg
g__goyen__1__river_l1,images/g__goyen__1__river_l1.png,train,https://www.wga.hu/html/g/goyen/1/river_l1.html,"GOYEN, Jan van",River Landscape,1631.0,17,Dutch,landscape,Huile,400.0,240.0,1.6666666666666667,0.20000000000000007,data/raw/images/g/goyen/1/river_l1.jpg
g__goyen__1__river_l3,images/g__goyen__1__river_l3.png,train,https://www.wga.hu/html/g/goyen/1/river_l3.html,"GOYEN, Jan van",River Landscape with a Town and Fortified Tower,1633.0,17,Dutch,landscape,Huile,400.0,252.0,1.5873015873015872,0.16000000000000003,data/raw/images/g/goyen/1/river_l3.jpg
g__goyen__1__river_mc,images/g__goyen__1__river_mc.png,train,https://www.wga.hu/html/g/goyen/1/river_mc.html,"GOYEN, Jan van",River Landscape with a Windmill and a Ruined Castle,1644.0,17,Dutch,landscape,Huile,400.0,300.0,1.3333333333333333,0.0,data/raw/images/g/goyen/1/river_mc.jpg
g__goyen__1__skater,images/g__goyen__1__skater.png,train,https://www.wga.hu/html/g/goyen/1/skater.html,"GOYEN, Jan van",Skaters in front of a Medieval Castle,1637.0,17,Dutch,landscape,Huile,400.0,295.0,1.3559322033898304,0.01666666666666672,data/raw/images/g/goyen/1/skater.jpg
g__goyen__1__skaters,images/g__goyen__1__skaters.png,train,https://www.wga.hu/html/g/goyen/1/skaters.html,"GOYEN, Jan van",Landscape with Skaters,1643.0,17,Dutch,landscape,Huile,400.0,289.0,1.3840830449826989,0.036666666666666625,data/raw/images/g/goyen/1/skaters.jpg
g__goyen__1__two_oaks,images/g__goyen__1__two_oaks.png,train,https://www.wga.hu/html/g/goyen/1/two_oaks.html,"GOYEN, Jan van",Landscape with Two Oaks,1641.0,17,Dutch,landscape,Huile,400.0,319.0,1.2539184952978057,0.059561128526645635,data/raw/images/g/goyen/1/two_oaks.jpg
g__goyen__1__valkhof,images/g__goyen__1__valkhof.png,train,https://www.wga.hu/html/g/goyen/1/valkhof.html,"GOYEN, Jan van",The Valkhof at Nijmegen,1644.5,17,Dutch,landscape,Huile,400.0,280.0,1.4285714285714286,0.06666666666666676,data/raw/images/g/goyen/1/valkhof.jpg
g__goyen__1__view_lei,images/g__goyen__1__view_lei.png,train,https://www.wga.hu/html/g/goyen/1/view_lei.html,"GOYEN, Jan van",View of Leiden,1643.0,17,Dutch,landscape,Huile,400.0,272.0,1.4705882352941178,0.09333333333333349,data/raw/images/g/goyen/1/view_lei.jpg
g__goyen__1__viewdord,images/g__goyen__1__viewdord.png,train,https://www.wga.hu/html/g/goyen/1/viewdord.html,"GOYEN, Jan van",View of Dordrecht,1647.0,17,Dutch,landscape,Huile,400.0,256.0,1.5625,0.14666666666666672,data/raw/images/g/goyen/1/viewdord.jpg
g__goyen__1__viewmerw,images/g__goyen__1__viewmerw.png,train,https://www.wga.hu/html/g/goyen/1/viewmerw.html,"GOYEN, Jan van",View of the Merwede before Dordrecht,,17,Dutch,landscape,Huile,400.0,286.0,1.3986013986013985,0.046666666666666634,data/raw/images/g/goyen/1/viewmerw.jpg
g__goyen__1__viewnijm,images/g__goyen__1__viewnijm.png,train,https://www.wga.hu/html/g/goyen/1/viewnijm.html,"GOYEN, Jan van",View of Nijmegen,1649.0,17,Dutch,landscape,Huile,400.0,271.0,1.4760147601476015,0.09666666666666668,data/raw/images/g/goyen/1/viewnijm.jpg
g__goyen__1__village,images/g__goyen__1__village.png,train,https://www.wga.hu/html/g/goyen/1/village.html,"GOYEN, Jan van",Village at the River,1636.0,17,Dutch,landscape,Non précisé (support seul),400.0,254.0,1.5748031496062993,0.15333333333333343,data/raw/images/g/goyen/1/village.jpg
g__goyen__2__beach_sc,images/g__goyen__2__beach_sc.png,train,https://www.wga.hu/html/g/goyen/2/beach_sc.html,"GOYEN, Jan van",Beach at Scheveningen,1646.0,17,Dutch,landscape,Huile,400.0,330.0,1.2121212121212122,0.09090909090909083,data/raw/images/g/goyen/2/beach_sc.jpg
g__goyen__2__beach1,images/g__goyen__2__beach1.png,train,https://www.wga.hu/html/g/goyen/2/beach1.html,"GOYEN, Jan van",A Beach with Fishing Boats,1653.0,17,Dutch,landscape,Huile,400.0,252.0,1.5873015873015872,0.16000000000000003,data/raw/images/g/goyen/2/beach1.jpg
g__goyen__2__castle,images/g__goyen__2__castle.png,train,https://www.wga.hu/html/g/goyen/2/castle.html,"GOYEN, Jan van",Castle by a River,1647.0,17,Dutch,landscape,Huile,400.0,266.0,1.5037593984962405,0.11333333333333329,data/raw/images/g/goyen/2/castle.jpg
g__goyen__2__haar_sea,images/g__goyen__2__haar_sea.png,train,https://www.wga.hu/html/g/goyen/2/haar_sea.html,"GOYEN, Jan van",Haarlemmer Meer,1656.0,17,Dutch,landscape,Huile,400.0,291.0,1.3745704467353952,0.030000000000000027,data/raw/images/g/goyen/2/haar_sea.jpg
g__goyen__2__haarlemm,images/g__goyen__2__haarlemm.png,train,https://www.wga.hu/html/g/goyen/2/haarlemm.html,"GOYEN, Jan van",View of the Haarlemmermeer,1646.0,17,Dutch,landscape,Huile,400.0,273.0,1.465201465201465,0.08999999999999997,data/raw/images/g/goyen/2/haarlemm.jpg
g__goyen__2__rhine,images/g__goyen__2__rhine.png,test,https://www.wga.hu/html/g/goyen/2/rhine.html,"GOYEN, Jan van",The Rhine at Arnhem,1645.0,17,Dutch,landscape,Huile,400.0,277.0,1.444043321299639,0.07666666666666677,data/raw/images/g/goyen/2/rhine.jpg
g__goyen__2__river_la,images/g__goyen__2__river_la.png,train,https://www.wga.hu/html/g/goyen/2/river_la.html,"GOYEN, Jan van",River Landscape with a Cattle-Ferry,1654.0,17,Dutch,landscape,Huile,400.0,317.0,1.2618296529968454,0.05362776025236593,data/raw/images/g/goyen/2/river_la.jpg
g__goyen__2__river_sc,images/g__goyen__2__river_sc.png,train,https://www.wga.hu/html/g/goyen/2/river_sc.html,"GOYEN, Jan van",River Scene,1652.0,17,Dutch,landscape,Huile,400.0,265.0,1.509433962264151,0.11666666666666681,data/raw/images/g/goyen/2/river_sc.jpg
g__goyen__2__rivervie,images/g__goyen__2__rivervie.png,train,https://www.wga.hu/html/g/goyen/2/rivervie.html,"GOYEN, Jan van",River View with Church at Warmond,1644.0,17,Dutch,landscape,Huile,400.0,252.0,1.5873015873015872,0.16000000000000003,data/raw/images/g/goyen/2/rivervie.jpg
g__goyen__2__scheveni,images/g__goyen__2__scheveni.png,train,https://www.wga.hu/html/g/goyen/2/scheveni.html,"GOYEN, Jan van",Seashore at Scheveningen,1645.0,17,Dutch,landscape,Huile,400.0,309.0,1.2944983818770226,0.029126213592232997,data/raw/images/g/goyen/2/scheveni.jpg
g__goyen__2__view_arn,images/g__goyen__2__view_arn.png,train,https://www.wga.hu/html/g/goyen/2/view_arn.html,"GOYEN, Jan van",View of the City of Arnhem,1646.0,17,Dutch,landscape,Huile,400.0,264.0,1.5151515151515151,0.12,data/raw/images/g/goyen/2/view_arn.jpg
g__goyen__2__view_hax,images/g__goyen__2__view_hax.png,train,https://www.wga.hu/html/g/goyen/2/view_hax.html,"GOYEN, Jan van",View of The Hague from the Northwest,1647.0,17,Dutch,landscape,Huile,400.0,273.0,1.465201465201465,0.08999999999999997,data/raw/images/g/goyen/2/view_hax.jpg
g__goyen__2__viewdord,images/g__goyen__2__viewdord.png,train,https://www.wga.hu/html/g/goyen/2/viewdord.html,"GOYEN, Jan van",View of Dordrecht,1648.5,17,Dutch,landscape,Huile,400.0,256.0,1.5625,0.14666666666666672,data/raw/images/g/goyen/2/viewdord.jpg
g__goyen__2__viewdorx,images/g__goyen__2__viewdorx.png,train,https://www.wga.hu/html/g/goyen/2/viewdorx.html,"GOYEN, Jan van",The Meuse at Dordrecht with the Groote Kerk,1647.0,17,Dutch,landscape,Huile,400.0,268.0,1.492537313432836,0.1066666666666668,data/raw/images/g/goyen/2/viewdorx.jpg
g__goyen__2__viewleid,images/g__goyen__2__viewleid.png,train,https://www.wga.hu/html/g/goyen/2/viewleid.html,"GOYEN, Jan van",View of Leiden from the Northeast,1650.0,17,Dutch,landscape,Huile,400.0,272.0,1.4705882352941178,0.09333333333333349,data/raw/images/g/goyen/2/viewleid.jpg
g__goyen__2__viewoude,images/g__goyen__2__viewoude.png,train,https://www.wga.hu/html/g/goyen/2/viewoude.html,"GOYEN, Jan van",View of Dordrecht from the Oude Maas,1644.0,17,Dutch,landscape,Huile,400.0,298.0,1.342281879194631,0.006666666666666821,data/raw/images/g/goyen/2/viewoude.jpg
g__goyen__2__w_river,images/g__goyen__2__w_river.png,train,https://www.wga.hu/html/g/goyen/2/w_river.html,"GOYEN, Jan van",Winter on the River,,17,Dutch,landscape,Huile,400.0,302.0,1.3245033112582782,0.0066225165562913135,data/raw/images/g/goyen/2/w_river.jpg
g__goyen__2__windmill,images/g__goyen__2__windmill.png,train,https://www.wga.hu/html/g/goyen/2/windmill.html,"GOYEN, Jan van",Windmill by a River,1642.0,17,Dutch,landscape,Huile,400.0,329.0,1.21580547112462,0.08814589665653494,data/raw/images/g/goyen/2/windmill.jpg
g__goyen__2__winter,images/g__goyen__2__winter.png,train,https://www.wga.hu/html/g/goyen/2/winter.html,"GOYEN, Jan van",Winter Scene near The Hague,1645.0,17,Dutch,landscape,Huile,400.0,295.0,1.3559322033898304,0.01666666666666672,data/raw/images/g/goyen/2/winter.jpg
g__goyen__2__winterla,images/g__goyen__2__winterla.png,train,https://www.wga.hu/html/g/goyen/2/winterla.html,"GOYEN, Jan van",Winter Landscape,1627.0,17,Dutch,landscape,Huile,400.0,250.0,1.6,0.16666666666666674,data/raw/images/g/goyen/2/winterla.jpg
g__goyen__2__zestuar,images/g__goyen__2__zestuar.png,test,https://www.wga.hu/html/g/goyen/2/zestuar.html,"GOYEN, Jan van",Estuary Landscape,1647.0,17,Dutch,landscape,Huile,400.0,278.0,1.4388489208633093,0.07333333333333336,data/raw/images/g/goyen/2/zestuar.jpg
g__goyen__2__zestuary,images/g__goyen__2__zestuary.png,train,https://www.wga.hu/html/g/goyen/2/zestuary.html,"GOYEN, Jan van",An Estuary Scene,1653.0,17,Dutch,landscape,Huile,400.0,281.0,1.4234875444839858,0.06333333333333346,data/raw/images/g/goyen/2/zestuary.jpg
g__graeb__athens,images/g__graeb__athens.png,train,https://www.wga.hu/html/g/graeb/athens.html,"GRAEB, Carl Georg Anton",View of Athens,1853.0,19,German,landscape,Huile,400.0,274.0,1.4598540145985401,0.08666666666666667,data/raw/images/g/graeb/athens.jpg
g__granet__trinita,images/g__granet__trinita.png,train,https://www.wga.hu/html/g/granet/trinita.html,"GRANET, François-Marius","San Trinità dei Monti and the Villa Medici, Rome",1808.0,19,French,landscape,Huile,400.0,320.0,1.25,0.0625,data/raw/images/g/granet/trinita.jpg
g__greco_el__19__1903grec,images/g__greco_el__19__1903grec.png,train,https://www.wga.hu/html/g/greco_el/19/1903grec.html,"GRECO, El",View and Plan of Toledo,1610.0,16,Spanish,landscape,Huile,400.0,229.0,1.7467248908296944,0.2366666666666667,data/raw/images/g/greco_el/19/1903grec.jpg
g__grevenbr__alessand__moonligh,images/g__grevenbr__alessand__moonligh.png,train,https://www.wga.hu/html/g/grevenbr/alessand/moonligh.html,"GREVENBROECK, Alessandro",Mediterranean Port in Moonlight,,18,Dutch,landscape,Huile,400.0,303.0,1.3201320132013201,0.00990099009900991,data/raw/images/g/grevenbr/alessand/moonligh.jpg
g__griffier__london,images/g__griffier__london.png,train,https://www.wga.hu/html/g/griffier/london.html,"GRIFFIER, Jan I",View of London from the Horseferry Pier,,17,Dutch,landscape,Huile,400.0,316.0,1.2658227848101267,0.050632911392405,data/raw/images/g/griffier/london.jpg
g__griffier__rhenish,images/g__griffier__rhenish.png,train,https://www.wga.hu/html/g/griffier/rhenish.html,"GRIFFIER, Jan I",Rhenish Landscape with a Steep Forest Path on the Left,,17,Dutch,landscape,Huile,400.0,344.0,1.1627906976744187,0.12790697674418594,data/raw/images/g/griffier/rhenish.jpg
g__griffier__winter,images/g__griffier__winter.png,train,https://www.wga.hu/html/g/griffier/winter.html,"GRIFFIER, Jan I",Winter,,17,Dutch,landscape,Huile,400.0,338.0,1.183431952662722,0.11242603550295849,data/raw/images/g/griffier/winter.jpg
g__grigores__clearing,images/g__grigores__clearing.png,train,https://www.wga.hu/html/g/grigores/clearing.html,"GRIGORESCU, Nicolae",A Clearing,1885.0,19,Other,landscape,Huile,400.0,275.0,1.4545454545454546,0.08333333333333337,data/raw/images/g/grigores/clearing.jpg
g__grimaldx__landsca1,images/g__grimaldx__landsca1.png,train,https://www.wga.hu/html/g/grimaldx/landsca1.html,"GRIMALDI, Giovanni Francesco",Landscape near Viterbo,,17,Italian,landscape,Techniques sur papier,400.0,238.0,1.680672268907563,0.20666666666666678,data/raw/images/g/grimaldx/landsca1.jpg
g__grimmer__abel__1spring,images/g__grimmer__abel__1spring.png,train,https://www.wga.hu/html/g/grimmer/abel/1spring.html,"GRIMMER, Abel",Spring,1607.0,17,Flemish,landscape,Huile,400.0,278.0,1.4388489208633093,0.07333333333333336,data/raw/images/g/grimmer/abel/1spring.jpg
g__grimmer__abel__2summer,images/g__grimmer__abel__2summer.png,train,https://www.wga.hu/html/g/grimmer/abel/2summer.html,"GRIMMER, Abel",Summer,1607.0,17,Flemish,landscape,Huile,400.0,285.0,1.4035087719298245,0.050000000000000044,data/raw/images/g/grimmer/abel/2summer.jpg
g__grimmer__abel__2summer1,images/g__grimmer__abel__2summer1.png,train,https://www.wga.hu/html/g/grimmer/abel/2summer1.html,"GRIMMER, Abel",Summer,,17,Flemish,landscape,Huile,400.0,259.0,1.5444015444015444,0.13666666666666671,data/raw/images/g/grimmer/abel/2summer1.jpg
g__grimmer__abel__3autumn,images/g__grimmer__abel__3autumn.png,train,https://www.wga.hu/html/g/grimmer/abel/3autumn.html,"GRIMMER, Abel",Autumn,1607.0,17,Flemish,landscape,Huile,400.0,284.0,1.408450704225352,0.053333333333333344,data/raw/images/g/grimmer/abel/3autumn.jpg
g__grimmer__abel__4winter,images/g__grimmer__abel__4winter.png,train,https://www.wga.hu/html/g/grimmer/abel/4winter.html,"GRIMMER, Abel",Winter,1607.0,17,Flemish,landscape,Huile,400.0,281.0,1.4234875444839858,0.06333333333333346,data/raw/images/g/grimmer/abel/4winter.jpg
g__grimmer__abel__carrying,images/g__grimmer__abel__carrying.png,train,https://www.wga.hu/html/g/grimmer/abel/carrying.html,"GRIMMER, Abel",Carrying the Cross,1593.0,17,Flemish,landscape,Huile,400.0,289.0,1.3840830449826989,0.036666666666666625,data/raw/images/g/grimmer/abel/carrying.jpg
g__grimmer__abel__february,images/g__grimmer__abel__february.png,train,https://www.wga.hu/html/g/grimmer/abel/february.html,"GRIMMER, Abel",The Month of February,,17,Flemish,landscape,Huile,400.0,271.0,1.4760147601476015,0.09666666666666668,data/raw/images/g/grimmer/abel/february.jpg
g__grimmer__jacob__1seasons,images/g__grimmer__jacob__1seasons.png,train,https://www.wga.hu/html/g/grimmer/jacob/1seasons.html,"GRIMMER, Jacob",Spring,,16,Flemish,landscape,Huile,400.0,233.0,1.7167381974248928,0.22333333333333338,data/raw/images/g/grimmer/jacob/1seasons.jpg
g__grimmer__jacob__2seasons,images/g__grimmer__jacob__2seasons.png,train,https://www.wga.hu/html/g/grimmer/jacob/2seasons.html,"GRIMMER, Jacob",Autumn,,16,Flemish,landscape,Huile,400.0,243.0,1.646090534979424,0.19000000000000006,data/raw/images/g/grimmer/jacob/2seasons.jpg
g__grimmer__jacob__3seasons,images/g__grimmer__jacob__3seasons.png,train,https://www.wga.hu/html/g/grimmer/jacob/3seasons.html,"GRIMMER, Jacob",Winter,,16,Flemish,landscape,Huile,400.0,243.0,1.646090534979424,0.19000000000000006,data/raw/images/g/grimmer/jacob/3seasons.jpg
g__grimmer__jacob__landscap,images/g__grimmer__jacob__landscap.png,train,https://www.wga.hu/html/g/grimmer/jacob/landscap.html,"GRIMMER, Jacob",Landscape,,16,Flemish,landscape,Huile,400.0,297.0,1.3468013468013469,0.01000000000000012,data/raw/images/g/grimmer/jacob/landscap.jpg
g__grimmer__jacob__viewkiel,images/g__grimmer__jacob__viewkiel.png,train,https://www.wga.hu/html/g/grimmer/jacob/viewkiel.html,"GRIMMER, Jacob",View of Kiel,1578.0,16,Flemish,landscape,Huile,400.0,246.0,1.6260162601626016,0.18000000000000005,data/raw/images/g/grimmer/jacob/viewkiel.jpg
g__grohar__snow,images/g__grohar__snow.png,train,https://www.wga.hu/html/g/grohar/snow.html,"GROHAR, Ivan",Snow in Skofja Loka,1905.0,19,Other,landscape,Huile,400.0,352.0,1.1363636363636365,0.1477272727272726,data/raw/images/g/grohar/snow.jpg
g__grondonc__kermesse,images/g__grondonc__kermesse.png,train,https://www.wga.hu/html/g/grondonc/kermesse.html,"GRONDONCK, Bartholomeus",Kermesse of Oudenarde,1617.0,17,Flemish,landscape,Huile,400.0,272.0,1.4705882352941178,0.09333333333333349,data/raw/images/g/grondonc/kermesse.jpg
g__grubacs__palace,images/g__grubacs__palace.png,train,https://www.wga.hu/html/g/grubacs/palace.html,"GRUBACS, Carlo",A View of Venice,,19,Italian,landscape,Huile,400.0,243.0,1.646090534979424,0.19000000000000006,data/raw/images/g/grubacs/palace.jpg
g__grubacs__viewven2,images/g__grubacs__viewven2.png,train,https://www.wga.hu/html/g/grubacs/viewven2.html,"GRUBACS, Carlo","View of the Piazzetta from the Bacino di San Marco, Venice",,19,Italian,landscape,Huile,400.0,317.0,1.2618296529968454,0.05362776025236593,data/raw/images/g/grubacs/viewven2.jpg
g__grubacs__viewven3,images/g__grubacs__viewven3.png,train,https://www.wga.hu/html/g/grubacs/viewven3.html,"GRUBACS, Carlo","View of the Doge's Palace, Venice",,19,Italian,landscape,Huile,400.0,317.0,1.2618296529968454,0.05362776025236593,data/raw/images/g/grubacs/viewven3.jpg
g__grubacs__viewveni,images/g__grubacs__viewveni.png,train,https://www.wga.hu/html/g/grubacs/viewveni.html,"GRUBACS, Carlo",A View of Venice,,19,Italian,landscape,Huile,400.0,285.0,1.4035087719298245,0.050000000000000044,data/raw/images/g/grubacs/viewveni.jpg
g__grubicy__terzetto,images/g__grubicy__terzetto.png,train,https://www.wga.hu/html/g/grubicy/terzetto.html,"GRUBICY DE DRAGON, Vittore",Landscape (Terzetto tenue),1896.0,19,Italian,landscape,Huile,400.0,244.0,1.639344262295082,0.18666666666666676,data/raw/images/g/grubicy/terzetto.jpg
g__grund__landsca1,images/g__grund__landsca1.png,train,https://www.wga.hu/html/g/grund/landsca1.html,"GRUND, Norbert",Landscape with Pedestrians,,18,Bohemian,landscape,Huile,400.0,298.0,1.342281879194631,0.006666666666666821,data/raw/images/g/grund/landsca1.jpg
g__gryef__landhunt,images/g__gryef__landhunt.png,train,https://www.wga.hu/html/g/gryef/landhunt.html,"GRYEF, Adriaen de","Landscape with Sportsman, Hunting Dogs and Dead Game",,17,Flemish,landscape,Huile,400.0,276.0,1.4492753623188406,0.08000000000000007,data/raw/images/g/gryef/landhunt.jpg
g__guardi__francesc__1__guard102,images/g__guardi__francesc__1__guard102.png,train,https://www.wga.hu/html/g/guardi/francesc/1/guard102.html,"GUARDI, Francesco","San Cristoforo, San Michele and Murano, Seen from the Fondamenta Nuove",1757.5,18,Italian,landscape,Huile,400.0,252.0,1.5873015873015872,0.16000000000000003,data/raw/images/g/guardi/francesc/1/guard102.jpg
g__guardi__francesc__1__guard104,images/g__guardi__francesc__1__guard104.png,train,https://www.wga.hu/html/g/guardi/francesc/1/guard104.html,"GUARDI, Francesco","The Piazzetta, Looking toward San Giorgio Maggiore",1758.0,18,Italian,landscape,Huile,400.0,231.0,1.7316017316017316,0.22999999999999998,data/raw/images/g/guardi/francesc/1/guard104.jpg
g__guardi__francesc__1__guard105,images/g__guardi__francesc__1__guard105.png,train,https://www.wga.hu/html/g/guardi/francesc/1/guard105.html,"GUARDI, Francesco","The Lagoon with Boats, Gondolas, and Rafts",1758.0,18,Italian,landscape,Huile,400.0,228.0,1.7543859649122806,0.24,data/raw/images/g/guardi/francesc/1/guard105.jpg
g__guardi__francesc__1__guard106,images/g__guardi__francesc__1__guard106.png,train,https://www.wga.hu/html/g/guardi/francesc/1/guard106.html,"GUARDI, Francesco",The Giudecca Canal with the Zattere,1759.0,18,Italian,landscape,Huile,400.0,230.0,1.7391304347826086,0.2333333333333334,data/raw/images/g/guardi/francesc/1/guard106.jpg
g__guardi__francesc__1__guard107,images/g__guardi__francesc__1__guard107.png,train,https://www.wga.hu/html/g/guardi/francesc/1/guard107.html,"GUARDI, Francesco",The Lagoon from the Fondamenta Nuove,1759.0,18,Italian,landscape,Huile,400.0,231.0,1.7316017316017316,0.22999999999999998,data/raw/images/g/guardi/francesc/1/guard107.jpg
g__guardi__francesc__1__guard108,images/g__guardi__francesc__1__guard108.png,train,https://www.wga.hu/html/g/guardi/francesc/1/guard108.html,"GUARDI, Francesco",Bridge at Dolo,,18,Italian,landscape,Huile,400.0,317.0,1.2618296529968454,0.05362776025236593,data/raw/images/g/guardi/francesc/1/guard108.jpg
g__guardi__francesc__2__guard197,images/g__guardi__francesc__2__guard197.png,train,https://www.wga.hu/html/g/guardi/francesc/2/guard197.html,"GUARDI, Francesco",Piazzetta with the Doge's Palace,1762.5,18,Italian,landscape,Huile,400.0,326.0,1.2269938650306749,0.07975460122699385,data/raw/images/g/guardi/francesc/2/guard197.jpg
g__guardi__francesc__2__guard198,images/g__guardi__francesc__2__guard198.png,train,https://www.wga.hu/html/g/guardi/francesc/2/guard198.html,"GUARDI, Francesco",Santa Maria della Salute Viewed from across the Canal Grande,1762.5,18,Italian,landscape,Huile,400.0,326.0,1.2269938650306749,0.07975460122699385,data/raw/images/g/guardi/francesc/2/guard198.jpg
g__guardi__francesc__2__guard1981,images/g__guardi__francesc__2__guard1981.png,train,https://www.wga.hu/html/g/guardi/francesc/2/guard1981.html,"GUARDI, Francesco",View of Santa Maria della Salute Looking West,,18,Italian,landscape,Huile,400.0,242.0,1.6528925619834711,0.19333333333333336,data/raw/images/g/guardi/francesc/2/guard1981.jpg
g__guardi__francesc__2__guard199,images/g__guardi__francesc__2__guard199.png,train,https://www.wga.hu/html/g/guardi/francesc/2/guard199.html,"GUARDI, Francesco",The Market at the Molo with the View of San Giorgio Maggiore,1762.5,18,Italian,landscape,Huile,400.0,329.0,1.21580547112462,0.08814589665653494,data/raw/images/g/guardi/francesc/2/guard199.jpg
g__guardi__francesc__2__guard200,images/g__guardi__francesc__2__guard200.png,train,https://www.wga.hu/html/g/guardi/francesc/2/guard200.html,"GUARDI, Francesco",Piazzetta with the Libreria Vecchia,1762.5,18,Italian,landscape,Huile,400.0,323.0,1.238390092879257,0.07120743034055721,data/raw/images/g/guardi/francesc/2/guard200.jpg
g__guardi__francesc__2__guard201,images/g__guardi__francesc__2__guard201.png,train,https://www.wga.hu/html/g/guardi/francesc/2/guard201.html,"GUARDI, Francesco",Campo Santi Giovanni e Paolo,1762.5,18,Italian,landscape,Huile,400.0,236.0,1.694915254237288,0.21333333333333337,data/raw/images/g/guardi/francesc/2/guard201.jpg
g__guardi__francesc__2__guard202,images/g__guardi__francesc__2__guard202.png,train,https://www.wga.hu/html/g/guardi/francesc/2/guard202.html,"GUARDI, Francesco",The Rialto Bridge with the Palazzo dei Camerlenghi,1763.0,18,Italian,landscape,Huile,400.0,254.0,1.5748031496062993,0.15333333333333343,data/raw/images/g/guardi/francesc/2/guard202.jpg
g__guardi__francesc__2__guard203,images/g__guardi__francesc__2__guard203.png,train,https://www.wga.hu/html/g/guardi/francesc/2/guard203.html,"GUARDI, Francesco",The Molo and the Riva degli Schiavoni from the Bacino di San Marco,1762.5,18,Italian,landscape,Huile,400.0,309.0,1.2944983818770226,0.029126213592232997,data/raw/images/g/guardi/francesc/2/guard203.jpg
g__guardi__francesc__2__guard204,images/g__guardi__francesc__2__guard204.png,train,https://www.wga.hu/html/g/guardi/francesc/2/guard204.html,"GUARDI, Francesco",The Piazza San Marco towards the Basilica,1762.5,18,Italian,landscape,Huile,400.0,238.0,1.680672268907563,0.20666666666666678,data/raw/images/g/guardi/francesc/2/guard204.jpg
g__guardi__francesc__2__guard205,images/g__guardi__francesc__2__guard205.png,train,https://www.wga.hu/html/g/guardi/francesc/2/guard205.html,"GUARDI, Francesco","The Grand Canal, Looking toward the Rialto Bridge",1765.0,18,Italian,landscape,Huile,400.0,296.0,1.3513513513513513,0.013333333333333308,data/raw/images/g/guardi/francesc/2/guard205.jpg
g__guardi__francesc__2__guard206,images/g__guardi__francesc__2__guard206.png,train,https://www.wga.hu/html/g/guardi/francesc/2/guard206.html,"GUARDI, Francesco",The Grand Canal at the Fish Market (Pescheria),1765.0,18,Italian,landscape,Huile,400.0,299.0,1.3377926421404682,0.0033333333333334103,data/raw/images/g/guardi/francesc/2/guard206.jpg
g__guardi__francesc__2__guard207,images/g__guardi__francesc__2__guard207.png,train,https://www.wga.hu/html/g/guardi/francesc/2/guard207.html,"GUARDI, Francesco",The Three-Arched Bridge at Cannaregio,1767.5,18,Italian,landscape,Huile,400.0,259.0,1.5444015444015444,0.13666666666666671,data/raw/images/g/guardi/francesc/2/guard207.jpg
g__guardi__francesc__2__guard208,images/g__guardi__francesc__2__guard208.png,train,https://www.wga.hu/html/g/guardi/francesc/2/guard208.html,"GUARDI, Francesco",The Lagoon Looking toward Murano from the Fondamenta Nuove,1767.5,18,Italian,landscape,Huile,400.0,241.0,1.6597510373443984,0.19666666666666677,data/raw/images/g/guardi/francesc/2/guard208.jpg
g__guardi__francesc__2__guard210,images/g__guardi__francesc__2__guard210.png,train,https://www.wga.hu/html/g/guardi/francesc/2/guard210.html,"GUARDI, Francesco",Audience Granted by the Doge,1768.0,18,Italian,landscape,Huile,400.0,271.0,1.4760147601476015,0.09666666666666668,data/raw/images/g/guardi/francesc/2/guard210.jpg
g__guardi__francesc__2__guard211,images/g__guardi__francesc__2__guard211.png,train,https://www.wga.hu/html/g/guardi/francesc/2/guard211.html,"GUARDI, Francesco",The Doge at the Basilica of La Salute,1768.0,18,Italian,landscape,Huile,400.0,258.0,1.550387596899225,0.14000000000000012,data/raw/images/g/guardi/francesc/2/guard211.jpg
g__guardi__francesc__2__guard212,images/g__guardi__francesc__2__guard212.png,train,https://www.wga.hu/html/g/guardi/francesc/2/guard212.html,"GUARDI, Francesco",The Doge on the Bucentaur at San Niccolò del Lido,1768.0,18,Italian,landscape,Huile,400.0,250.0,1.6,0.16666666666666674,data/raw/images/g/guardi/francesc/2/guard212.jpg
g__guardi__francesc__2__guard213,images/g__guardi__francesc__2__guard213.png,train,https://www.wga.hu/html/g/guardi/francesc/2/guard213.html,"GUARDI, Francesco",The Coronation of the Doge,1768.0,18,Italian,landscape,Huile,400.0,253.0,1.5810276679841897,0.15666666666666673,data/raw/images/g/guardi/francesc/2/guard213.jpg
g__guardi__francesc__2__guard214,images/g__guardi__francesc__2__guard214.png,train,https://www.wga.hu/html/g/guardi/francesc/2/guard214.html,"GUARDI, Francesco",Carnival Thursday on the Piazzetta,1768.0,18,Italian,landscape,Huile,400.0,263.0,1.520912547528517,0.1233333333333333,data/raw/images/g/guardi/francesc/2/guard214.jpg
g__guardi__francesc__2__guard215,images/g__guardi__francesc__2__guard215.png,test,https://www.wga.hu/html/g/guardi/francesc/2/guard215.html,"GUARDI, Francesco",Capriccio with Venetian Motifs,1764.5,18,Italian,landscape,Huile,400.0,257.0,1.556420233463035,0.14333333333333342,data/raw/images/g/guardi/francesc/2/guard215.jpg
g__guardi__francesc__2__guard216,images/g__guardi__francesc__2__guard216.png,train,https://www.wga.hu/html/g/guardi/francesc/2/guard216.html,"GUARDI, Francesco",Piazza San Marco,1764.5,18,Italian,landscape,Huile,400.0,259.0,1.5444015444015444,0.13666666666666671,data/raw/images/g/guardi/francesc/2/guard216.jpg
g__guardi__francesc__2__guard217,images/g__guardi__francesc__2__guard217.png,train,https://www.wga.hu/html/g/guardi/francesc/2/guard217.html,"GUARDI, Francesco",The Doge on the Bucintoro near the Riva di Sant'Elena,1768.0,18,Italian,landscape,Huile,400.0,275.0,1.4545454545454546,0.08333333333333337,data/raw/images/g/guardi/francesc/2/guard217.jpg
g__guardi__francesc__2__guard219,images/g__guardi__francesc__2__guard219.png,train,https://www.wga.hu/html/g/guardi/francesc/2/guard219.html,"GUARDI, Francesco",Gondola in the Lagoon,1765.0,18,Italian,landscape,Huile,400.0,256.0,1.5625,0.14666666666666672,data/raw/images/g/guardi/francesc/2/guard219.jpg
g__guardi__francesc__3__guard296,images/g__guardi__francesc__3__guard296.png,train,https://www.wga.hu/html/g/guardi/francesc/3/guard296.html,"GUARDI, Francesco",Piazzetta with the Libreria Vecchia,1772.5,18,Italian,landscape,Huile,400.0,278.0,1.4388489208633093,0.07333333333333336,data/raw/images/g/guardi/francesc/3/guard296.jpg
g__guardi__francesc__3__guard297,images/g__guardi__francesc__3__guard297.png,train,https://www.wga.hu/html/g/guardi/francesc/3/guard297.html,"GUARDI, Francesco",The Torre dell'Orologio,1772.5,18,Italian,landscape,Huile,400.0,275.0,1.4545454545454546,0.08333333333333337,data/raw/images/g/guardi/francesc/3/guard297.jpg
g__guardi__francesc__3__guard299,images/g__guardi__francesc__3__guard299.png,train,https://www.wga.hu/html/g/guardi/francesc/3/guard299.html,"GUARDI, Francesco","Piazza San Marco, Venice",1770.0,18,Italian,landscape,Huile,400.0,304.0,1.3157894736842106,0.013157894736842035,data/raw/images/g/guardi/francesc/3/guard299.jpg
g__guardi__francesc__3__guard300,images/g__guardi__francesc__3__guard300.png,train,https://www.wga.hu/html/g/guardi/francesc/3/guard300.html,"GUARDI, Francesco",Bacino di San Marco with San Giorgio and the Giudecca,1772.0,18,Italian,landscape,Huile,400.0,293.0,1.3651877133105803,0.023333333333333428,data/raw/images/g/guardi/francesc/3/guard300.jpg
g__guardi__francesc__3__guard301,images/g__guardi__francesc__3__guard301.png,train,https://www.wga.hu/html/g/guardi/francesc/3/guard301.html,"GUARDI, Francesco",Landscape with a Fisherman's Tent,1772.5,18,Italian,landscape,Huile,400.0,261.0,1.5325670498084292,0.13000000000000012,data/raw/images/g/guardi/francesc/3/guard301.jpg
g__guardi__francesc__3__guard302,images/g__guardi__francesc__3__guard302.png,train,https://www.wga.hu/html/g/guardi/francesc/3/guard302.html,"GUARDI, Francesco",The Feast of the Ascension,1775.0,18,Italian,landscape,Huile,400.0,290.0,1.3793103448275863,0.03333333333333344,data/raw/images/g/guardi/francesc/3/guard302.jpg
g__guardi__francesc__3__guard303,images/g__guardi__francesc__3__guard303.png,train,https://www.wga.hu/html/g/guardi/francesc/3/guard303.html,"GUARDI, Francesco",Doge Alvise IV Mocenigo Appears to the People in St Mark's Basilica in 1763,1776.0,18,Italian,landscape,Huile,400.0,262.0,1.5267175572519085,0.12666666666666682,data/raw/images/g/guardi/francesc/3/guard303.jpg
g__guardi__francesc__3__guard305,images/g__guardi__francesc__3__guard305.png,train,https://www.wga.hu/html/g/guardi/francesc/3/guard305.html,"GUARDI, Francesco",Piazza di San Marco,1777.0,18,Italian,landscape,Huile,400.0,264.0,1.5151515151515151,0.12,data/raw/images/g/guardi/francesc/3/guard305.jpg
g__guardi__francesc__3__guard307,images/g__guardi__francesc__3__guard307.png,test,https://www.wga.hu/html/g/guardi/francesc/3/guard307.html,"GUARDI, Francesco",View of the Molo towards the Santa Maria della Salute,1777.5,18,Italian,landscape,Huile,400.0,242.0,1.6528925619834711,0.19333333333333336,data/raw/images/g/guardi/francesc/3/guard307.jpg
g__guardi__francesc__3__guard3071,images/g__guardi__francesc__3__guard3071.png,train,https://www.wga.hu/html/g/guardi/francesc/3/guard3071.html,"GUARDI, Francesco","View of the Piazza San Marco, Looking East",1777.5,18,Italian,landscape,Huile,400.0,257.0,1.556420233463035,0.14333333333333342,data/raw/images/g/guardi/francesc/3/guard3071.jpg
g__guardi__francesc__3__guard308,images/g__guardi__francesc__3__guard308.png,train,https://www.wga.hu/html/g/guardi/francesc/3/guard308.html,"GUARDI, Francesco",View of Piazzetta San Marco towards the San Giorgio Maggiore,1774.5,18,Italian,landscape,Huile,400.0,239.0,1.6736401673640167,0.20333333333333337,data/raw/images/g/guardi/francesc/3/guard308.jpg
g__guardi__francesc__3__guard309,images/g__guardi__francesc__3__guard309.png,train,https://www.wga.hu/html/g/guardi/francesc/3/guard309.html,"GUARDI, Francesco",Venetian Capriccio,1777.5,18,Italian,landscape,Huile,400.0,288.0,1.3888888888888888,0.040000000000000036,data/raw/images/g/guardi/francesc/3/guard309.jpg
g__guardi__francesc__3__guard310,images/g__guardi__francesc__3__guard310.png,train,https://www.wga.hu/html/g/guardi/francesc/3/guard310.html,"GUARDI, Francesco",Venice: San Giorgio Maggiore,1775.0,18,Italian,landscape,Huile,400.0,292.0,1.36986301369863,0.026666666666666616,data/raw/images/g/guardi/francesc/3/guard310.jpg
g__guardi__francesc__3__guard311,images/g__guardi__francesc__3__guard311.png,train,https://www.wga.hu/html/g/guardi/francesc/3/guard311.html,"GUARDI, Francesco",Venice: The Dogana with the Giudecca,1775.0,18,Italian,landscape,Huile,400.0,291.0,1.3745704467353952,0.030000000000000027,data/raw/images/g/guardi/francesc/3/guard311.jpg
g__guardi__francesc__3__guard313,images/g__guardi__francesc__3__guard313.png,train,https://www.wga.hu/html/g/guardi/francesc/3/guard313.html,"GUARDI, Francesco",View of the Island of San Giorgio Maggiore,1670.0,18,Italian,landscape,Huile,400.0,295.0,1.3559322033898304,0.01666666666666672,data/raw/images/g/guardi/francesc/3/guard313.jpg
g__guardi__francesc__3__guard314,images/g__guardi__francesc__3__guard314.png,train,https://www.wga.hu/html/g/guardi/francesc/3/guard314.html,"GUARDI, Francesco",Church of Santa Maria Zobenigo,,18,Italian,landscape,Huile,400.0,234.0,1.7094017094017093,0.21999999999999997,data/raw/images/g/guardi/francesc/3/guard314.jpg
g__guardi__francesc__4__guard00,images/g__guardi__francesc__4__guard00.png,train,https://www.wga.hu/html/g/guardi/francesc/4/guard00.html,"GUARDI, Francesco",The Punta di Dogana,1782.0,18,Italian,landscape,Huile,400.0,304.0,1.3157894736842106,0.013157894736842035,data/raw/images/g/guardi/francesc/4/guard00.jpg
g__guardi__francesc__4__guard401,images/g__guardi__francesc__4__guard401.png,train,https://www.wga.hu/html/g/guardi/francesc/4/guard401.html,"GUARDI, Francesco",Landscape,1780.0,18,Italian,landscape,Huile,400.0,319.0,1.2539184952978057,0.059561128526645635,data/raw/images/g/guardi/francesc/4/guard401.jpg
g__guardi__francesc__4__guard403,images/g__guardi__francesc__4__guard403.png,train,https://www.wga.hu/html/g/guardi/francesc/4/guard403.html,"GUARDI, Francesco",Pope Pius VI Blessing the People on Campo Santi Giovanni e Paolo,1782.0,18,Italian,landscape,Huile,400.0,309.0,1.2944983818770226,0.029126213592232997,data/raw/images/g/guardi/francesc/4/guard403.jpg
g__guardi__francesc__4__guard406,images/g__guardi__francesc__4__guard406.png,train,https://www.wga.hu/html/g/guardi/francesc/4/guard406.html,"GUARDI, Francesco",The Grand Canal with Santa Lucia and the Scalzi,1784.5,18,Italian,landscape,Huile,400.0,251.0,1.593625498007968,0.16333333333333333,data/raw/images/g/guardi/francesc/4/guard406.jpg
g__guardi__francesc__4__guard407,images/g__guardi__francesc__4__guard407.png,train,https://www.wga.hu/html/g/guardi/francesc/4/guard407.html,"GUARDI, Francesco",The Grand Canal with San Simeone Piccolo and Santa Lucia,1784.5,18,Italian,landscape,Huile,400.0,249.0,1.606425702811245,0.17000000000000004,data/raw/images/g/guardi/francesc/4/guard407.jpg
g__guardi__francesc__4__guard408,images/g__guardi__francesc__4__guard408.png,train,https://www.wga.hu/html/g/guardi/francesc/4/guard408.html,"GUARDI, Francesco",Outward Voyage of the Bucintoro to San Nicolò del Lido,1786.5,18,Italian,landscape,Huile,400.0,240.0,1.6666666666666667,0.20000000000000007,data/raw/images/g/guardi/francesc/4/guard408.jpg
g__guardi__francesc__4__guard409,images/g__guardi__francesc__4__guard409.png,train,https://www.wga.hu/html/g/guardi/francesc/4/guard409.html,"GUARDI, Francesco",Fire in the Oil Depot at San Marcuola,1789.0,18,Italian,landscape,Huile,400.0,265.0,1.509433962264151,0.11666666666666681,data/raw/images/g/guardi/francesc/4/guard409.jpg
g__guardi__francesc__4__guard410,images/g__guardi__francesc__4__guard410.png,train,https://www.wga.hu/html/g/guardi/francesc/4/guard410.html,"GUARDI, Francesco",Fire in the San Marcuola Oil Depot,1789.0,18,Italian,landscape,Huile,400.0,240.0,1.6666666666666667,0.20000000000000007,data/raw/images/g/guardi/francesc/4/guard410.jpg
g__guardi__francesc__4__guard411,images/g__guardi__francesc__4__guard411.png,train,https://www.wga.hu/html/g/guardi/francesc/4/guard411.html,"GUARDI, Francesco",Venice: A View of the Church of San Giorgio Maggiore Seen from the Giudecca,,18,Italian,landscape,Huile,400.0,255.0,1.5686274509803921,0.15000000000000002,data/raw/images/g/guardi/francesc/4/guard411.jpg
g__guardi__francesc__4__guard412,images/g__guardi__francesc__4__guard412.png,test,https://www.wga.hu/html/g/guardi/francesc/4/guard412.html,"GUARDI, Francesco",Venice: A View of the Entrance to the Grand Canal,,18,Italian,landscape,Huile,400.0,255.0,1.5686274509803921,0.15000000000000002,data/raw/images/g/guardi/francesc/4/guard412.jpg
g__guardi__francesc__4__guard413,images/g__guardi__francesc__4__guard413.png,test,https://www.wga.hu/html/g/guardi/francesc/4/guard413.html,"GUARDI, Francesco",The Canal Grande with San Simeone Piccolo,1780.0,18,Italian,landscape,Huile,400.0,277.0,1.444043321299639,0.07666666666666677,data/raw/images/g/guardi/francesc/4/guard413.jpg
g__guardi__francesc__4__guard414,images/g__guardi__francesc__4__guard414.png,train,https://www.wga.hu/html/g/guardi/francesc/4/guard414.html,"GUARDI, Francesco",Canal Grande with Santa Lucia and the Scalzi Church,1780.0,18,Italian,landscape,Huile,400.0,278.0,1.4388489208633093,0.07333333333333336,data/raw/images/g/guardi/francesc/4/guard414.jpg
g__guardi__giacomo__lagoon,images/g__guardi__giacomo__lagoon.png,train,https://www.wga.hu/html/g/guardi/giacomo/lagoon.html,"GUARDI, Giacomo",View of the Venetian Lagoon,,18,Italian,landscape,Huile,400.0,291.0,1.3745704467353952,0.030000000000000027,data/raw/images/g/guardi/giacomo/lagoon.jpg
g__guardi__giacomo__landscap,images/g__guardi__giacomo__landscap.png,train,https://www.wga.hu/html/g/guardi/giacomo/landscap.html,"GUARDI, Giacomo",Landscape in the Environs of Venice,,18,Italian,landscape,Huile,400.0,291.0,1.3745704467353952,0.030000000000000027,data/raw/images/g/guardi/giacomo/landscap.jpg
g__guardi__giacomo__regatta,images/g__guardi__giacomo__regatta.png,test,https://www.wga.hu/html/g/guardi/giacomo/regatta.html,"GUARDI, Giacomo",View of a Regatta on the Grand Canal,,18,Italian,landscape,Huile,400.0,267.0,1.4981273408239701,0.1100000000000001,data/raw/images/g/guardi/giacomo/regatta.jpg
g__gudin__stormsea,images/g__gudin__stormsea.png,train,https://www.wga.hu/html/g/gudin/stormsea.html,"GUDIN, Théodore",Storm in the Sea,1832.0,19,French,landscape,Huile,400.0,275.0,1.4545454545454546,0.08333333333333337,data/raw/images/g/gudin/stormsea.jpg
g__guillau__03guilla,images/g__guillau__03guilla.png,train,https://www.wga.hu/html/g/guillau/03guilla.html,"GUILLAUMIN, Armand",Sunset at Ivry,1873.0,19,French,landscape,Huile,400.0,310.0,1.2903225806451613,0.032258064516129004,data/raw/images/g/guillau/03guilla.jpg
g__guillau__04guilla,images/g__guillau__04guilla.png,train,https://www.wga.hu/html/g/guillau/04guilla.html,"GUILLAUMIN, Armand","Quai de la Gare, Snow (Quai de Bercy)",1875.0,19,French,landscape,Huile,400.0,329.0,1.21580547112462,0.08814589665653494,data/raw/images/g/guillau/04guilla.jpg
g__guillau__05guilla,images/g__guillau__05guilla.png,train,https://www.wga.hu/html/g/guillau/05guilla.html,"GUILLAUMIN, Armand",The Seine in Winter,1879.0,19,French,landscape,Huile,400.0,324.0,1.2345679012345678,0.07407407407407407,data/raw/images/g/guillau/05guilla.jpg
g__guillau__06guilla,images/g__guillau__06guilla.png,train,https://www.wga.hu/html/g/guillau/06guilla.html,"GUILLAUMIN, Armand",Barges in the Snow,1881.0,19,French,landscape,Huile,400.0,307.0,1.3029315960912051,0.0228013029315961,data/raw/images/g/guillau/06guilla.jpg
g__guillau__08guilla,images/g__guillau__08guilla.png,train,https://www.wga.hu/html/g/guillau/08guilla.html,"GUILLAUMIN, Armand",Outskirts of Paris,1890.0,19,French,landscape,Huile,400.0,311.0,1.2861736334405145,0.03536977491961413,data/raw/images/g/guillau/08guilla.jpg
g__guillau__10guilla,images/g__guillau__10guilla.png,train,https://www.wga.hu/html/g/guillau/10guilla.html,"GUILLAUMIN, Armand",Landscape in Normandy: Apple Trees,1887.0,19,French,landscape,Huile,400.0,234.0,1.7094017094017093,0.21999999999999997,data/raw/images/g/guillau/10guilla.jpg
g__guillau__11guilla,images/g__guillau__11guilla.png,train,https://www.wga.hu/html/g/guillau/11guilla.html,"GUILLAUMIN, Armand",View of Agay,1895.0,19,French,landscape,Huile,400.0,325.0,1.2307692307692308,0.07692307692307687,data/raw/images/g/guillau/11guilla.jpg
g__guillau__12guilla,images/g__guillau__12guilla.png,train,https://www.wga.hu/html/g/guillau/12guilla.html,"GUILLAUMIN, Armand","The Barrage of Genetin, Crozant",1899.0,19,French,landscape,Huile,400.0,326.0,1.2269938650306749,0.07975460122699385,data/raw/images/g/guillau/12guilla.jpg
g__guillau__13guilla,images/g__guillau__13guilla.png,test,https://www.wga.hu/html/g/guillau/13guilla.html,"GUILLAUMIN, Armand","The River, Crozant",1900.0,19,French,landscape,Huile,400.0,329.0,1.21580547112462,0.08814589665653494,data/raw/images/g/guillau/13guilla.jpg
g__gutierr__capricc,images/g__gutierr__capricc.png,train,https://www.wga.hu/html/g/gutierr/capricc.html,"GUTIÉRREZ CABELLO, Francisco",Architectural Caprice with Moses Saved from the Water,1660.0,17,Spanish,landscape,Huile,400.0,257.0,1.556420233463035,0.14333333333333342,data/raw/images/g/gutierr/capricc.jpg
g__gutierr__capricci,images/g__gutierr__capricci.png,train,https://www.wga.hu/html/g/gutierr/capricci.html,"GUTIÉRREZ CABELLO, Francisco",Architectural Capriccio,1693.0,17,Spanish,landscape,Huile,400.0,309.0,1.2944983818770226,0.029126213592232997,data/raw/images/g/gutierr/capricci.jpg
h__haagen__landscap,images/h__haagen__landscap.png,train,https://www.wga.hu/html/h/haagen/landscap.html,"HAAGEN, Joris Abrahamsz. van der",Forest Landscape,,17,Dutch,landscape,Huile,400.0,265.0,1.509433962264151,0.11666666666666681,data/raw/images/h/haagen/landscap.jpg
h__hackaert__riversce,images/h__hackaert__riversce.png,train,https://www.wga.hu/html/h/hackaert/riversce.html,"HACKAERT, Jan",River Scene,1660.0,17,Dutch,landscape,Huile,400.0,311.0,1.2861736334405145,0.03536977491961413,data/raw/images/h/hackaert/riversce.jpg
h__hackaert__woodedla,images/h__hackaert__woodedla.png,train,https://www.wga.hu/html/h/hackaert/woodedla.html,"HACKAERT, Jan",Wooded Landscape,,17,Dutch,landscape,Huile,400.0,330.0,1.2121212121212122,0.09090909090909083,data/raw/images/h/hackaert/woodedla.jpg
h__hackert__philipp__caserta,images/h__hackert__philipp__caserta.png,train,https://www.wga.hu/html/h/hackert/philipp/caserta.html,"HACKERT, Jacob Philipp",Landscape with the Palace of Caserta and Vesuvius,1793.0,18,German,landscape,Huile,400.0,280.0,1.4285714285714286,0.06666666666666676,data/raw/images/h/hackert/philipp/caserta.jpg
h__hackert__philipp__caserta1,images/h__hackert__philipp__caserta1.png,train,https://www.wga.hu/html/h/hackert/philipp/caserta1.html,"HACKERT, Jacob Philipp",View of Caserta,1784.0,18,German,landscape,Huile,400.0,307.0,1.3029315960912051,0.0228013029315961,data/raw/images/h/hackert/philipp/caserta1.jpg
h__hackert__philipp__greatcas,images/h__hackert__philipp__greatcas.png,train,https://www.wga.hu/html/h/hackert/philipp/greatcas.html,"HACKERT, Jacob Philipp",Great Cascades at Tivoli,1783.0,18,German,landscape,Huile,400.0,282.0,1.4184397163120568,0.06000000000000005,data/raw/images/h/hackert/philipp/greatcas.jpg
h__hackert__philipp__italian,images/h__hackert__philipp__italian.png,train,https://www.wga.hu/html/h/hackert/philipp/italian.html,"HACKERT, Jacob Philipp",Italian Landscape,1795.0,18,German,landscape,Huile,400.0,264.0,1.5151515151515151,0.12,data/raw/images/h/hackert/philipp/italian.jpg
h__hackert__philipp__italland,images/h__hackert__philipp__italland.png,train,https://www.wga.hu/html/h/hackert/philipp/italland.html,"HACKERT, Jacob Philipp",Italianate Landscape,1778.0,18,German,landscape,Huile,400.0,285.0,1.4035087719298245,0.050000000000000044,data/raw/images/h/hackert/philipp/italland.jpg
h__hackert__philipp__lakenami,images/h__hackert__philipp__lakenami.png,train,https://www.wga.hu/html/h/hackert/philipp/lakenami.html,"HACKERT, Jacob Philipp",View of Lake Nemi,1803.0,18,German,landscape,Huile,400.0,288.0,1.3888888888888888,0.040000000000000036,data/raw/images/h/hackert/philipp/lakenami.jpg
h__hackert__philipp__land_fig,images/h__hackert__philipp__land_fig.png,train,https://www.wga.hu/html/h/hackert/philipp/land_fig.html,"HACKERT, Jacob Philipp",Landscape with Figures,1793.0,18,German,landscape,Huile,400.0,266.0,1.5037593984962405,0.11333333333333329,data/raw/images/h/hackert/philipp/land_fig.jpg
h__hackert__philipp__land_riv,images/h__hackert__philipp__land_riv.png,test,https://www.wga.hu/html/h/hackert/philipp/land_riv.html,"HACKERT, Jacob Philipp",Landscape with River,1778.0,18,German,landscape,Huile,400.0,283.0,1.4134275618374559,0.056666666666666754,data/raw/images/h/hackert/philipp/land_riv.jpg
h__hackert__philipp__v_vietri,images/h__hackert__philipp__v_vietri.png,train,https://www.wga.hu/html/h/hackert/philipp/v_vietri.html,"HACKERT, Jacob Philipp",View of the Copper-Mill in Vietri,1773.0,18,German,landscape,Huile,400.0,283.0,1.4134275618374559,0.056666666666666754,data/raw/images/h/hackert/philipp/v_vietri.jpg
h__hackert__philipp__volturno,images/h__hackert__philipp__volturno.png,test,https://www.wga.hu/html/h/hackert/philipp/volturno.html,"HACKERT, Jacob Philipp",The Volturno with the Ponte Margherita,1799.0,18,German,landscape,Huile,400.0,290.0,1.3793103448275863,0.03333333333333344,data/raw/images/h/hackert/philipp/volturno.jpg
h__haensber__italland,images/h__haensber__italland.png,train,https://www.wga.hu/html/h/haensber/italland.html,"HAENSBERGEN, Johan van","Italian Landscape with ruins, shepherd and nymphs",1670.0,17,Dutch,landscape,Huile,400.0,318.0,1.2578616352201257,0.05660377358490565,data/raw/images/h/haensber/italland.jpg
h__haes__pontaven,images/h__haes__pontaven.png,train,https://www.wga.hu/html/h/haes/pontaven.html,"HAES, Carlos de",Stream at Pont-Aven,,19,Spanish,landscape,Huile,400.0,318.0,1.2578616352201257,0.05660377358490565,data/raw/images/h/haes/pontaven.jpg
h__hagen__sea_bay,images/h__hagen__sea_bay.png,train,https://www.wga.hu/html/h/hagen/sea_bay.html,"HAGEN, August Mathias",Sea Bay,1835.0,19,German,landscape,Huile,400.0,250.0,1.6,0.16666666666666674,data/raw/images/h/hagen/sea_bay.jpg
h__hale__rambler,images/h__hale__rambler.png,train,https://www.wga.hu/html/h/hale/rambler.html,"HALE, Philip Leslie",The Crimson Rambler,1908.0,19,American,landscape,Huile,400.0,331.0,1.2084592145015105,0.09365558912386707,data/raw/images/h/hale/rambler.jpg
h__hals__nicolaes__duneland,images/h__hals__nicolaes__duneland.png,test,https://www.wga.hu/html/h/hals/nicolaes/duneland.html,"HALS, Nicolaes",Dune Landscape,,17,Dutch,landscape,Huile,400.0,263.0,1.520912547528517,0.1233333333333333,data/raw/images/h/hals/nicolaes/duneland.jpg
h__hamilto__philipp__pheasant,images/h__hamilto__philipp__pheasant.png,train,https://www.wga.hu/html/h/hamilto/philipp/pheasant.html,"HAMILTON, Philipp Ferdinand de",Oriental Pheasants by a Pond in a Wooded Landscape,,18,Scottish,landscape,Huile,400.0,297.0,1.3468013468013469,0.01000000000000012,data/raw/images/h/hamilto/philipp/pheasant.jpg
h__hammersh__view1,images/h__hammersh__view1.png,train,https://www.wga.hu/html/h/hammersh/view1.html,"HAMMERSHØI, Vilhelm",View of Fredericksholms Canal,1892.0,19,Danish,landscape,Huile,400.0,339.0,1.1799410029498525,0.11504424778761058,data/raw/images/h/hammersh/view1.jpg
h__hansch__grossven,images/h__hansch__grossven.png,train,https://www.wga.hu/html/h/hansch/grossven.html,"HANSCH, Anton",The Grossvenediger,,19,Austrian,landscape,Huile,400.0,283.0,1.4134275618374559,0.056666666666666754,data/raw/images/h/hansch/grossven.jpg
h__hansen__titus,images/h__hansen__titus.png,train,https://www.wga.hu/html/h/hansen/titus.html,"HANSEN, Constantin",The Arch of Titus in Rome,1839.0,19,Danish,landscape,Huile,400.0,341.0,1.1730205278592376,0.12023460410557174,data/raw/images/h/hansen/titus.jpg
h__harding__locarno,images/h__harding__locarno.png,train,https://www.wga.hu/html/h/harding/locarno.html,"HARDING, James Duffield","Locarno, Switzerland",,19,English,landscape,Huile,400.0,263.0,1.520912547528517,0.1233333333333333,data/raw/images/h/harding/locarno.jpg
h__harpigni__capri,images/h__harpigni__capri.png,train,https://www.wga.hu/html/h/harpigni/capri.html,"HARPIGNIES, Henri-Joseph",View of the Island of Capri,1853.0,19,French,landscape,Huile,400.0,231.0,1.7316017316017316,0.22999999999999998,data/raw/images/h/harpigni/capri.jpg
h__harpigni__farmhous,images/h__harpigni__farmhous.png,train,https://www.wga.hu/html/h/harpigni/farmhous.html,"HARPIGNIES, Henri-Joseph",Farmhouse,1875.0,19,French,landscape,Huile,400.0,272.0,1.4705882352941178,0.09333333333333349,data/raw/images/h/harpigni/farmhous.jpg
h__harpigni__oak,images/h__harpigni__oak.png,train,https://www.wga.hu/html/h/harpigni/oak.html,"HARPIGNIES, Henri-Joseph",Oak,1895.0,19,French,landscape,Huile,400.0,291.0,1.3745704467353952,0.030000000000000027,data/raw/images/h/harpigni/oak.jpg
h__harpigni__palatine,images/h__harpigni__palatine.png,train,https://www.wga.hu/html/h/harpigni/palatine.html,"HARPIGNIES, Henri-Joseph","Rome, View of the Palatine Hill",1865.0,19,French,landscape,Huile,400.0,306.0,1.3071895424836601,0.019607843137254832,data/raw/images/h/harpigni/palatine.jpg
h__harpigni__river_la,images/h__harpigni__river_la.png,train,https://www.wga.hu/html/h/harpigni/river_la.html,"HARPIGNIES, Henri-Joseph",River Landscape with a Village in the Background,1877.0,19,French,landscape,Huile,400.0,236.0,1.694915254237288,0.21333333333333337,data/raw/images/h/harpigni/river_la.jpg
h__harpigni__riviera,images/h__harpigni__riviera.png,train,https://www.wga.hu/html/h/harpigni/riviera.html,"HARPIGNIES, Henri-Joseph",On Riviera,1891.0,19,French,landscape,Huile,400.0,269.0,1.486988847583643,0.10333333333333328,data/raw/images/h/harpigni/riviera.jpg
h__hartmann__landjohn,images/h__hartmann__landjohn.png,train,https://www.wga.hu/html/h/hartmann/landjohn.html,"HARTMANN, Johannes Jakob",Landscape with St John the Baptist Preaching,,18,Bohemian,landscape,Huile,400.0,285.0,1.4035087719298245,0.050000000000000044,data/raw/images/h/hartmann/landjohn.jpg
h__hartmann__landpaul,images/h__hartmann__landpaul.png,train,https://www.wga.hu/html/h/hartmann/landpaul.html,"HARTMANN, Johannes Jakob",Landscape with the Conversion of St Paul,,18,Bohemian,landscape,Huile,400.0,286.0,1.3986013986013985,0.046666666666666634,data/raw/images/h/hartmann/landpaul.jpg
h__hassam__gardens,images/h__hassam__gardens.png,train,https://www.wga.hu/html/h/hassam/gardens.html,"HASSAM, Childe","Celia Thaxter's Gardens, Isles of Shoals, Maine",1890.0,19,American,landscape,Huile,400.0,331.0,1.2084592145015105,0.09365558912386707,data/raw/images/h/hassam/gardens.jpg
h__hassam__pond,images/h__hassam__pond.png,train,https://www.wga.hu/html/h/hassam/pond.html,"HASSAM, Childe","The Little Pond, Appledore",1890.0,19,American,landscape,Huile,400.0,289.0,1.3840830449826989,0.036666666666666625,data/raw/images/h/hassam/pond.jpg
h__hassam__sunset,images/h__hassam__sunset.png,train,https://www.wga.hu/html/h/hassam/sunset.html,"HASSAM, Childe",Sunset at Sea,1911.0,19,American,landscape,Huile,400.0,400.0,1.0,0.25,data/raw/images/h/hassam/sunset.jpg
h__hayet__concord,images/h__hayet__concord.png,train,https://www.wga.hu/html/h/hayet/concord.html,"HAYET, Louis","Place de la Concorde, Paris",1888.0,19,French,landscape,Huile,400.0,282.0,1.4184397163120568,0.06000000000000005,data/raw/images/h/hayet/concord.jpg
h__heereman__river_la,images/h__heereman__river_la.png,train,https://www.wga.hu/html/h/heereman/river_la.html,"HEEREMANS, Thomas",River Landscape,1685.0,17,Dutch,landscape,Huile,400.0,314.0,1.2738853503184713,0.04458598726114649,data/raw/images/h/heereman/river_la.jpg
h__heereman__riverlan,images/h__heereman__riverlan.png,train,https://www.wga.hu/html/h/heereman/riverlan.html,"HEEREMANS, Thomas",River Landscape,1691.0,17,Dutch,landscape,Huile,400.0,283.0,1.4134275618374559,0.056666666666666754,data/raw/images/h/heereman/riverlan.jpg
h__heereman__viewleid,images/h__heereman__viewleid.png,train,https://www.wga.hu/html/h/heereman/viewleid.html,"HEEREMANS, Thomas",View of Leiden,1674.0,17,Dutch,landscape,Huile,400.0,287.0,1.3937282229965158,0.043333333333333446,data/raw/images/h/heereman/viewleid.jpg
h__heereman__village,images/h__heereman__village.png,train,https://www.wga.hu/html/h/heereman/village.html,"HEEREMANS, Thomas",Village Street,1664.5,17,Dutch,landscape,Huile,400.0,292.0,1.36986301369863,0.026666666666666616,data/raw/images/h/heereman/village.jpg
h__heereman__winterla,images/h__heereman__winterla.png,train,https://www.wga.hu/html/h/heereman/winterla.html,"HEEREMANS, Thomas",Winter Landscape,,17,Dutch,landscape,Huile,400.0,317.0,1.2618296529968454,0.05362776025236593,data/raw/images/h/heereman/winterla.jpg
h__heidelof__viewwien,images/h__heidelof__viewwien.png,test,https://www.wga.hu/html/h/heidelof/viewwien.html,"HEIDELOFF, Josef",View from the Prater towards the Suburbs of Vienna,1781.0,18,German,landscape,Huile,400.0,244.0,1.639344262295082,0.18666666666666676,data/raw/images/h/heidelof/viewwien.jpg
h__heil__winterla,images/h__heil__winterla.png,test,https://www.wga.hu/html/h/heil/winterla.html,"HEIL, Daniel van",Winter Landscape,,17,Flemish,landscape,Huile,400.0,288.0,1.3888888888888888,0.040000000000000036,data/raw/images/h/heil/winterla.jpg
h__heimbach__winterla,images/h__heimbach__winterla.png,train,https://www.wga.hu/html/h/heimbach/winterla.html,"HEIMBACH, Wolfgang",Winter Landscape with Skaters on a River,,17,German,landscape,Huile,400.0,258.0,1.550387596899225,0.14000000000000012,data/raw/images/h/heimbach/winterla.jpg
h__heintz__joseph_y__scene,images/h__heintz__joseph_y__scene.png,train,https://www.wga.hu/html/h/heintz/joseph_y/scene.html,"HEINTZ, Joseph the Younger",Imaginary Scene with Venetian Buildings,1672.5,17,Swiss,landscape,Huile,400.0,258.0,1.550387596899225,0.14000000000000012,data/raw/images/h/heintz/joseph_y/scene.jpg
h__herring__john_y__corner,images/h__herring__john_y__corner.png,train,https://www.wga.hu/html/h/herring/john_y/corner.html,"HERRING, John Frederick the Younger",A Corner of the Farm,,19,English,landscape,Huile,400.0,271.0,1.4760147601476015,0.09666666666666668,data/raw/images/h/herring/john_y/corner.jpg
h__herring__john_y__day_farm,images/h__herring__john_y__day_farm.png,train,https://www.wga.hu/html/h/herring/john_y/day_farm.html,"HERRING, John Frederick the Younger",A Peaceful Day in the Farmyard,,19,English,landscape,Huile,400.0,226.0,1.7699115044247788,0.2466666666666667,data/raw/images/h/herring/john_y/day_farm.jpg
h__herring__john_y__feeding,images/h__herring__john_y__feeding.png,train,https://www.wga.hu/html/h/herring/john_y/feeding.html,"HERRING, John Frederick the Younger",Feeding Time,,19,English,landscape,Huile,400.0,276.0,1.4492753623188406,0.08000000000000007,data/raw/images/h/herring/john_y/feeding.jpg
h__heusch__jacob__campovac,images/h__heusch__jacob__campovac.png,train,https://www.wga.hu/html/h/heusch/jacob/campovac.html,"HEUSCH, Jacob de","The Campo Vaccino, Rome",,17,Dutch,landscape,Huile,400.0,248.0,1.6129032258064515,0.17333333333333334,data/raw/images/h/heusch/jacob/campovac.jpg
h__heusch__jacob__harbour,images/h__heusch__jacob__harbour.png,test,https://www.wga.hu/html/h/heusch/jacob/harbour.html,"HEUSCH, Jacob de",Italian Harbour,1697.0,17,Dutch,landscape,Huile,400.0,296.0,1.3513513513513513,0.013333333333333308,data/raw/images/h/heusch/jacob/harbour.jpg
h__heusch__jacob__landscap,images/h__heusch__jacob__landscap.png,train,https://www.wga.hu/html/h/heusch/jacob/landscap.html,"HEUSCH, Jacob de",Italian Landscape,,17,Dutch,landscape,Huile,400.0,296.0,1.3513513513513513,0.013333333333333308,data/raw/images/h/heusch/jacob/landscap.jpg
h__heusch__jacob__romeview,images/h__heusch__jacob__romeview.png,train,https://www.wga.hu/html/h/heusch/jacob/romeview.html,"HEUSCH, Jacob de",Rome: A View of the Forum Romanum,1694.0,17,Dutch,landscape,Huile,400.0,279.0,1.4336917562724014,0.07000000000000006,data/raw/images/h/heusch/jacob/romeview.jpg
h__heusch__willem__italiana,images/h__heusch__willem__italiana.png,train,https://www.wga.hu/html/h/heusch/willem/italiana.html,"HEUSCH, Willem de",Italianate Landscape,,17,Dutch,landscape,Huile,400.0,331.0,1.2084592145015105,0.09365558912386707,data/raw/images/h/heusch/willem/italiana.jpg
h__heusch__willem__italland,images/h__heusch__willem__italland.png,train,https://www.wga.hu/html/h/heusch/willem/italland.html,"HEUSCH, Willem de",Italianate Landscape with Shepherds,,17,Dutch,landscape,Huile,400.0,311.0,1.2861736334405145,0.03536977491961413,data/raw/images/h/heusch/willem/italland.jpg
h__heyden__bridge1,images/h__heyden__bridge1.png,train,https://www.wga.hu/html/h/heyden/bridge1.html,"HEYDEN, Jan van der",The Stone Bridge,1667.0,17,Dutch,landscape,Huile,400.0,322.0,1.2422360248447204,0.06832298136645965,data/raw/images/h/heyden/bridge1.jpg
h__heyden__bridge2,images/h__heyden__bridge2.png,train,https://www.wga.hu/html/h/heyden/bridge2.html,"HEYDEN, Jan van der",The Drawbridge,1666.0,17,Dutch,landscape,Huile,400.0,314.0,1.2738853503184713,0.04458598726114649,data/raw/images/h/heyden/bridge2.jpg
h__heyden__haarlemt,images/h__heyden__haarlemt.png,train,https://www.wga.hu/html/h/heyden/haarlemt.html,"HEYDEN, Jan van der",Amsterdam: Street before Haarlem Tower,,17,Dutch,landscape,Huile,400.0,323.0,1.238390092879257,0.07120743034055721,data/raw/images/h/heyden/haarlemt.jpg
h__heyden__huisten1,images/h__heyden__huisten1.png,train,https://www.wga.hu/html/h/heyden/huisten1.html,"HEYDEN, Jan van der",The Huis ten Bosch at The Hague and Its Formal Garden (View from the South),1669.0,17,Dutch,landscape,Huile,400.0,281.0,1.4234875444839858,0.06333333333333346,data/raw/images/h/heyden/huisten1.jpg
h__heyden__huisten2,images/h__heyden__huisten2.png,train,https://www.wga.hu/html/h/heyden/huisten2.html,"HEYDEN, Jan van der",The Huis ten Bosch at The Hague and Its Formal Garden (View from the East),1669.0,17,Dutch,landscape,Huile,400.0,279.0,1.4336917562724014,0.07000000000000006,data/raw/images/h/heyden/huisten2.jpg
h__heyden__martelaa,images/h__heyden__martelaa.png,train,https://www.wga.hu/html/h/heyden/martelaa.html,"HEYDEN, Jan van der",The Martelaarsgracht in Amsterdam,1670.0,17,Dutch,landscape,Huile,400.0,319.0,1.2539184952978057,0.059561128526645635,data/raw/images/h/heyden/martelaa.jpg
h__heyden__small_to,images/h__heyden__small_to.png,train,https://www.wga.hu/html/h/heyden/small_to.html,"HEYDEN, Jan van der",View of a Small Town Square,1660.0,17,Dutch,landscape,Huile,400.0,315.0,1.2698412698412698,0.04761904761904767,data/raw/images/h/heyden/small_to.jpg
h__heyden__townhal,images/h__heyden__townhal.png,train,https://www.wga.hu/html/h/heyden/townhal.html,"HEYDEN, Jan van der","Amsterdam, Dam Square with the Town Hall and the Nieuwe Kerk",1667.0,17,Dutch,landscape,Huile,400.0,370.0,1.0810810810810811,0.18918918918918914,data/raw/images/h/heyden/townhal.jpg
h__heyden__townhall,images/h__heyden__townhall.png,train,https://www.wga.hu/html/h/heyden/townhall.html,"HEYDEN, Jan van der",The New Town Hall in Amsterdam,1652.0,17,Dutch,landscape,Huile,400.0,337.0,1.1869436201780414,0.10979228486646886,data/raw/images/h/heyden/townhall.jpg
h__heyden__veere,images/h__heyden__veere.png,train,https://www.wga.hu/html/h/heyden/veere.html,"HEYDEN, Jan van der",Approach to the Town of Veere,1665.0,17,Dutch,landscape,Huile,400.0,320.0,1.25,0.0625,data/raw/images/h/heyden/veere.jpg
h__heyden__view_bri,images/h__heyden__view_bri.png,train,https://www.wga.hu/html/h/heyden/view_bri.html,"HEYDEN, Jan van der",View of a Bridge,,17,Dutch,landscape,Huile,400.0,300.0,1.3333333333333333,0.0,data/raw/images/h/heyden/view_bri.jpg
h__heyden__view_d,images/h__heyden__view_d.png,train,https://www.wga.hu/html/h/heyden/view_d.html,"HEYDEN, Jan van der",View of Delft,,17,Dutch,landscape,Huile,400.0,315.0,1.2698412698412698,0.04761904761904767,data/raw/images/h/heyden/view_d.jpg
h__heyden__view_her,images/h__heyden__view_her.png,train,https://www.wga.hu/html/h/heyden/view_her.html,"HEYDEN, Jan van der","View of the Herengracht, Amsterdam",1670.0,17,Dutch,landscape,Huile,400.0,335.0,1.1940298507462686,0.10447761194029859,data/raw/images/h/heyden/view_her.jpg
h__heyden__westerk,images/h__heyden__westerk.png,train,https://www.wga.hu/html/h/heyden/westerk.html,"HEYDEN, Jan van der","View of the Westerkerk, Amsterdam",1660.0,17,Dutch,landscape,Huile,400.0,314.0,1.2738853503184713,0.04458598726114649,data/raw/images/h/heyden/westerk.jpg
h__heyden__westerke,images/h__heyden__westerke.png,train,https://www.wga.hu/html/h/heyden/westerke.html,"HEYDEN, Jan van der","View of the Westerkerk, Amsterdam",1674.5,17,Dutch,landscape,Huile,400.0,275.0,1.4545454545454546,0.08333333333333337,data/raw/images/h/heyden/westerke.jpg
h__hobbema__alley,images/h__hobbema__alley.png,train,https://www.wga.hu/html/h/hobbema/alley.html,"HOBBEMA, Meyndert",The Alley at Middelharnis,1689.0,17,Dutch,landscape,Huile,400.0,290.0,1.3793103448275863,0.03333333333333344,data/raw/images/h/hobbema/alley.jpg
h__hobbema__cottage,images/h__hobbema__cottage.png,train,https://www.wga.hu/html/h/hobbema/cottage.html,"HOBBEMA, Meyndert",Cottage at the Edge of a Wood,1659.5,17,Dutch,landscape,Huile,400.0,324.0,1.2345679012345678,0.07407407407407407,data/raw/images/h/hobbema/cottage.jpg
h__hobbema__farmwood,images/h__hobbema__farmwood.png,train,https://www.wga.hu/html/h/hobbema/farmwood.html,"HOBBEMA, Meyndert",Farm in the Woods,1662.0,17,Dutch,landscape,Huile,400.0,316.0,1.2658227848101267,0.050632911392405,data/raw/images/h/hobbema/farmwood.jpg
h__hobbema__hamlet,images/h__hobbema__hamlet.png,test,https://www.wga.hu/html/h/hobbema/hamlet.html,"HOBBEMA, Meyndert",A Hamlet in a Woodland Glade of Oaks,1663.0,17,Dutch,landscape,Huile,400.0,304.0,1.3157894736842106,0.013157894736842035,data/raw/images/h/hobbema/hamlet.jpg
h__hobbema__land_hut,images/h__hobbema__land_hut.png,train,https://www.wga.hu/html/h/hobbema/land_hut.html,"HOBBEMA, Meyndert",Landscape with a Hut,1660.0,17,Dutch,landscape,Huile,400.0,335.0,1.1940298507462686,0.10447761194029859,data/raw/images/h/hobbema/land_hut.jpg
h__hobbema__landscap,images/h__hobbema__landscap.png,train,https://www.wga.hu/html/h/hobbema/landscap.html,"HOBBEMA, Meyndert",Landscape,,17,Dutch,landscape,Non précisé (support seul),400.0,270.0,1.4814814814814814,0.09999999999999998,data/raw/images/h/hobbema/landscap.jpg
h__hobbema__marshy,images/h__hobbema__marshy.png,train,https://www.wga.hu/html/h/hobbema/marshy.html,"HOBBEMA, Meyndert",Marshy Wood,1660.0,17,Dutch,landscape,Huile,400.0,313.0,1.2779552715654952,0.04153354632587858,data/raw/images/h/hobbema/marshy.jpg
h__hobbema__roaddyke,images/h__hobbema__roaddyke.png,train,https://www.wga.hu/html/h/hobbema/roaddyke.html,"HOBBEMA, Meyndert",Road on a Dyke,1663.0,17,Dutch,landscape,Huile,400.0,291.0,1.3745704467353952,0.030000000000000027,data/raw/images/h/hobbema/roaddyke.jpg
h__hobbema__traveler,images/h__hobbema__traveler.png,train,https://www.wga.hu/html/h/hobbema/traveler.html,"HOBBEMA, Meyndert",The Travelers,1663.0,17,Dutch,landscape,Huile,400.0,310.0,1.2903225806451613,0.032258064516129004,data/raw/images/h/hobbema/traveler.jpg
h__hobbema__vill_ent,images/h__hobbema__vill_ent.png,train,https://www.wga.hu/html/h/hobbema/vill_ent.html,"HOBBEMA, Meyndert",Entrance to a Village,1665.0,17,Dutch,landscape,Huile,400.0,270.0,1.4814814814814814,0.09999999999999998,data/raw/images/h/hobbema/vill_ent.jpg
h__hobbema__village,images/h__hobbema__village.png,train,https://www.wga.hu/html/h/hobbema/village.html,"HOBBEMA, Meyndert",Village Street under Trees,1665.0,17,Dutch,landscape,Huile,400.0,296.0,1.3513513513513513,0.013333333333333308,data/raw/images/h/hobbema/village.jpg
h__hobbema__w_mill,images/h__hobbema__w_mill.png,train,https://www.wga.hu/html/h/hobbema/w_mill.html,"HOBBEMA, Meyndert",Watermill,,17,Dutch,landscape,Techniques sur papier,400.0,253.0,1.5810276679841897,0.15666666666666673,data/raw/images/h/hobbema/w_mill.jpg
h__hobbema__wat_mill,images/h__hobbema__wat_mill.png,train,https://www.wga.hu/html/h/hobbema/wat_mill.html,"HOBBEMA, Meyndert",The Water Mill,,17,Dutch,landscape,Huile,400.0,281.0,1.4234875444839858,0.06333333333333346,data/raw/images/h/hobbema/wat_mill.jpg
h__hobbema__watemil1,images/h__hobbema__watemil1.png,test,https://www.wga.hu/html/h/hobbema/watemil1.html,"HOBBEMA, Meyndert",A Watermill,1666.0,17,Dutch,landscape,Huile,400.0,282.0,1.4184397163120568,0.06000000000000005,data/raw/images/h/hobbema/watemil1.jpg
h__hobbema__watemil2,images/h__hobbema__watemil2.png,test,https://www.wga.hu/html/h/hobbema/watemil2.html,"HOBBEMA, Meyndert",A Watermill,1664.0,17,Dutch,landscape,Huile,400.0,285.0,1.4035087719298245,0.050000000000000044,data/raw/images/h/hobbema/watemil2.jpg
h__hobbema__water_mi,images/h__hobbema__water_mi.png,train,https://www.wga.hu/html/h/hobbema/water_mi.html,"HOBBEMA, Meyndert",The Water Mill,1665.5,17,Dutch,landscape,Huile,400.0,270.0,1.4814814814814814,0.09999999999999998,data/raw/images/h/hobbema/water_mi.jpg
h__hobbema__watermil,images/h__hobbema__watermil.png,train,https://www.wga.hu/html/h/hobbema/watermil.html,"HOBBEMA, Meyndert",A Watermill beside a Woody Lane,1665.0,17,Dutch,landscape,Huile,400.0,282.0,1.4184397163120568,0.06000000000000005,data/raw/images/h/hobbema/watermil.jpg
h__hobbema__wooded,images/h__hobbema__wooded.png,train,https://www.wga.hu/html/h/hobbema/wooded.html,"HOBBEMA, Meyndert",Wooded Landscape with Travellers,,17,Dutch,landscape,Huile,400.0,280.0,1.4285714285714286,0.06666666666666676,data/raw/images/h/hobbema/wooded.jpg
h__hobbema__wooded_l,images/h__hobbema__wooded_l.png,train,https://www.wga.hu/html/h/hobbema/wooded_l.html,"HOBBEMA, Meyndert",Wooded Landscape with Water Mill,1663.0,17,Dutch,landscape,Huile,400.0,295.0,1.3559322033898304,0.01666666666666672,data/raw/images/h/hobbema/wooded_l.jpg
h__hobbema__woodedla,images/h__hobbema__woodedla.png,train,https://www.wga.hu/html/h/hobbema/woodedla.html,"HOBBEMA, Meyndert",Wooded Landscape,1662.0,17,Dutch,landscape,Huile,400.0,282.0,1.4184397163120568,0.06000000000000005,data/raw/images/h/hobbema/woodedla.jpg
h__hobbema__woodedlb,images/h__hobbema__woodedlb.png,test,https://www.wga.hu/html/h/hobbema/woodedlb.html,"HOBBEMA, Meyndert",Wooded Landscape with Cottages,1655.0,17,Dutch,landscape,Huile,400.0,293.0,1.3651877133105803,0.023333333333333428,data/raw/images/h/hobbema/woodedlb.jpg
h__hobbema__woodedlc,images/h__hobbema__woodedlc.png,train,https://www.wga.hu/html/h/hobbema/woodedlc.html,"HOBBEMA, Meyndert",Wooded Landscape with a Watermill,1665.5,17,Dutch,landscape,Huile,400.0,297.0,1.3468013468013469,0.01000000000000012,data/raw/images/h/hobbema/woodedlc.jpg
h__hobbema__woodelan,images/h__hobbema__woodelan.png,train,https://www.wga.hu/html/h/hobbema/woodelan.html,"HOBBEMA, Meyndert",A Wooded Landscape with Peasants on a Path and an Angler at a Stream,1662.0,17,Dutch,landscape,Huile,400.0,258.0,1.550387596899225,0.14000000000000012,data/raw/images/h/hobbema/woodelan.jpg
h__hobbema__woodland,images/h__hobbema__woodland.png,train,https://www.wga.hu/html/h/hobbema/woodland.html,"HOBBEMA, Meyndert",A Wooded Landscape,1662.5,17,Dutch,landscape,Huile,400.0,276.0,1.4492753623188406,0.08000000000000007,data/raw/images/h/hobbema/woodland.jpg
h__hobbema__woodroad,images/h__hobbema__woodroad.png,train,https://www.wga.hu/html/h/hobbema/woodroad.html,"HOBBEMA, Meyndert",Woodland Road,1670.0,17,Dutch,landscape,Huile,400.0,285.0,1.4035087719298245,0.050000000000000044,data/raw/images/h/hobbema/woodroad.jpg
h__hodges__riverlan,images/h__hodges__riverlan.png,train,https://www.wga.hu/html/h/hodges/riverlan.html,"HODGES, William",River Landscape,1770.0,18,English,landscape,Huile,400.0,328.0,1.2195121951219512,0.08536585365853655,data/raw/images/h/hodges/riverlan.jpg
h__hodges__tahiti,images/h__hodges__tahiti.png,test,https://www.wga.hu/html/h/hodges/tahiti.html,"HODGES, William",Tahiti Revisited,1776.0,18,English,landscape,Huile,400.0,261.0,1.5325670498084292,0.13000000000000012,data/raw/images/h/hodges/tahiti.jpg
h__hodler__blossom,images/h__hodler__blossom.png,train,https://www.wga.hu/html/h/hodler/blossom.html,"HODLER, Ferdinand",Apple Tree in Blossom,1890.0,19,Swiss,landscape,Huile,400.0,262.0,1.5267175572519085,0.12666666666666682,data/raw/images/h/hodler/blossom.jpg
h__hollosy__4huszt,images/h__hollosy__4huszt.png,train,https://www.wga.hu/html/h/hollosy/4huszt.html,"HOLLÓSY, Simon",Castle of Huszt,1896.0,19,Hungarian,landscape,Huile,400.0,294.0,1.3605442176870748,0.020000000000000018,data/raw/images/h/hollosy/4huszt.jpg
h__homer__night,images/h__homer__night.png,train,https://www.wga.hu/html/h/homer/night.html,"HOMER, Winslow",Summer Night,1890.0,19,American,landscape,Huile,400.0,293.0,1.3651877133105803,0.023333333333333428,data/raw/images/h/homer/night.jpg
h__homer__northeas,images/h__homer__northeas.png,test,https://www.wga.hu/html/h/homer/northeas.html,"HOMER, Winslow",Northeaster,1895.0,19,American,landscape,Huile,400.0,270.0,1.4814814814814814,0.09999999999999998,data/raw/images/h/homer/northeas.jpg
h__hondecoe__gijsbert__fowl_riv,images/h__hondecoe__gijsbert__fowl_riv.png,train,https://www.wga.hu/html/h/hondecoe/gijsbert/fowl_riv.html,"HONDECOETER, Gijsbert Gillisz. de",Fowl on a Riverbank,1651.0,17,Dutch,landscape,Huile,400.0,319.0,1.2539184952978057,0.059561128526645635,data/raw/images/h/hondecoe/gijsbert/fowl_riv.jpg
h__hondecoe__gillis__baptism,images/h__hondecoe__gillis__baptism.png,train,https://www.wga.hu/html/h/hondecoe/gillis/baptism.html,"HONDECOETER, Gillis Claesz. d'",Baptism of the Moorish Chamberlain,,17,Dutch,landscape,Huile,400.0,228.0,1.7543859649122806,0.24,data/raw/images/h/hondecoe/gillis/baptism.jpg
h__hondecoe__gillis__cattle_r,images/h__hondecoe__gillis__cattle_r.png,train,https://www.wga.hu/html/h/hondecoe/gillis/cattle_r.html,"HONDECOETER, Gillis Claesz. d'",Cattle Resting in a Dune Landscape,,17,Dutch,landscape,Huile,400.0,285.0,1.4035087719298245,0.050000000000000044,data/raw/images/h/hondecoe/gillis/cattle_r.jpg
h__hondecoe__gillis__landscap,images/h__hondecoe__gillis__landscap.png,train,https://www.wga.hu/html/h/hondecoe/gillis/landscap.html,"HONDECOETER, Gillis Claesz. d'",Landscape,1621.0,17,Dutch,landscape,Huile,400.0,244.0,1.639344262295082,0.18666666666666676,data/raw/images/h/hondecoe/gillis/landscap.jpg
h__hoschede__haystack,images/h__hoschede__haystack.png,train,https://www.wga.hu/html/h/hoschede/haystack.html,"HOSCHEDÉ-MONET, Blanche","Haystack, Effect of Snow",1890.5,19,French,landscape,Huile,400.0,284.0,1.408450704225352,0.053333333333333344,data/raw/images/h/hoschede/haystack.jpg
h__houasse__son__escorial,images/h__houasse__son__escorial.png,train,https://www.wga.hu/html/h/houasse/son/escorial.html,"HOUASSE, Michel-Ange",View of the Monastery of El Escorial,1723.0,18,French,landscape,Huile,400.0,246.0,1.6260162601626016,0.18000000000000005,data/raw/images/h/houasse/son/escorial.jpg
h__huchtenb__landscap,images/h__huchtenb__landscap.png,train,https://www.wga.hu/html/h/huchtenb/landscap.html,"HUCHTENBURG, Jan van",Landscape,,17,Dutch,landscape,Huile,400.0,302.0,1.3245033112582782,0.0066225165562913135,data/raw/images/h/huchtenb/landscap.jpg
h__hudecek__evening,images/h__hudecek__evening.png,train,https://www.wga.hu/html/h/hudecek/evening.html,"HUDEÈEK, Antonín",Quiet Evening,1900.0,19,Bohemian,landscape,Huile,400.0,258.0,1.550387596899225,0.14000000000000012,data/raw/images/h/hudecek/evening.jpg
h__hudecek__stream,images/h__hudecek__stream.png,train,https://www.wga.hu/html/h/hudecek/stream.html,"HUDEÈEK, Antonín",A Stream in Sunshine,1897.0,19,Bohemian,landscape,Huile,400.0,345.0,1.1594202898550725,0.13043478260869557,data/raw/images/h/hudecek/stream.jpg
h__huet__christop__spaniel,images/h__huet__christop__spaniel.png,train,https://www.wga.hu/html/h/huet/christop/spaniel.html,"HUET, Christophe","Portrait of Mimi, Madame de Pompadour's King Charles Spaniel",,18,French,landscape,Huile,400.0,321.0,1.2461059190031152,0.06542056074766356,data/raw/images/h/huet/christop/spaniel.jpg
h__huggins__indiaman,images/h__huggins__indiaman.png,train,https://www.wga.hu/html/h/huggins/indiaman.html,"HUGGINS, William John",The East Indiaman 'Ceres' in Two Positions off St. Helena,,19,English,landscape,Huile,400.0,244.0,1.639344262295082,0.18666666666666676,data/raw/images/h/huggins/indiaman.jpg
h__hummel__granite,images/h__hummel__granite.png,train,https://www.wga.hu/html/h/hummel/granite.html,"HUMMEL, Johann Erdmann",Granite Basin in the Lustgarten,1831.0,19,German,landscape,Huile,400.0,288.0,1.3888888888888888,0.040000000000000036,data/raw/images/h/hummel/granite.jpg
h__hummel__schloss,images/h__hummel__schloss.png,train,https://www.wga.hu/html/h/hummel/schloss.html,"HUMMEL, Johann Erdmann",Schloss Wilhelmshöhe with the Habichtswald,1800.0,19,German,landscape,Huile,400.0,288.0,1.3888888888888888,0.040000000000000036,data/raw/images/h/hummel/schloss.jpg
h__hunt_wm__niagara,images/h__hunt_wm__niagara.png,train,https://www.wga.hu/html/h/hunt_wm/niagara.html,"HUNT, William Morris",Niagara Falls,1878.0,19,American,landscape,Huile,400.0,243.0,1.646090534979424,0.19000000000000006,data/raw/images/h/hunt_wm/niagara.jpg
h__huysmans__cornelis__forest,images/h__huysmans__cornelis__forest.png,train,https://www.wga.hu/html/h/huysmans/cornelis/forest.html,"HUYSMANS, Cornelis",Forest Landscape,1694.5,17,Flemish,landscape,Huile,400.0,273.0,1.465201465201465,0.08999999999999997,data/raw/images/h/huysmans/cornelis/forest.jpg
h__huysmans__cornelis__wooded_l,images/h__huysmans__cornelis__wooded_l.png,train,https://www.wga.hu/html/h/huysmans/cornelis/wooded_l.html,"HUYSMANS, Cornelis",Wooded Hilly Landscape,,17,Flemish,landscape,Huile,400.0,332.0,1.2048192771084338,0.09638554216867457,data/raw/images/h/huysmans/cornelis/wooded_l.jpg
h__huysmans__janbapt__mountain,images/h__huysmans__janbapt__mountain.png,train,https://www.wga.hu/html/h/huysmans/janbapt/mountain.html,"HUYSMANS, Jan Baptist",Mountain Landscape,,17,Flemish,landscape,Huile,400.0,332.0,1.2048192771084338,0.09638554216867457,data/raw/images/h/huysmans/janbapt/mountain.jpg
h__huysum__jan__landscap,images/h__huysum__jan__landscap.png,train,https://www.wga.hu/html/h/huysum/jan/landscap.html,"HUYSUM, Jan van",Landscape with Ruin and Bridge,,18,Dutch,landscape,Huile,400.0,315.0,1.2698412698412698,0.04761904761904767,data/raw/images/h/huysum/jan/landscap.jpg
i__ibbetson__landscap,images/i__ibbetson__landscap.png,train,https://www.wga.hu/html/i/ibbetson/landscap.html,"IBBETSON, Julius Caesar",Landscape with Travellers,1792.0,18,English,landscape,Huile,400.0,316.0,1.2658227848101267,0.050632911392405,data/raw/images/i/ibbetson/landscap.jpg
i__innes__1summer,images/i__innes__1summer.png,test,https://www.wga.hu/html/i/innes/1summer.html,"INNESS, George",Summer Days,1857.0,19,American,landscape,Huile,400.0,299.0,1.3377926421404682,0.0033333333333334103,data/raw/images/i/innes/1summer.jpg
i__innes__2morning,images/i__innes__2morning.png,test,https://www.wga.hu/html/i/innes/2morning.html,"INNESS, George",Morning,1878.0,19,American,landscape,Huile,400.0,268.0,1.492537313432836,0.1066666666666668,data/raw/images/i/innes/2morning.jpg
i__iriarte__landscap,images/i__iriarte__landscap.png,train,https://www.wga.hu/html/i/iriarte/landscap.html,"IRIARTE, Ignacio de",Landscape with Figures,1660.0,17,Spanish,landscape,Huile,400.0,257.0,1.556420233463035,0.14333333333333342,data/raw/images/i/iriarte/landscap.jpg
i__iriarte__rivercro,images/i__iriarte__rivercro.png,train,https://www.wga.hu/html/i/iriarte/rivercro.html,"IRIARTE, Ignacio de",River Crossing,1665.0,17,Spanish,landscape,Huile,400.0,295.0,1.3559322033898304,0.01666666666666672,data/raw/images/i/iriarte/rivercro.jpg
i__isabey__eugene__beachlow,images/i__isabey__eugene__beachlow.png,train,https://www.wga.hu/html/i/isabey/eugene/beachlow.html,"ISABEY, Eugène",Beach at Low Tide,1833.0,19,French,landscape,Huile,400.0,284.0,1.408450704225352,0.053333333333333344,data/raw/images/i/isabey/eugene/beachlow.jpg
i__isabey__eugene__storm,images/i__isabey__eugene__storm.png,train,https://www.wga.hu/html/i/isabey/eugene/storm.html,"ISABEY, Eugène",After a Storm,1869.0,19,French,landscape,Huile,400.0,234.0,1.7094017094017093,0.21999999999999997,data/raw/images/i/isabey/eugene/storm.jpg
i__ivanyi__2woman,images/i__ivanyi__2woman.png,train,https://www.wga.hu/html/i/ivanyi/2woman.html,"IVÁNYI GRÜNWALD, Béla",Woman by the Water,1897.0,19,Hungarian,landscape,Huile,400.0,315.0,1.2698412698412698,0.04761904761904767,data/raw/images/i/ivanyi/2woman.jpg
i__ivanyi__3valley,images/i__ivanyi__3valley.png,train,https://www.wga.hu/html/i/ivanyi/3valley.html,"IVÁNYI GRÜNWALD, Béla",In the Valley,1900.0,19,Hungarian,landscape,Huile,400.0,318.0,1.2578616352201257,0.05660377358490565,data/raw/images/i/ivanyi/3valley.jpg
i__ivanyi__4gutin,images/i__ivanyi__4gutin.png,train,https://www.wga.hu/html/i/ivanyi/4gutin.html,"IVÁNYI GRÜNWALD, Béla",View of Nagybánya with Gutin,1900.0,19,Hungarian,landscape,Huile,400.0,366.0,1.092896174863388,0.18032786885245888,data/raw/images/i/ivanyi/4gutin.jpg
i__ivanyi__5waterin,images/i__ivanyi__5waterin.png,train,https://www.wga.hu/html/i/ivanyi/5waterin.html,"IVÁNYI GRÜNWALD, Béla",Watering,1902.0,19,Hungarian,landscape,Huile,400.0,356.0,1.1235955056179776,0.1573033707865168,data/raw/images/i/ivanyi/5waterin.jpg
i__ivanyi__6outing,images/i__ivanyi__6outing.png,train,https://www.wga.hu/html/i/ivanyi/6outing.html,"IVÁNYI GRÜNWALD, Béla",Outing in Spring,1903.0,19,Hungarian,landscape,Huile,400.0,261.0,1.5325670498084292,0.13000000000000012,data/raw/images/i/ivanyi/6outing.jpg
j__jacque__landherd,images/j__jacque__landherd.png,train,https://www.wga.hu/html/j/jacque/landherd.html,"JACQUE, Charles Émile",Landscape with a Herd,1872.0,19,French,landscape,Huile,400.0,243.0,1.646090534979424,0.19000000000000006,data/raw/images/j/jacque/landherd.jpg
j__janneck__travelle,images/j__janneck__travelle.png,test,https://www.wga.hu/html/j/janneck/travelle.html,"JANNECK, Franz Christoph",Travellers on a Forest Road,1730.0,18,Austrian,landscape,Huile,400.0,293.0,1.3651877133105803,0.023333333333333428,data/raw/images/j/janneck/travelle.jpg
j__johansen__skagen,images/j__johansen__skagen.png,test,https://www.wga.hu/html/j/johansen/skagen.html,"JOHANSEN, Viggo",Near Skagen Østerby after a Storm,1885.0,19,Danish,landscape,Huile,400.0,255.0,1.5686274509803921,0.15000000000000002,data/raw/images/j/johansen/skagen.jpg
j__joli__capricc1,images/j__joli__capricc1.png,train,https://www.wga.hu/html/j/joli/capricc1.html,"JOLI, Antonio",Capriccio with Elegant Figures,,18,Italian,landscape,Huile,400.0,294.0,1.3605442176870748,0.020000000000000018,data/raw/images/j/joli/capricc1.jpg
j__joli__capricc3,images/j__joli__capricc3.png,test,https://www.wga.hu/html/j/joli/capricc3.html,"JOLI, Antonio",Architectural Capriccio with Figures,,18,Italian,landscape,Huile,400.0,296.0,1.3513513513513513,0.013333333333333308,data/raw/images/j/joli/capricc3.jpg
j__joli__forumrom,images/j__joli__forumrom.png,train,https://www.wga.hu/html/j/joli/forumrom.html,"JOLI, Antonio",View of the Forum Romanum,,18,Italian,landscape,Huile,400.0,287.0,1.3937282229965158,0.043333333333333446,data/raw/images/j/joli/forumrom.jpg
j__joli__rometibe,images/j__joli__rometibe.png,train,https://www.wga.hu/html/j/joli/rometibe.html,"JOLI, Antonio",Rome: View of the Tiber,,18,Italian,landscape,Huile,400.0,273.0,1.465201465201465,0.08999999999999997,data/raw/images/j/joli/rometibe.jpg
j__joli__rometibx,images/j__joli__rometibx.png,train,https://www.wga.hu/html/j/joli/rometibx.html,"JOLI, Antonio",Rome: View of the Tiber,,18,Italian,landscape,Huile,400.0,322.0,1.2422360248447204,0.06832298136645965,data/raw/images/j/joli/rometibx.jpg
j__joli__romeview,images/j__joli__romeview.png,train,https://www.wga.hu/html/j/joli/romeview.html,"JOLI, Antonio",Rome: View of the Colosseum and The Arch of Constantine,1746.0,18,Italian,landscape,Huile,400.0,285.0,1.4035087719298245,0.050000000000000044,data/raw/images/j/joli/romeview.jpg
j__joli__view_bay,images/j__joli__view_bay.png,test,https://www.wga.hu/html/j/joli/view_bay.html,"JOLI, Antonio",View of the Bay of Naples,,18,Italian,landscape,Huile,400.0,284.0,1.408450704225352,0.053333333333333344,data/raw/images/j/joli/view_bay.jpg
j__jones__excavati,images/j__jones__excavati.png,train,https://www.wga.hu/html/j/jones/excavati.html,"JONES, Thomas",An Excavation,1777.0,18,English,landscape,Huile,400.0,293.0,1.3651877133105803,0.023333333333333428,data/raw/images/j/jones/excavati.jpg
j__jones__h_naples,images/j__jones__h_naples.png,train,https://www.wga.hu/html/j/jones/h_naples.html,"JONES, Thomas",Houses in Naples,1779.5,18,English,landscape,Huile,400.0,249.0,1.606425702811245,0.17000000000000004,data/raw/images/j/jones/h_naples.jpg
j__jones__landscap,images/j__jones__landscap.png,train,https://www.wga.hu/html/j/jones/landscap.html,"JONES, Thomas",Landscape with Dido and Aeneas,1769.0,18,English,landscape,Huile,400.0,280.0,1.4285714285714286,0.06666666666666676,data/raw/images/j/jones/landscap.jpg
j__jongkind__01jongki,images/j__jongkind__01jongki.png,train,https://www.wga.hu/html/j/jongkind/01jongki.html,"JONGKIND, Johan Barthold",View of Overschie,1856.0,19,Dutch,landscape,Huile,400.0,299.0,1.3377926421404682,0.0033333333333334103,data/raw/images/j/jongkind/01jongki.jpg
j__jongkind__02jongk,images/j__jongkind__02jongk.png,train,https://www.wga.hu/html/j/jongkind/02jongk.html,"JONGKIND, Johan Barthold",View of Rouen,1865.0,19,Dutch,landscape,Huile,400.0,286.0,1.3986013986013985,0.046666666666666634,data/raw/images/j/jongkind/02jongk.jpg
j__jongkind__04jongki,images/j__jongkind__04jongki.png,train,https://www.wga.hu/html/j/jongkind/04jongki.html,"JONGKIND, Johan Barthold",Boulevard de Port-Royal in Paris,1877.0,19,Dutch,landscape,Huile,400.0,240.0,1.6666666666666667,0.20000000000000007,data/raw/images/j/jongkind/04jongki.jpg
j__jongkind__09jongki,images/j__jongkind__09jongki.png,train,https://www.wga.hu/html/j/jongkind/09jongki.html,"JONGKIND, Johan Barthold",Fishing on the Estuary,1877.0,19,Dutch,landscape,Huile,400.0,298.0,1.342281879194631,0.006666666666666821,data/raw/images/j/jongkind/09jongki.jpg
j__jongkind__10jongki,images/j__jongkind__10jongki.png,train,https://www.wga.hu/html/j/jongkind/10jongki.html,"JONGKIND, Johan Barthold","The Pavilion close to the Frederick Park, near Haarlem",1858.0,19,Dutch,landscape,Huile,400.0,300.0,1.3333333333333333,0.0,data/raw/images/j/jongkind/10jongki.jpg
j__jordaens__3__ferryboa,images/j__jordaens__3__ferryboa.png,train,https://www.wga.hu/html/j/jordaens/3/ferryboa.html,"JORDAENS, Jacob",The Ferry Boat to Antwerp,1623.0,17,Flemish,landscape,Huile,400.0,238.0,1.680672268907563,0.20666666666666678,data/raw/images/j/jordaens/3/ferryboa.jpg
j__juel__viewbelt,images/j__juel__viewbelt.png,train,https://www.wga.hu/html/j/juel/viewbelt.html,"JUEL, Jens Jørgensen",View over the Lesser Belt,1800.0,18,Danish,landscape,Huile,400.0,261.0,1.5325670498084292,0.13000000000000012,data/raw/images/j/juel/viewbelt.jpg
k__kamper__dutchlan,images/k__kamper__dutchlan.png,train,https://www.wga.hu/html/k/kamper/dutchlan.html,"KAMPER, Godaert",Dutch Landscape,,17,Dutch,landscape,Huile,400.0,272.0,1.4705882352941178,0.09333333333333349,data/raw/images/k/kamper/dutchlan.jpg
k__kamper__roadwood,images/k__kamper__roadwood.png,test,https://www.wga.hu/html/k/kamper/roadwood.html,"KAMPER, Godaert",The Road through the Woods,,17,Dutch,landscape,Huile,400.0,313.0,1.2779552715654952,0.04153354632587858,data/raw/images/k/kamper/roadwood.jpg
k__keirinck__cephalus,images/k__keirinck__cephalus.png,train,https://www.wga.hu/html/k/keirinck/cephalus.html,"KEIRINCKX, Alexander",Landscape with Cephalus and Procris,1620.0,17,Flemish,landscape,Huile,400.0,231.0,1.7316017316017316,0.22999999999999998,data/raw/images/k/keirinck/cephalus.jpg
k__keirinck__forest,images/k__keirinck__forest.png,train,https://www.wga.hu/html/k/keirinck/forest.html,"KEIRINCKX, Alexander",Travellers on a Forest Path,1621.0,17,Flemish,landscape,Huile,400.0,304.0,1.3157894736842106,0.013157894736842035,data/raw/images/k/keirinck/forest.jpg
k__keirinck__forestsc,images/k__keirinck__forestsc.png,train,https://www.wga.hu/html/k/keirinck/forestsc.html,"KEIRINCKX, Alexander",Forest Scene,,17,Flemish,landscape,Huile,400.0,254.0,1.5748031496062993,0.15333333333333343,data/raw/images/k/keirinck/forestsc.jpg
k__keirinck__hunters,images/k__keirinck__hunters.png,train,https://www.wga.hu/html/k/keirinck/hunters.html,"KEIRINCKX, Alexander",Hunters in a Forest,,17,Flemish,landscape,Huile,400.0,300.0,1.3333333333333333,0.0,data/raw/images/k/keirinck/hunters.jpg
k__keirinck__woody,images/k__keirinck__woody.png,train,https://www.wga.hu/html/k/keirinck/woody.html,"KEIRINCKX, Alexander",Woody Landscape,1634.0,17,Flemish,landscape,Huile,400.0,258.0,1.550387596899225,0.14000000000000012,data/raw/images/k/keirinck/woody.jpg
k__kensett__lake_geo,images/k__kensett__lake_geo.png,train,https://www.wga.hu/html/k/kensett/lake_geo.html,"KENSETT, John Frederick",Lake George,1860.0,19,American,landscape,Huile,400.0,260.0,1.5384615384615385,0.13333333333333341,data/raw/images/k/kensett/lake_geo.jpg
k__kessel_j__river_la,images/k__kessel_j__river_la.png,train,https://www.wga.hu/html/k/kessel_j/river_la.html,"KESSEL, Jan van",River Landscape,1661.0,17,Dutch,landscape,Huile,400.0,311.0,1.2861736334405145,0.03536977491961413,data/raw/images/k/kessel_j/river_la.jpg
k__kessel__jan1__birds_ri,images/k__kessel__jan1__birds_ri.png,test,https://www.wga.hu/html/k/kessel/jan1/birds_ri.html,"KESSEL, Jan van, I",Birds on a Riverbank,1655.0,17,Flemish,landscape,Huile,400.0,268.0,1.492537313432836,0.1066666666666668,data/raw/images/k/kessel/jan1/birds_ri.jpg
k__kessel__jan1__riverlan,images/k__kessel__jan1__riverlan.png,train,https://www.wga.hu/html/k/kessel/jan1/riverlan.html,"KESSEL, Jan van, I",River Landscape with a Windmill,,17,Flemish,landscape,Huile,400.0,310.0,1.2903225806451613,0.032258064516129004,data/raw/images/k/kessel/jan1/riverlan.jpg
k__kessel__jan1__riverlax,images/k__kessel__jan1__riverlax.png,train,https://www.wga.hu/html/k/kessel/jan1/riverlax.html,"KESSEL, Jan van, I",River Landscape,,17,Flemish,landscape,Huile,400.0,304.0,1.3157894736842106,0.013157894736842035,data/raw/images/k/kessel/jan1/riverlax.jpg
k__keuninck__acteon_d,images/k__keuninck__acteon_d.png,train,https://www.wga.hu/html/k/keuninck/acteon_d.html,"KEUNINCK, Kerstiaen de",Landscape with Actaeon and Diana,,16,Flemish,landscape,Huile,400.0,247.0,1.6194331983805668,0.17666666666666664,data/raw/images/k/keuninck/acteon_d.jpg
k__keuninck__calamiti,images/k__keuninck__calamiti.png,train,https://www.wga.hu/html/k/keuninck/calamiti.html,"KEUNINCK, Kerstiaen de",The Calamities of Humanity,,16,Flemish,landscape,Huile,400.0,246.0,1.6260162601626016,0.18000000000000005,data/raw/images/k/keuninck/calamiti.jpg
k__keuninck__landfall,images/k__keuninck__landfall.png,train,https://www.wga.hu/html/k/keuninck/landfall.html,"KEUNINCK, Kerstiaen de",Mountain Landscape with Waterfall,1607.5,16,Flemish,landscape,Huile,400.0,235.0,1.702127659574468,0.21666666666666667,data/raw/images/k/keuninck/landfall.jpg
k__keuninck__landscap,images/k__keuninck__landscap.png,train,https://www.wga.hu/html/k/keuninck/landscap.html,"KEUNINCK, Kerstiaen de",Landscape with Tobias and the Angel,,16,Flemish,landscape,Huile,400.0,250.0,1.6,0.16666666666666674,data/raw/images/k/keuninck/landscap.jpg
k__klenze__2__acropoli,images/k__klenze__2__acropoli.png,train,https://www.wga.hu/html/k/klenze/2/acropoli.html,"KLENZE, Leo von",The Acropolis at Athens,1846.0,19,German,landscape,Huile,400.0,279.0,1.4336917562724014,0.07000000000000006,data/raw/images/k/klenze/2/acropoli.jpg
k__klenze__2__viewvilla,images/k__klenze__2__viewvilla.png,train,https://www.wga.hu/html/k/klenze/2/viewvilla.html,"KLENZE, Leo von","View of the Villa Lucia on the Vomero Hill, Naples",1823.5,19,German,landscape,Huile,400.0,257.0,1.556420233463035,0.14333333333333342,data/raw/images/k/klenze/2/viewvilla.jpg
k__klinger__paintin3,images/k__klinger__paintin3.png,train,https://www.wga.hu/html/k/klinger/paintin3.html,"KLINGER, Max",The Colosseum in Rome,1888.0,19,German,landscape,Huile,400.0,310.0,1.2903225806451613,0.032258064516129004,data/raw/images/k/klinger/paintin3.jpg
k__klodt__mikhail__birchtre,images/k__klodt__mikhail__birchtre.png,train,https://www.wga.hu/html/k/klodt/mikhail/birchtre.html,"KLODT, Mikhail Konstantinovich",Under the Birch Trees,1874.0,19,Russian,landscape,Huile,400.0,253.0,1.5810276679841897,0.15666666666666673,data/raw/images/k/klodt/mikhail/birchtre.jpg
k__knebel__lucano,images/k__knebel__lucano.png,train,https://www.wga.hu/html/k/knebel/lucano.html,"KNEBEL, Franz",View of the Ponte Lucano,1857.0,19,Swiss,landscape,Huile,400.0,259.0,1.5444015444015444,0.13666666666666671,data/raw/images/k/knebel/lucano.jpg
k__knebel__tivoli,images/k__knebel__tivoli.png,train,https://www.wga.hu/html/k/knebel/tivoli.html,"KNEBEL, Franz",View of Tivoli with Waterfalls,1858.0,19,Swiss,landscape,Huile,400.0,266.0,1.5037593984962405,0.11333333333333329,data/raw/images/k/knebel/tivoli.jpg
k__knijff__father__river_la,images/k__knijff__father__river_la.png,train,https://www.wga.hu/html/k/knijff/father/river_la.html,"KNIJFF, Wouter",River Landscape,,17,Dutch,landscape,Huile,400.0,308.0,1.2987012987012987,0.025974025974025983,data/raw/images/k/knijff/father/river_la.jpg
k__knijff__father__riverlan,images/k__knijff__father__riverlan.png,train,https://www.wga.hu/html/k/knijff/father/riverlan.html,"KNIJFF, Wouter",River Landscape,,17,Dutch,landscape,Huile,400.0,295.0,1.3559322033898304,0.01666666666666672,data/raw/images/k/knijff/father/riverlan.jpg
k__knip__josephus__landscap,images/k__knip__josephus__landscap.png,train,https://www.wga.hu/html/k/knip/josephus/landscap.html,"KNIP, Josephus Augustus",Italian Landscape with Figures and Ruins,,19,Dutch,landscape,Huile,400.0,328.0,1.2195121951219512,0.08536585365853655,data/raw/images/k/knip/josephus/landscap.jpg
k__kobell__franz__river_la,images/k__kobell__franz__river_la.png,train,https://www.wga.hu/html/k/kobell/franz/river_la.html,"KOBELL, Franz",River Landscape with Travelers,1784.5,18,German,landscape,Huile,400.0,344.0,1.1627906976744187,0.12790697674418594,data/raw/images/k/kobell/franz/river_la.jpg
k__kobell__hendrik__shipwrec,images/k__kobell__hendrik__shipwrec.png,train,https://www.wga.hu/html/k/kobell/hendrik/shipwrec.html,"KOBELL, Hendrik",The Shipwreck,1775.0,18,Dutch,landscape,Huile,400.0,273.0,1.465201465201465,0.08999999999999997,data/raw/images/k/kobell/hendrik/shipwrec.jpg
k__kobell__jan2__extensiv,images/k__kobell__jan2__extensiv.png,train,https://www.wga.hu/html/k/kobell/jan2/extensiv.html,"KOBELL, Jan II",Extensive River Landscape,,19,Dutch,landscape,Huile,400.0,283.0,1.4134275618374559,0.056666666666666754,data/raw/images/k/kobell/jan2/extensiv.jpg
k__kobell__wilhelm__isarland,images/k__kobell__wilhelm__isarland.png,train,https://www.wga.hu/html/k/kobell/wilhelm/isarland.html,"KOBELL, Wilhelm von",Isar Landscape near Munich,1819.0,19,German,landscape,Non précisé (support seul),400.0,299.0,1.3377926421404682,0.0033333333333334103,data/raw/images/k/kobell/wilhelm/isarland.jpg
k__kobke__garden,images/k__kobke__garden.png,train,https://www.wga.hu/html/k/kobke/garden.html,"KØBKE, Christen",The Garden Steps Leading to the Artist's Studio on Blegdammen,1845.0,19,Danish,landscape,Huile,400.0,272.0,1.4705882352941178,0.09333333333333349,data/raw/images/k/kobke/garden.jpg
k__kobke__view_str,images/k__kobke__view_str.png,train,https://www.wga.hu/html/k/kobke/view_str.html,"KØBKE, Christen",View of a Street in Østerbro outside Copenhagen. Morning Light,1836.0,19,Danish,landscape,Huile,400.0,262.0,1.5267175572519085,0.12666666666666682,data/raw/images/k/kobke/view_str.jpg
k__kobke__viewlake,images/k__kobke__viewlake.png,test,https://www.wga.hu/html/k/kobke/viewlake.html,"KØBKE, Christen",View of One of the Lakes in Copenhagen,1838.0,19,Danish,landscape,Huile,400.0,308.0,1.2987012987012987,0.025974025974025983,data/raw/images/k/kobke/viewlake.jpg
k__koch__monaster,images/k__koch__monaster.png,train,https://www.wga.hu/html/k/koch/monaster.html,"KOCH, Joseph Anton",Monastery of San Francesco di Civitella in the Sabine Mountains,1812.0,19,Austrian,landscape,Huile,400.0,295.0,1.3559322033898304,0.01666666666666672,data/raw/images/k/koch/monaster.jpg
k__koch__mountain,images/k__koch__mountain.png,test,https://www.wga.hu/html/k/koch/mountain.html,"KOCH, Joseph Anton",Mountain Scene,1796.0,19,Austrian,landscape,Huile,400.0,268.0,1.492537313432836,0.1066666666666668,data/raw/images/k/koch/mountain.jpg
k__koch__nearbern,images/k__koch__nearbern.png,train,https://www.wga.hu/html/k/koch/nearbern.html,"KOCH, Joseph Anton",The Upland near Bern,1816.0,19,Austrian,landscape,Huile,400.0,291.0,1.3745704467353952,0.030000000000000027,data/raw/images/k/koch/nearbern.jpg
k__koch__waterfa,images/k__koch__waterfa.png,train,https://www.wga.hu/html/k/koch/waterfa.html,"KOCH, Joseph Anton",Waterfall near Subiaco,1813.0,19,Austrian,landscape,Huile,400.0,341.0,1.1730205278592376,0.12023460410557174,data/raw/images/k/koch/waterfa.jpg
k__koekkoek__winterla,images/k__koekkoek__winterla.png,train,https://www.wga.hu/html/k/koekkoek/winterla.html,"KOEKKOEK, Barend Cornelis",Winter landscape,1838.0,19,Dutch,landscape,Huile,400.0,329.0,1.21580547112462,0.08814589665653494,data/raw/images/k/koekkoek/winterla.jpg
k__konig__extensiv,images/k__konig__extensiv.png,train,https://www.wga.hu/html/k/konig/extensiv.html,"KÖNIG, Johann",Extensive Landscape with the Flight into Egypt,1624.5,17,German,landscape,Huile,400.0,260.0,1.5384615384615385,0.13333333333333341,data/raw/images/k/konig/extensiv.jpg
k__konig__riverlan,images/k__konig__riverlan.png,train,https://www.wga.hu/html/k/konig/riverlan.html,"KÖNIG, Johann",Wooded River Landscape with St John the Baptist,1610.0,17,German,landscape,Huile,400.0,278.0,1.4388489208633093,0.07333333333333336,data/raw/images/k/konig/riverlan.jpg
k__koninck__philips__dutch_la,images/k__koninck__philips__dutch_la.png,train,https://www.wga.hu/html/k/koninck/philips/dutch_la.html,"KONINCK, Philips",Dutch Landscape Viewed from the Dunes,1664.0,17,Dutch,landscape,Huile,400.0,287.0,1.3937282229965158,0.043333333333333446,data/raw/images/k/koninck/philips/dutch_la.jpg
k__koninck__philips__hawking,images/k__koninck__philips__hawking.png,train,https://www.wga.hu/html/k/koninck/philips/hawking.html,"KONINCK, Philips",An Extensive Landscape with a Hawking Party,,17,Dutch,landscape,Huile,400.0,332.0,1.2048192771084338,0.09638554216867457,data/raw/images/k/koninck/philips/hawking.jpg
k__koninck__philips__panoram1,images/k__koninck__philips__panoram1.png,test,https://www.wga.hu/html/k/koninck/philips/panoram1.html,"KONINCK, Philips",Panoramic Landscape with a Country Estate,1648.5,17,Dutch,landscape,Huile,400.0,325.0,1.2307692307692308,0.07692307692307687,data/raw/images/k/koninck/philips/panoram1.jpg
k__koninck__philips__panoram2,images/k__koninck__philips__panoram2.png,train,https://www.wga.hu/html/k/koninck/philips/panoram2.html,"KONINCK, Philips",Wide River Landscape,1648.5,17,Dutch,landscape,Huile,400.0,277.0,1.444043321299639,0.07666666666666677,data/raw/images/k/koninck/philips/panoram2.jpg
k__koninck__philips__panorama,images/k__koninck__philips__panorama.png,train,https://www.wga.hu/html/k/koninck/philips/panorama.html,"KONINCK, Philips",Panorama with Farmhouses along a Road,1655.0,17,Dutch,landscape,Huile,400.0,315.0,1.2698412698412698,0.04761904761904767,data/raw/images/k/koninck/philips/panorama.jpg
k__koninck__philips__panorami,images/k__koninck__philips__panorami.png,train,https://www.wga.hu/html/k/koninck/philips/panorami.html,"KONINCK, Philips",Panoramic River Landscape,1648.0,17,Dutch,landscape,Huile,400.0,281.0,1.4234875444839858,0.06333333333333346,data/raw/images/k/koninck/philips/panorami.jpg
k__koninck__philips__panoramv,images/k__koninck__philips__panoramv.png,train,https://www.wga.hu/html/k/koninck/philips/panoramv.html,"KONINCK, Philips",Panoramic View,1655.0,17,Dutch,landscape,Huile,400.0,264.0,1.5151515151515151,0.12,data/raw/images/k/koninck/philips/panoramv.jpg
k__koninck__philips__roadruin,images/k__koninck__philips__roadruin.png,train,https://www.wga.hu/html/k/koninck/philips/roadruin.html,"KONINCK, Philips",An Extensive Landscape with a Road by a Ruin,1655.0,17,Dutch,landscape,Huile,400.0,335.0,1.1940298507462686,0.10447761194029859,data/raw/images/k/koninck/philips/roadruin.jpg
k__koninck__philips__village,images/k__koninck__philips__village.png,train,https://www.wga.hu/html/k/koninck/philips/village.html,"KONINCK, Philips",Village on a Hill,1651.0,17,Dutch,landscape,Huile,400.0,291.0,1.3745704467353952,0.030000000000000027,data/raw/images/k/koninck/philips/village.jpg
k__koninck__philips__woodland,images/k__koninck__philips__woodland.png,train,https://www.wga.hu/html/k/koninck/philips/woodland.html,"KONINCK, Philips",An Extensive Wooded Landscape,1674.5,17,Dutch,landscape,Huile,400.0,288.0,1.3888888888888888,0.040000000000000036,data/raw/images/k/koninck/philips/woodland.jpg
k__kreuger__snowy,images/k__kreuger__snowy.png,train,https://www.wga.hu/html/k/kreuger/snowy.html,"KREUGER, Nils Edvard","Snowy Weather, Paris",1885.0,19,Swedish,landscape,Huile,400.0,269.0,1.486988847583643,0.10333333333333328,data/raw/images/k/kreuger/snowy.jpg
k__kruger__parade,images/k__kruger__parade.png,train,https://www.wga.hu/html/k/kruger/parade.html,"KRÜGER, Franz",Parade at the Opernplatz,1829.0,19,German,landscape,Huile,400.0,258.0,1.550387596899225,0.14000000000000012,data/raw/images/k/kruger/parade.jpg
l__la_hire__bethel,images/l__la_hire__bethel.png,train,https://www.wga.hu/html/l/la_hire/bethel.html,"LA HYRE, Laurent de",The Children of Bethel Mourned by their Mothers,1653.0,17,French,landscape,Huile,400.0,295.0,1.3559322033898304,0.01666666666666672,data/raw/images/l/la_hire/bethel.jpg
l__la_hire__laban,images/l__la_hire__laban.png,train,https://www.wga.hu/html/l/la_hire/laban.html,"LA HYRE, Laurent de",Laban Searching Jacob's Bagagge for the Stolen Idols,1647.0,17,French,landscape,Huile,400.0,296.0,1.3513513513513513,0.013333333333333308,data/raw/images/l/la_hire/laban.jpg
l__la_hire__peace_ju,images/l__la_hire__peace_ju.png,train,https://www.wga.hu/html/l/la_hire/peace_ju.html,"LA HYRE, Laurent de",Landscape with Peace and Justice Embracing,1654.0,17,French,landscape,Huile,400.0,281.0,1.4234875444839858,0.06333333333333346,data/raw/images/l/la_hire/peace_ju.jpg
l__lacroix__seaport,images/l__lacroix__seaport.png,train,https://www.wga.hu/html/l/lacroix/seaport.html,"LACROIX, Charles-François",Mediterranean Seaport,1759.0,18,French,landscape,Huile,400.0,317.0,1.2618296529968454,0.05362776025236593,data/raw/images/l/lacroix/seaport.jpg
l__lacroix__viewcivi,images/l__lacroix__viewcivi.png,train,https://www.wga.hu/html/l/lacroix/viewcivi.html,"LACROIX, Charles-François",View of Civitavecchia,1764.5,18,French,landscape,Huile,400.0,236.0,1.694915254237288,0.21333333333333337,data/raw/images/l/lacroix/viewcivi.jpg
l__laer__landscap,images/l__laer__landscap.png,test,https://www.wga.hu/html/l/laer/landscap.html,"LAER, Pieter van",Landscape with Morra Players,,17,Dutch,landscape,Huile,400.0,280.0,1.4285714285714286,0.06666666666666676,data/raw/images/l/laer/landscap.jpg
l__lajoue__garden,images/l__lajoue__garden.png,train,https://www.wga.hu/html/l/lajoue/garden.html,"LAJOUE, Jacques de",Garden View with Fountains,,18,French,landscape,Huile,400.0,330.0,1.2121212121212122,0.09090909090909083,data/raw/images/l/lajoue/garden.jpg
l__lajoue__scene,images/l__lajoue__scene.png,train,https://www.wga.hu/html/l/lajoue/scene.html,"LAJOUE, Jacques de",Scene in a Park,1744.5,18,French,landscape,Huile,400.0,294.0,1.3605442176870748,0.020000000000000018,data/raw/images/l/lajoue/scene.jpg
l__lallema__montmusa,images/l__lallema__montmusa.png,test,https://www.wga.hu/html/l/lallema/montmusa.html,"LALLEMAND, Jean-Baptiste",View of the Château de Montmusard,,18,French,landscape,Huile,400.0,302.0,1.3245033112582782,0.0066225165562913135,data/raw/images/l/lallema/montmusa.jpg
l__lallema__pastoral,images/l__lallema__pastoral.png,train,https://www.wga.hu/html/l/lallema/pastoral.html,"LALLEMAND, Jean-Baptiste",Pastoral Landscape with Figures,,18,French,landscape,Huile,400.0,247.0,1.6194331983805668,0.17666666666666664,data/raw/images/l/lallema/pastoral.jpg
l__lallema__viewrome,images/l__lallema__viewrome.png,train,https://www.wga.hu/html/l/lallema/viewrome.html,"LALLEMAND, Jean-Baptiste",View of Rome,,18,French,landscape,Huile,400.0,257.0,1.556420233463035,0.14333333333333342,data/raw/images/l/lallema/viewrome.jpg
l__lambert__capricci,images/l__lambert__capricci.png,train,https://www.wga.hu/html/l/lambert/capricci.html,"LAMBERT, George",Capriccio with a Classical Sarcophagus,1736.0,18,English,landscape,Huile,400.0,342.0,1.1695906432748537,0.1228070175438597,data/raw/images/l/lambert/capricci.jpg
l__lambert__woodedla,images/l__lambert__woodedla.png,train,https://www.wga.hu/html/l/lambert/woodedla.html,"LAMBERT, George",Wooded Landscape,1725.0,18,English,landscape,Huile,400.0,315.0,1.2698412698412698,0.04761904761904767,data/raw/images/l/lambert/woodedla.jpg
l__lancret__z_spring,images/l__lancret__z_spring.png,train,https://www.wga.hu/html/l/lancret/z_spring.html,"LANCRET, Nicolas",Spring,1738.0,18,French,landscape,Huile,400.0,298.0,1.342281879194631,0.006666666666666821,data/raw/images/l/lancret/z_spring.jpg
l__lancret__z_winter,images/l__lancret__z_winter.png,train,https://www.wga.hu/html/l/lancret/z_winter.html,"LANCRET, Nicolas",Winter,1738.0,18,French,landscape,Huile,400.0,309.0,1.2944983818770226,0.029126213592232997,data/raw/images/l/lancret/z_winter.jpg
l__landseer__edwin__highland,images/l__landseer__edwin__highland.png,train,https://www.wga.hu/html/l/landseer/edwin/highland.html,"LANDSEER, Sir Edwin Henry",A Highland Landscape,,19,English,landscape,Huile,400.0,347.0,1.1527377521613833,0.13544668587896247,data/raw/images/l/landseer/edwin/highland.jpg
l__lane__owlshead,images/l__lane__owlshead.png,train,https://www.wga.hu/html/l/lane/owlshead.html,"LANE, Fitz Hugh","Owl's Head, Penobscot Bay, Maine",1862.0,19,American,landscape,Huile,400.0,241.0,1.6597510373443984,0.19666666666666677,data/raw/images/l/lane/owlshead.jpg
l__lane__tenpound,images/l__lane__tenpound.png,train,https://www.wga.hu/html/l/lane/tenpound.html,"LANE, Fitz Hugh","The Island and Fort of Ten Pound, Gloucester",1847.0,19,American,landscape,Huile,400.0,269.0,1.486988847583643,0.10333333333333328,data/raw/images/l/lane/tenpound.jpg
l__lanen__landscap,images/l__lanen__landscap.png,train,https://www.wga.hu/html/l/lanen/landscap.html,"LANEN, Jasper van der",Landscape with Bagpipe Player,,17,Flemish,landscape,Huile,400.0,263.0,1.520912547528517,0.1233333333333333,data/raw/images/l/lanen/landscap.jpg
l__lawson__spring,images/l__lawson__spring.png,train,https://www.wga.hu/html/l/lawson/spring.html,"LAWSON, Ernst","Spring Night, Harlem River",1913.0,19,Other,landscape,Huile,400.0,327.0,1.2232415902140672,0.0825688073394496,data/raw/images/l/lawson/spring.jpg
l__le_nain__landpeas,images/l__le_nain__landpeas.png,train,https://www.wga.hu/html/l/le_nain/landpeas.html,LE NAIN brothers,Landscape with Peasants,1640.0,17,French,landscape,Huile,400.0,317.0,1.2618296529968454,0.05362776025236593,data/raw/images/l/le_nain/landpeas.jpg
l__le_nain__landscap,images/l__le_nain__landscap.png,train,https://www.wga.hu/html/l/le_nain/landscap.html,LE NAIN brothers,Landscape with Peasants and a Chapel,,17,French,landscape,Huile,400.0,301.0,1.3289036544850499,0.0033222591362125353,data/raw/images/l/le_nain/landscap.jpg
l__le_nain__the_cart,images/l__le_nain__the_cart.png,train,https://www.wga.hu/html/l/le_nain/the_cart.html,LE NAIN brothers,The Cart or Return from Haymaking,1641.0,17,French,landscape,Huile,400.0,322.0,1.2422360248447204,0.06832298136645965,data/raw/images/l/le_nain/the_cart.jpg
l__lear__thermopy,images/l__lear__thermopy.png,train,https://www.wga.hu/html/l/lear/thermopy.html,"LEAR, Edward",Thermopylae,1872.0,19,English,landscape,Huile,400.0,255.0,1.5686274509803921,0.15000000000000002,data/raw/images/l/lear/thermopy.jpg
l__lear__viewflor,images/l__lear__viewflor.png,train,https://www.wga.hu/html/l/lear/viewflor.html,"LEAR, Edward","View of Florence from Villa San Firenze, near San Miniato",1864.0,19,English,landscape,Huile,400.0,245.0,1.6326530612244898,0.18333333333333335,data/raw/images/l/lear/viewflor.jpg
l__lebeda__lilac,images/l__lebeda__lilac.png,test,https://www.wga.hu/html/l/lebeda/lilac.html,"LEBEDA, Otakar",Lilac. Village Path,1899.0,19,Bohemian,landscape,Autre,400.0,307.0,1.3029315960912051,0.0228013029315961,data/raw/images/l/lebeda/lilac.jpg
l__lebourg__banksein,images/l__lebourg__banksein.png,train,https://www.wga.hu/html/l/lebourg/banksein.html,"LEBOURG, Albert-Charles",Road on the Banks of the Seine at Neuilly inn Winter,1888.0,19,French,landscape,Huile,400.0,267.0,1.4981273408239701,0.1100000000000001,data/raw/images/l/lebourg/banksein.jpg
l__lebourg__barges,images/l__lebourg__barges.png,train,https://www.wga.hu/html/l/lebourg/barges.html,"LEBOURG, Albert-Charles",Barges at Rouen,1903.0,19,French,landscape,Huile,400.0,268.0,1.492537313432836,0.1066666666666668,data/raw/images/l/lebourg/barges.jpg
l__lechter__painting,images/l__lechter__painting.png,train,https://www.wga.hu/html/l/lechter/painting.html,"LECHTER, Melchior",Birch Forest,1929.0,19,German,landscape,Huile,400.0,303.0,1.3201320132013201,0.00990099009900991,data/raw/images/l/lechter/painting.jpg
l__lee__lakepark,images/l__lee__lakepark.png,train,https://www.wga.hu/html/l/lee/lakepark.html,"LEE, Frederick Richard",Lake in a Park,,19,English,landscape,Huile,400.0,306.0,1.3071895424836601,0.019607843137254832,data/raw/images/l/lee/lakepark.jpg
l__lee__pontgard,images/l__lee__pontgard.png,train,https://www.wga.hu/html/l/lee/pontgard.html,"LEE, Frederick Richard",Le Pont du Gard,1863.0,19,English,landscape,Huile,400.0,283.0,1.4134275618374559,0.056666666666666754,data/raw/images/l/lee/pontgard.jpg
l__lega__pergola,images/l__lega__pergola.png,train,https://www.wga.hu/html/l/lega/pergola.html,"LEGA, Silvestro",The Pergola,1868.0,19,Italian,landscape,Huile,400.0,307.0,1.3029315960912051,0.0228013029315961,data/raw/images/l/lega/pergola.jpg
l__leickert__skaters,images/l__leickert__skaters.png,train,https://www.wga.hu/html/l/leickert/skaters.html,"LEICKERT, Charles Henri Joseph",Skaters on a Frozen Pond,,19,Belgian,landscape,Huile,400.0,274.0,1.4598540145985401,0.08666666666666667,data/raw/images/l/leickert/skaters.jpg
l__leickert__urban_la,images/l__leickert__urban_la.png,test,https://www.wga.hu/html/l/leickert/urban_la.html,"LEICKERT, Charles Henri Joseph",Urban Landscape,1856.0,19,Belgian,landscape,Huile,400.0,290.0,1.3793103448275863,0.03333333333333344,data/raw/images/l/leickert/urban_la.jpg
l__leistiko__forest,images/l__leistiko__forest.png,train,https://www.wga.hu/html/l/leistiko/forest.html,"LEISTIKOW, Walter",Forest with sand pit,1905.0,19,German,landscape,Huile,400.0,230.0,1.7391304347826086,0.2333333333333334,data/raw/images/l/leistiko/forest.jpg
l__leistiko__grunewal,images/l__leistiko__grunewal.png,train,https://www.wga.hu/html/l/leistiko/grunewal.html,"LEISTIKOW, Walter",Lake Grunewald,1898.0,19,German,landscape,Huile,400.0,267.0,1.4981273408239701,0.1100000000000001,data/raw/images/l/leistiko/grunewal.jpg
l__leistiko__grunewav,images/l__leistiko__grunewav.png,test,https://www.wga.hu/html/l/leistiko/grunewav.html,"LEISTIKOW, Walter",A view of Grunewald,1907.0,19,German,landscape,Huile,400.0,300.0,1.3333333333333333,0.0,data/raw/images/l/leistiko/grunewav.jpg
l__leistiko__lakedusk,images/l__leistiko__lakedusk.png,train,https://www.wga.hu/html/l/leistiko/lakedusk.html,"LEISTIKOW, Walter",Lake Schlachtensee at Dusk,1895.0,19,German,landscape,Huile,400.0,311.0,1.2861736334405145,0.03536977491961413,data/raw/images/l/leistiko/lakedusk.jpg
l__leistiko__lakeside,images/l__leistiko__lakeside.png,train,https://www.wga.hu/html/l/leistiko/lakeside.html,"LEISTIKOW, Walter",Sailboats at the lakeside,1889.0,19,German,landscape,Huile,400.0,286.0,1.3986013986013985,0.046666666666666634,data/raw/images/l/leistiko/lakeside.jpg
l__leitch__fountain,images/l__leitch__fountain.png,test,https://www.wga.hu/html/l/leitch/fountain.html,"LEITCH, William Leighton",The Villa Fountain,,19,Scottish,landscape,Huile,400.0,266.0,1.5037593984962405,0.11333333333333329,data/raw/images/l/leitch/fountain.jpg
l__lely__amorous,images/l__lely__amorous.png,train,https://www.wga.hu/html/l/lely/amorous.html,"LELY, Sir Peter",Amorous Couple in a Landscape,1640.0,17,English,landscape,Huile,400.0,356.0,1.1235955056179776,0.1573033707865168,data/raw/images/l/lely/amorous.jpg
l__lemmen__beach,images/l__lemmen__beach.png,train,https://www.wga.hu/html/l/lemmen/beach.html,"LEMMEN, Georges",Beach at Heist,1891.0,19,Belgian,landscape,Huile,400.0,326.0,1.2269938650306749,0.07975460122699385,data/raw/images/l/lemmen/beach.jpg
l__lemmen__thames,images/l__lemmen__thames.png,train,https://www.wga.hu/html/l/lemmen/thames.html,"LEMMEN, Georges",View of the Thames,1892.0,19,Belgian,landscape,Huile,400.0,289.0,1.3840830449826989,0.036666666666666625,data/raw/images/l/lemmen/thames.jpg
l__lepine__pontarts,images/l__lepine__pontarts.png,train,https://www.wga.hu/html/l/lepine/pontarts.html,"LÉPINE, Stanislas","Pont des Arts, Paris",1880.5,19,French,landscape,Huile,400.0,243.0,1.646090534979424,0.19000000000000006,data/raw/images/l/lepine/pontarts.jpg
l__lepine__seine,images/l__lepine__seine.png,train,https://www.wga.hu/html/l/lepine/seine.html,"LÉPINE, Stanislas",The Seine near Argenteuil,,19,French,landscape,Huile,400.0,257.0,1.556420233463035,0.14333333333333342,data/raw/images/l/lepine/seine.jpg
l__leprince__country,images/l__leprince__country.png,train,https://www.wga.hu/html/l/leprince/country.html,"LEPRINCE, Auguste-Xavier",A Shepherd and a Rider on a Country Lane,1823.0,19,French,landscape,Huile,400.0,329.0,1.21580547112462,0.08814589665653494,data/raw/images/l/leprince/country.jpg
l__leprince__harvest,images/l__leprince__harvest.png,train,https://www.wga.hu/html/l/leprince/harvest.html,"LEPRINCE, Auguste-Xavier",The Harvest,1822.0,19,French,landscape,Huile,400.0,303.0,1.3201320132013201,0.00990099009900991,data/raw/images/l/leprince/harvest.jpg
l__levitan__birchgro,images/l__levitan__birchgro.png,train,https://www.wga.hu/html/l/levitan/birchgro.html,"LEVITAN, Isaak Ilyich",Birch Grove,1887.0,19,Russian,landscape,Huile,400.0,230.0,1.7391304347826086,0.2333333333333334,data/raw/images/l/levitan/birchgro.jpg
l__levitan__golden,images/l__levitan__golden.png,train,https://www.wga.hu/html/l/levitan/golden.html,"LEVITAN, Isaak Ilyich",Golden Autumn,1895.0,19,Russian,landscape,Huile,400.0,263.0,1.520912547528517,0.1233333333333333,data/raw/images/l/levitan/golden.jpg
l__levitan__riverlan,images/l__levitan__riverlan.png,train,https://www.wga.hu/html/l/levitan/riverlan.html,"LEVITAN, Isaak Ilyich",River Landscape,,19,Russian,landscape,Huile,400.0,260.0,1.5384615384615385,0.13333333333333341,data/raw/images/l/levitan/riverlan.jpg
l__leytens__winterl2,images/l__leytens__winterl2.png,train,https://www.wga.hu/html/l/leytens/winterl2.html,"LEYTENS, Gysbrecht",Winter Landscape with a Woodsman and Travellers,,17,Flemish,landscape,Huile,400.0,241.0,1.6597510373443984,0.19666666666666677,data/raw/images/l/leytens/winterl2.jpg
l__leytens__winterl3,images/l__leytens__winterl3.png,train,https://www.wga.hu/html/l/leytens/winterl3.html,"LEYTENS, Gysbrecht",Hunters in a Winter Landscape,,17,Flemish,landscape,Huile,400.0,284.0,1.408450704225352,0.053333333333333344,data/raw/images/l/leytens/winterl3.jpg
l__leytens__winterla,images/l__leytens__winterla.png,train,https://www.wga.hu/html/l/leytens/winterla.html,"LEYTENS, Gysbrecht",Winter Landscape,,17,Flemish,landscape,Huile,400.0,261.0,1.5325670498084292,0.13000000000000012,data/raw/images/l/leytens/winterla.jpg
l__leytens__winterlb,images/l__leytens__winterlb.png,train,https://www.wga.hu/html/l/leytens/winterlb.html,"LEYTENS, Gysbrecht",Winter Landscape,,17,Flemish,landscape,Huile,400.0,260.0,1.5384615384615385,0.13333333333333341,data/raw/images/l/leytens/winterlb.jpg
l__leytens__winterlc,images/l__leytens__winterlc.png,train,https://www.wga.hu/html/l/leytens/winterlc.html,"LEYTENS, Gysbrecht",Winter Landscape,,17,Flemish,landscape,Huile,400.0,278.0,1.4388489208633093,0.07333333333333336,data/raw/images/l/leytens/winterlc.jpg
l__leytens__winterld,images/l__leytens__winterld.png,train,https://www.wga.hu/html/l/leytens/winterld.html,"LEYTENS, Gysbrecht",Winter Landscape,1630.0,17,Flemish,landscape,Huile,400.0,321.0,1.2461059190031152,0.06542056074766356,data/raw/images/l/leytens/winterld.jpg
l__lhermitt__august,images/l__lhermitt__august.png,train,https://www.wga.hu/html/l/lhermitt/august.html,"LHERMITTE, Léon-Augustin",August,1894.0,19,French,landscape,Techniques sur papier,400.0,285.0,1.4035087719298245,0.050000000000000044,data/raw/images/l/lhermitt/august.jpg
l__lhermitt__harbour,images/l__lhermitt__harbour.png,train,https://www.wga.hu/html/l/lhermitt/harbour.html,"LHERMITTE, Léon-Augustin",Entrance of La Rochelle's Harbour,,19,French,landscape,Techniques sur papier,400.0,328.0,1.2195121951219512,0.08536585365853655,data/raw/images/l/lhermitt/harbour.jpg
l__lieberma__40country,images/l__lieberma__40country.png,train,https://www.wga.hu/html/l/lieberma/40country.html,"LIEBERMANN, Max",Country House at Hilversum,1901.0,19,German,landscape,Huile,400.0,318.0,1.2578616352201257,0.05660377358490565,data/raw/images/l/lieberma/40country.jpg
l__lieberma__43leiden,images/l__lieberma__43leiden.png,train,https://www.wga.hu/html/l/lieberma/43leiden.html,"LIEBERMANN, Max","De Oude Vinck Restaurant, Leiden",1905.0,19,German,landscape,Huile,400.0,314.0,1.2738853503184713,0.04458598726114649,data/raw/images/l/lieberma/43leiden.jpg
l__lieberma__44dunes,images/l__lieberma__44dunes.png,test,https://www.wga.hu/html/l/lieberma/44dunes.html,"LIEBERMANN, Max",The Dunes at Noordwijk,1906.0,19,German,landscape,Huile,400.0,314.0,1.2738853503184713,0.04458598726114649,data/raw/images/l/lieberma/44dunes.jpg
l__lieberma__45beach,images/l__lieberma__45beach.png,train,https://www.wga.hu/html/l/lieberma/45beach.html,"LIEBERMANN, Max",The Beach at Nordwijk,1908.0,19,German,landscape,Huile,400.0,321.0,1.2461059190031152,0.06542056074766356,data/raw/images/l/lieberma/45beach.jpg
l__lieberma__48evenin,images/l__lieberma__48evenin.png,test,https://www.wga.hu/html/l/lieberma/48evenin.html,"LIEBERMANN, Max",Evening at Uhlenhorster Fährhaus,1910.0,19,German,landscape,Huile,400.0,309.0,1.2944983818770226,0.029126213592232997,data/raw/images/l/lieberma/48evenin.jpg
l__ligeti__1oasis,images/l__ligeti__1oasis.png,train,https://www.wga.hu/html/l/ligeti/1oasis.html,"LIGETI, Antal",Oasis in the Desert,1862.0,19,Hungarian,landscape,Huile,400.0,276.0,1.4492753623188406,0.08000000000000007,data/raw/images/l/ligeti/1oasis.jpg
l__ligeti__3road,images/l__ligeti__3road.png,train,https://www.wga.hu/html/l/ligeti/3road.html,"LIGETI, Antal",Mártonhegyi Road,1876.0,19,Hungarian,landscape,Huile,400.0,245.0,1.6326530612244898,0.18333333333333335,data/raw/images/l/ligeti/3road.jpg
l__ligeti__4landsca,images/l__ligeti__4landsca.png,train,https://www.wga.hu/html/l/ligeti/4landsca.html,"LIGETI, Antal",Romantic Waterside Landscape with Figures,1886.0,19,Hungarian,landscape,Huile,400.0,264.0,1.5151515151515151,0.12,data/raw/images/l/ligeti/4landsca.jpg
l__lingelba__marketsc,images/l__lingelba__marketsc.png,train,https://www.wga.hu/html/l/lingelba/marketsc.html,"LINGELBACH, Johannes",Roman Market Scene,1653.0,17,Dutch,landscape,Huile,400.0,232.0,1.7241379310344827,0.22666666666666668,data/raw/images/l/lingelba/marketsc.jpg
l__lingelba__river_la,images/l__lingelba__river_la.png,train,https://www.wga.hu/html/l/lingelba/river_la.html,"LINGELBACH, Johannes",River Landscape,1650.0,17,Dutch,landscape,Huile,400.0,335.0,1.1940298507462686,0.10447761194029859,data/raw/images/l/lingelba/river_la.jpg
l__lingelba__seabattl,images/l__lingelba__seabattl.png,train,https://www.wga.hu/html/l/lingelba/seabattl.html,"LINGELBACH, Johannes",A Sea Battle,,17,Dutch,landscape,Huile,400.0,305.0,1.3114754098360655,0.016393442622950838,data/raw/images/l/lingelba/seabattl.jpg
l__lint_h__classica,images/l__lint_h__classica.png,train,https://www.wga.hu/html/l/lint_h/classica.html,"LINT, Hendrik Frans van",Classical Landscape,1749.0,18,Flemish,landscape,Huile,400.0,268.0,1.492537313432836,0.1066666666666668,data/raw/images/l/lint_h/classica.jpg
l__lint_h__river_la,images/l__lint_h__river_la.png,train,https://www.wga.hu/html/l/lint_h/river_la.html,"LINT, Hendrik Frans van",River Landscape,,18,Flemish,landscape,Huile,400.0,260.0,1.5384615384615385,0.13333333333333341,data/raw/images/l/lint_h/river_la.jpg
l__lint_h__rome1,images/l__lint_h__rome1.png,train,https://www.wga.hu/html/l/lint_h/rome1.html,"LINT, Hendrik Frans van",Rome: A View of the Tiber,1734.0,18,Flemish,landscape,Huile,400.0,257.0,1.556420233463035,0.14333333333333342,data/raw/images/l/lint_h/rome1.jpg
l__lint_h__rome2,images/l__lint_h__rome2.png,test,https://www.wga.hu/html/l/lint_h/rome2.html,"LINT, Hendrik Frans van",Roma: Piazza del Popolo,1750.0,18,Flemish,landscape,Huile,400.0,262.0,1.5267175572519085,0.12666666666666682,data/raw/images/l/lint_h/rome2.jpg
l__lisse__dianacte,images/l__lisse__dianacte.png,train,https://www.wga.hu/html/l/lisse/dianacte.html,"LISSE, Dirck van der",Landscape with Diana and Actaeon,,17,Dutch,landscape,Huile,400.0,301.0,1.3289036544850499,0.0033222591362125353,data/raw/images/l/lisse/dianacte.jpg
l__locatell__1market,images/l__locatell__1market.png,train,https://www.wga.hu/html/l/locatell/1market.html,"LOCATELLI, Andrea",Market in the Piazza Navona in Rome,1733.0,18,Italian,landscape,Huile,400.0,300.0,1.3333333333333333,0.0,data/raw/images/l/locatell/1market.jpg
l__locatell__figures,images/l__locatell__figures.png,train,https://www.wga.hu/html/l/locatell/figures.html,"LOCATELLI, Andrea",Figures in a Landscape,,18,Italian,landscape,Huile,400.0,258.0,1.550387596899225,0.14000000000000012,data/raw/images/l/locatell/figures.jpg
l__loir__carousel,images/l__loir__carousel.png,train,https://www.wga.hu/html/l/loir/carousel.html,"LOIR, Luigi",Carousel at the Porte Dorée,,19,French,landscape,Huile,400.0,277.0,1.444043321299639,0.07666666666666677,data/raw/images/l/loir/carousel.jpg
l__loir__louvre,images/l__loir__louvre.png,test,https://www.wga.hu/html/l/loir/louvre.html,"LOIR, Luigi",The Louvre from the Jardin des Tuileries,1880.0,19,French,landscape,Huile,400.0,277.0,1.444043321299639,0.07666666666666677,data/raw/images/l/loir/louvre.jpg
l__loir__outing,images/l__loir__outing.png,train,https://www.wga.hu/html/l/loir/outing.html,"LOIR, Luigi",The Outing of the Russian Emperor to the Opera Gala in Paris,1896.0,19,French,landscape,Huile,400.0,243.0,1.646090534979424,0.19000000000000006,data/raw/images/l/loir/outing.jpg
l__loiseau__banksein,images/l__loiseau__banksein.png,train,https://www.wga.hu/html/l/loiseau/banksein.html,"LOISEAU, Gustave",Banks of the Seine,1902.0,19,French,landscape,Huile,400.0,316.0,1.2658227848101267,0.050632911392405,data/raw/images/l/loiseau/banksein.jpg
l__loiseau__frehel,images/l__loiseau__frehel.png,test,https://www.wga.hu/html/l/loiseau/frehel.html,"LOISEAU, Gustave","Cape Fréhel and ""La Teignouse"" Cliffs",1906.0,19,French,landscape,Huile,400.0,323.0,1.238390092879257,0.07120743034055721,data/raw/images/l/loiseau/frehel.jpg
l__loiseau__hamletch,images/l__loiseau__hamletch.png,train,https://www.wga.hu/html/l/loiseau/hamletch.html,"LOISEAU, Gustave",The Hamlet of Chaponval,1908.0,19,French,landscape,Huile,400.0,331.0,1.2084592145015105,0.09365558912386707,data/raw/images/l/loiseau/hamletch.jpg
l__loiseau__orchard,images/l__loiseau__orchard.png,train,https://www.wga.hu/html/l/loiseau/orchard.html,"LOISEAU, Gustave",Orchard in Spring,1899.5,19,French,landscape,Huile,400.0,329.0,1.21580547112462,0.08814589665653494,data/raw/images/l/loiseau/orchard.jpg
l__loiseau__snow_sun,images/l__loiseau__snow_sun.png,train,https://www.wga.hu/html/l/loiseau/snow_sun.html,"LOISEAU, Gustave","Tournedos-sur-Seine, Snow, Frost, Sun",1899.5,19,French,landscape,Huile,400.0,294.0,1.3605442176870748,0.020000000000000018,data/raw/images/l/loiseau/snow_sun.jpg
l__longhi__pietro__2__30duckhu,images/l__longhi__pietro__2__30duckhu.png,train,https://www.wga.hu/html/l/longhi/pietro/2/30duckhu.html,"LONGHI, Pietro",Duck Hunters on the Lagoon,1760.0,18,Italian,landscape,Huile,400.0,271.0,1.4760147601476015,0.09666666666666668,data/raw/images/l/longhi/pietro/2/30duckhu.jpg
l__loo__cesar__moonlit,images/l__loo__cesar__moonlit.png,train,https://www.wga.hu/html/l/loo/cesar/moonlit.html,"LOO, César van",Moonlit Landscape,,18,French,landscape,Huile,400.0,295.0,1.3559322033898304,0.01666666666666672,data/raw/images/l/loo/cesar/moonlit.jpg
l__loos__salzburg,images/l__loos__salzburg.png,train,https://www.wga.hu/html/l/loos/salzburg.html,"LOOS, Friedrich",The Rudolfskai in Salzburg,1835.0,19,Austrian,landscape,Huile,400.0,253.0,1.5810276679841897,0.15666666666666673,data/raw/images/l/loos/salzburg.jpg
l__lotz__1thud,images/l__lotz__1thud.png,train,https://www.wga.hu/html/l/lotz/1thud.html,"LOTZ, Károly",Stud in a Thunderstorm,1862.0,19,Hungarian,landscape,Huile,400.0,263.0,1.520912547528517,0.1233333333333333,data/raw/images/l/lotz/1thud.jpg
l__lotz__2twiligh,images/l__lotz__2twiligh.png,train,https://www.wga.hu/html/l/lotz/2twiligh.html,"LOTZ, Károly",Twilight,1870.0,19,Hungarian,landscape,Huile,400.0,310.0,1.2903225806451613,0.032258064516129004,data/raw/images/l/lotz/2twiligh.jpg
l__loutherb__clairlune,images/l__loutherb__clairlune.png,test,https://www.wga.hu/html/l/loutherb/clairlune.html,"LOUTHERBOURG, Philip Jacques de",Clair de Lune (Moonlight),1777.0,18,French,landscape,Huile,400.0,295.0,1.3559322033898304,0.01666666666666672,data/raw/images/l/loutherb/clairlune.jpg
l__loutherb__coalbroo,images/l__loutherb__coalbroo.png,train,https://www.wga.hu/html/l/loutherb/coalbroo.html,"LOUTHERBOURG, Philip Jacques de",Coalbrookdale by Night,1801.0,18,French,landscape,Huile,400.0,255.0,1.5686274509803921,0.15000000000000002,data/raw/images/l/loutherb/coalbroo.jpg
l__loutherb__coastal,images/l__loutherb__coastal.png,train,https://www.wga.hu/html/l/loutherb/coastal.html,"LOUTHERBOURG, Philip Jacques de",Rocky Coastal Landscape in a Storm,1771.0,18,French,landscape,Huile,400.0,310.0,1.2903225806451613,0.032258064516129004,data/raw/images/l/loutherb/coastal.jpg
l__loutherb__seascape,images/l__loutherb__seascape.png,train,https://www.wga.hu/html/l/loutherb/seascape.html,"LOUTHERBOURG, Philip Jacques de",Seascape with Sunset,,18,French,landscape,Huile,400.0,283.0,1.4134275618374559,0.056666666666666754,data/raw/images/l/loutherb/seascape.jpg
l__loutherb__sh_wreck,images/l__loutherb__sh_wreck.png,test,https://www.wga.hu/html/l/loutherb/sh_wreck.html,"LOUTHERBOURG, Philip Jacques de",Shipwreck,1767.0,18,French,landscape,Huile,400.0,281.0,1.4234875444839858,0.06333333333333346,data/raw/images/l/loutherb/sh_wreck.jpg
l__loutherb__travelle,images/l__loutherb__travelle.png,train,https://www.wga.hu/html/l/loutherb/travelle.html,"LOUTHERBOURG, Philip Jacques de",Travellers at a Well,1769.0,18,French,landscape,Huile,400.0,298.0,1.342281879194631,0.006666666666666821,data/raw/images/l/loutherb/travelle.jpg
l__loutherb__wintermo,images/l__loutherb__wintermo.png,train,https://www.wga.hu/html/l/loutherb/wintermo.html,"LOUTHERBOURG, Philip Jacques de","A Winter Morning, with a Party Skating",,18,French,landscape,Huile,400.0,285.0,1.4035087719298245,0.050000000000000044,data/raw/images/l/loutherb/wintermo.jpg
l__luce__01luce,images/l__luce__01luce.png,train,https://www.wga.hu/html/l/luce/01luce.html,"LUCE, Maximilien",Paris Seen from Montmartre,1887.0,19,French,landscape,Huile,400.0,321.0,1.2461059190031152,0.06542056074766356,data/raw/images/l/luce/01luce.jpg
l__luce__031port,images/l__luce__031port.png,train,https://www.wga.hu/html/l/luce/031port.html,"LUCE, Maximilien",The Port of Rotterdam,1900.0,19,French,landscape,Huile,400.0,289.0,1.3840830449826989,0.036666666666666625,data/raw/images/l/luce/031port.jpg
l__lundbye__danishco,images/l__lundbye__danishco.png,test,https://www.wga.hu/html/l/lundbye/danishco.html,"LUNDBYE, Johan Thomas",A Danish Coast,1843.0,19,Danish,landscape,Huile,400.0,293.0,1.3651877133105803,0.023333333333333428,data/raw/images/l/lundbye/danishco.jpg
l__lundbye__vejrhoj,images/l__lundbye__vejrhoj.png,train,https://www.wga.hu/html/l/lundbye/vejrhoj.html,"LUNDBYE, Johan Thomas","Kolas Wood, Vejrhoj",1846.0,19,Danish,landscape,Huile,400.0,296.0,1.3513513513513513,0.013333333333333308,data/raw/images/l/lundbye/vejrhoj.jpg
l__lundbye__zeeland,images/l__lundbye__zeeland.png,train,https://www.wga.hu/html/l/lundbye/zeeland.html,"LUNDBYE, Johan Thomas",Zeeland Landscape,1842.0,19,Danish,landscape,Huile,400.0,304.0,1.3157894736842106,0.013157894736842035,data/raw/images/l/lundbye/zeeland.jpg
l__luny__lordnort,images/l__luny__lordnort.png,train,https://www.wga.hu/html/l/luny/lordnort.html,"LUNY, Thomas","The Lord North, Seen from Three Positions",1779.0,18,English,landscape,Huile,400.0,245.0,1.6326530612244898,0.18333333333333335,data/raw/images/l/luny/lordnort.jpg
m__mactagga__storm,images/m__mactagga__storm.png,train,https://www.wga.hu/html/m/mactagga/storm.html,"MACTAGGART, William",The Storm,1890.0,19,Scottish,landscape,Huile,400.0,261.0,1.5325670498084292,0.13000000000000012,data/raw/images/m/mactagga/storm.jpg
m__maella__seascape,images/m__maella__seascape.png,train,https://www.wga.hu/html/m/maella/seascape.html,"MAELLA, Mariano Salvador de",Seascape,,18,Spanish,landscape,Huile,400.0,302.0,1.3245033112582782,0.0066225165562913135,data/raw/images/m/maella/seascape.jpg
m__magnasco__2brigand,images/m__magnasco__2brigand.png,train,https://www.wga.hu/html/m/magnasco/2brigand.html,"MAGNASCO, Alessandro",Halt of the Brigands,1714.5,18,Italian,landscape,Huile,400.0,264.0,1.5151515151515151,0.12,data/raw/images/m/magnasco/2brigand.jpg
m__magnasco__3banditt,images/m__magnasco__3banditt.png,train,https://www.wga.hu/html/m/magnasco/3banditt.html,"MAGNASCO, Alessandro",Banditti at Rest,1714.5,18,Italian,landscape,Huile,400.0,267.0,1.4981273408239701,0.1100000000000001,data/raw/images/m/magnasco/3banditt.jpg
m__magnasco__mountain,images/m__magnasco__mountain.png,train,https://www.wga.hu/html/m/magnasco/mountain.html,"MAGNASCO, Alessandro",Mountainous Landscape,1724.5,18,Italian,landscape,Huile,400.0,290.0,1.3793103448275863,0.03333333333333344,data/raw/images/m/magnasco/mountain.jpg
m__magnasco__seashore,images/m__magnasco__seashore.png,train,https://www.wga.hu/html/m/magnasco/seashore.html,"MAGNASCO, Alessandro",The Seashore,1724.5,18,Italian,landscape,Huile,400.0,297.0,1.3468013468013469,0.01000000000000012,data/raw/images/m/magnasco/seashore.jpg
m__magnasco__z_market,images/m__magnasco__z_market.png,train,https://www.wga.hu/html/m/magnasco/z_market.html,"MAGNASCO, Alessandro",Market,,18,Italian,landscape,Huile,400.0,303.0,1.3201320132013201,0.00990099009900991,data/raw/images/m/magnasco/z_market.jpg
m__magnasco__z_storm,images/m__magnasco__z_storm.png,train,https://www.wga.hu/html/m/magnasco/z_storm.html,"MAGNASCO, Alessandro",Storm at the Sea,,18,Italian,landscape,Huile,400.0,281.0,1.4234875444839858,0.06333333333333346,data/raw/images/m/magnasco/z_storm.jpg
m__maitland__kensingt,images/m__maitland__kensingt.png,train,https://www.wga.hu/html/m/maitland/kensingt.html,"MAITLAND, Paul","Flower Walk, Kensington Gardens",1897.0,19,English,landscape,Huile,400.0,281.0,1.4234875444839858,0.06333333333333346,data/raw/images/m/maitland/kensingt.jpg
m__mander__karel1__crucifix,images/m__mander__karel1__crucifix.png,train,https://www.wga.hu/html/m/mander/karel1/crucifix.html,"MANDER, Karel van, the Elder",Landscape with Snow and the Crucifixion,1599.0,16,Dutch,landscape,Huile,400.0,225.0,1.7777777777777777,0.25,data/raw/images/m/mander/karel1/crucifix.jpg
m__mandijn__landscap,images/m__mandijn__landscap.png,train,https://www.wga.hu/html/m/mandijn/landscap.html,"MANDIJN, Jan",Landscape with the Legend of St Christopher,,16,Flemish,landscape,Huile,400.0,286.0,1.3986013986013985,0.046666666666666634,data/raw/images/m/mandijn/landscap.jpg
m__manet__1__7marine2,images/m__manet__1__7marine2.png,train,https://www.wga.hu/html/m/manet/1/7marine2.html,"MANET, Edouard",Marine View (Seascape with Porpoises),1864.0,19,French,landscape,Huile,400.0,322.0,1.2422360248447204,0.06832298136645965,data/raw/images/m/manet/1/7marine2.jpg
m__manet__2__2manet20,images/m__manet__2__2manet20.png,train,https://www.wga.hu/html/m/manet/2/2manet20.html,"MANET, Edouard",Departure of the Folkestone Boat,1869.0,19,French,landscape,Huile,400.0,317.0,1.2618296529968454,0.05362776025236593,data/raw/images/m/manet/2/2manet20.jpg
m__manet__3__3manet12,images/m__manet__3__3manet12.png,train,https://www.wga.hu/html/m/manet/3/3manet12.html,"MANET, Edouard",Boating,1874.0,19,French,landscape,Huile,400.0,290.0,1.3793103448275863,0.03333333333333344,data/raw/images/m/manet/3/3manet12.jpg
m__manet__3__3manet13,images/m__manet__3__3manet13.png,train,https://www.wga.hu/html/m/manet/3/3manet13.html,"MANET, Edouard",Claude Monet Painting on His Boat-Studio in Argenteuil,1874.0,19,French,landscape,Huile,400.0,325.0,1.2307692307692308,0.07692307692307687,data/raw/images/m/manet/3/3manet13.jpg
m__manet__3__3manet21,images/m__manet__3__3manet21.png,train,https://www.wga.hu/html/m/manet/3/3manet21.html,"MANET, Edouard",The Grand Canal in Venice,1875.0,19,French,landscape,Huile,400.0,333.0,1.2012012012012012,0.09909909909909909,data/raw/images/m/manet/3/3manet21.jpg
m__manet__5__5late13,images/m__manet__5__5late13.png,train,https://www.wga.hu/html/m/manet/5/5late13.html,"MANET, Edouard",Bench in the Garden at Versailles,1882.0,19,French,landscape,Huile,400.0,319.0,1.2539184952978057,0.059561128526645635,data/raw/images/m/manet/5/5late13.jpg
m__manet__5__5late14,images/m__manet__5__5late14.png,train,https://www.wga.hu/html/m/manet/5/5late14.html,"MANET, Edouard",Country House in Rueil,1882.0,19,French,landscape,Huile,400.0,308.0,1.2987012987012987,0.025974025974025983,data/raw/images/m/manet/5/5late14.jpg
m__manglard__med_port,images/m__manglard__med_port.png,train,https://www.wga.hu/html/m/manglard/med_port.html,"MANGLARD, Adrien",Mediterranean Port,,18,French,landscape,Huile,400.0,308.0,1.2987012987012987,0.025974025974025983,data/raw/images/m/manglard/med_port.jpg
m__manglard__mharbour,images/m__manglard__mharbour.png,train,https://www.wga.hu/html/m/manglard/mharbour.html,"MANGLARD, Adrien",Mediterranean Harbour Scene,1758.0,18,French,landscape,Huile,400.0,231.0,1.7316017316017316,0.22999999999999998,data/raw/images/m/manglard/mharbour.jpg
m__manglard__viewport,images/m__manglard__viewport.png,test,https://www.wga.hu/html/m/manglard/viewport.html,"MANGLARD, Adrien",View of a Southern Port,,18,French,landscape,Huile,400.0,295.0,1.3559322033898304,0.01666666666666672,data/raw/images/m/manglard/viewport.jpg
m__marchett__longcham,images/m__marchett__longcham.png,train,https://www.wga.hu/html/m/marchett/longcham.html,"MARCHETTI, Ludovico",The Races at Longchamps,1880.0,19,Italian,landscape,Huile,400.0,243.0,1.646090534979424,0.19000000000000006,data/raw/images/m/marchett/longcham.jpg
m__mariesch__campo_sa,images/m__mariesch__campo_sa.png,test,https://www.wga.hu/html/m/mariesch/campo_sa.html,"MARIESCHI, Michele",The Grand Canal with the Ca' Rezzonico and the Campo San Samuele,1742.0,18,Italian,landscape,Huile,400.0,258.0,1.550387596899225,0.14000000000000012,data/raw/images/m/mariesch/campo_sa.jpg
m__mariesch__cannareg,images/m__mariesch__cannareg.png,train,https://www.wga.hu/html/m/mariesch/cannareg.html,"MARIESCHI, Michele",View of the Rio di Cannareggio,1740.0,18,Italian,landscape,Huile,400.0,244.0,1.639344262295082,0.18666666666666676,data/raw/images/m/mariesch/cannareg.jpg
m__mariesch__fishma,images/m__mariesch__fishma.png,train,https://www.wga.hu/html/m/mariesch/fishma.html,"MARIESCHI, Michele",The Grand Canal with the Palazzo Labia and Entry to the Cannareggio,1742.0,18,Italian,landscape,Huile,400.0,256.0,1.5625,0.14666666666666672,data/raw/images/m/mariesch/fishma.jpg
m__mariesch__fishmar,images/m__mariesch__fishmar.png,train,https://www.wga.hu/html/m/mariesch/fishmar.html,"MARIESCHI, Michele",The Grand Canal with the Fishmarket,1740.0,18,Italian,landscape,Huile,400.0,259.0,1.5444015444015444,0.13666666666666671,data/raw/images/m/mariesch/fishmar.jpg
m__mariesch__geremia,images/m__mariesch__geremia.png,train,https://www.wga.hu/html/m/mariesch/geremia.html,"MARIESCHI, Michele",The Grand Canal at San Geremia,1740.0,18,Italian,landscape,Huile,400.0,262.0,1.5267175572519085,0.12666666666666682,data/raw/images/m/mariesch/geremia.jpg
m__mariesch__molobac,images/m__mariesch__molobac.png,train,https://www.wga.hu/html/m/mariesch/molobac.html,"MARIESCHI, Michele","Venice, Bacino di San Marco Looking Towards the Palazzo Ducale and the Piazzetta",1738.5,18,Italian,landscape,Huile,400.0,260.0,1.5384615384615385,0.13333333333333341,data/raw/images/m/mariesch/molobac.jpg
m__mariesch__molobaci,images/m__mariesch__molobaci.png,train,https://www.wga.hu/html/m/mariesch/molobaci.html,"MARIESCHI, Michele","Venice, a View of the Molo from the Bacino",1738.0,18,Italian,landscape,Huile,400.0,261.0,1.5325670498084292,0.13000000000000012,data/raw/images/m/mariesch/molobaci.jpg
m__mariesch__molobacj,images/m__mariesch__molobacj.png,train,https://www.wga.hu/html/m/mariesch/molobacj.html,"MARIESCHI, Michele","Venice, A View of the Molo from the Bacino di San Marco",,18,Italian,landscape,Huile,400.0,253.0,1.5810276679841897,0.15666666666666673,data/raw/images/m/mariesch/molobacj.jpg
m__mariesch__rialto,images/m__mariesch__rialto.png,train,https://www.wga.hu/html/m/mariesch/rialto.html,"MARIESCHI, Michele",The Rialto Bridge from the Riva del Vin,1744.5,18,Italian,landscape,Huile,400.0,251.0,1.593625498007968,0.16333333333333333,data/raw/images/m/mariesch/rialto.jpg
m__mariesch__salute,images/m__mariesch__salute.png,train,https://www.wga.hu/html/m/mariesch/salute.html,"MARIESCHI, Michele",The Grand Canal near the Salute,1734.0,18,Italian,landscape,Huile,400.0,234.0,1.7094017094017093,0.21999999999999997,data/raw/images/m/mariesch/salute.jpg
m__mariesch__salute1,images/m__mariesch__salute1.png,train,https://www.wga.hu/html/m/mariesch/salute1.html,"MARIESCHI, Michele",The Grand Canal with Santa Maria della Salute,1734.5,18,Italian,landscape,Huile,400.0,264.0,1.5151515151515151,0.12,data/raw/images/m/mariesch/salute1.jpg
m__mariesch__salute2,images/m__mariesch__salute2.png,train,https://www.wga.hu/html/m/mariesch/salute2.html,"MARIESCHI, Michele","Santa Maria della Salute, Venice",1739.5,18,Italian,landscape,Huile,400.0,260.0,1.5384615384615385,0.13333333333333341,data/raw/images/m/mariesch/salute2.jpg
m__mariesch__view,images/m__mariesch__view.png,train,https://www.wga.hu/html/m/mariesch/view.html,"MARIESCHI, Michele",Capriccio with Gothic Building and Obelisk,1741.0,18,Italian,landscape,Huile,400.0,260.0,1.5384615384615385,0.13333333333333341,data/raw/images/m/mariesch/view.jpg
m__mariesch__view1,images/m__mariesch__view1.png,train,https://www.wga.hu/html/m/mariesch/view1.html,"MARIESCHI, Michele",Capriccio with Classical Arch and Goats,1741.0,18,Italian,landscape,Huile,400.0,263.0,1.520912547528517,0.1233333333333333,data/raw/images/m/mariesch/view1.jpg
m__mariesch__view2,images/m__mariesch__view2.png,train,https://www.wga.hu/html/m/mariesch/view2.html,"MARIESCHI, Michele",Capriccio of a Riverside Town,1735.0,18,Italian,landscape,Huile,400.0,265.0,1.509433962264151,0.11666666666666681,data/raw/images/m/mariesch/view2.jpg
m__mariesch__zanipolo,images/m__mariesch__zanipolo.png,train,https://www.wga.hu/html/m/mariesch/zanipolo.html,"MARIESCHI, Michele","View of Campo SS. Giovanni e Paolo, Venice",,18,Italian,landscape,Huile,400.0,251.0,1.593625498007968,0.16333333333333333,data/raw/images/m/mariesch/zanipolo.jpg
m__maris__willem__dusk,images/m__maris__willem__dusk.png,test,https://www.wga.hu/html/m/maris/willem/dusk.html,"MARIS, Willem",Dusk,1875.0,19,Dutch,landscape,Huile,400.0,252.0,1.5873015873015872,0.16000000000000003,data/raw/images/m/maris/willem/dusk.jpg
m__marko__son1__marko1,images/m__marko__son1__marko1.png,train,https://www.wga.hu/html/m/marko/son1/marko1.html,"MARKÓ, András",Landscape with Charcoal Burners,1861.0,19,Hungarian,landscape,Huile,400.0,286.0,1.3986013986013985,0.046666666666666634,data/raw/images/m/marko/son1/marko1.jpg
m__marko__son1__marko2,images/m__marko__son1__marko2.png,train,https://www.wga.hu/html/m/marko/son1/marko2.html,"MARKÓ, András",Italian Landscape with Galoping Horses,1871.0,19,Hungarian,landscape,Huile,400.0,303.0,1.3201320132013201,0.00990099009900991,data/raw/images/m/marko/son1/marko2.jpg
m__marko__son1__marko3,images/m__marko__son1__marko3.png,train,https://www.wga.hu/html/m/marko/son1/marko3.html,"MARKÓ, András",Italian Landscape with Sheperdess,1875.0,19,Hungarian,landscape,Huile,400.0,287.0,1.3937282229965158,0.043333333333333446,data/raw/images/m/marko/son1/marko3.jpg
m__marko__son1__marko4,images/m__marko__son1__marko4.png,train,https://www.wga.hu/html/m/marko/son1/marko4.html,"MARKÓ, András",Sunlit Italian Landscape with Goats,1889.0,19,Hungarian,landscape,Huile,400.0,267.0,1.4981273408239701,0.1100000000000001,data/raw/images/m/marko/son1/marko4.jpg
m__marko__son2__1marko,images/m__marko__son2__1marko.png,train,https://www.wga.hu/html/m/marko/son2/1marko.html,"MARKÓ, Ferenc",Harvesting Watermelons,1852.0,19,Hungarian,landscape,Huile,400.0,275.0,1.4545454545454546,0.08333333333333337,data/raw/images/m/marko/son2/1marko.jpg
m__marko__son2__2marko,images/m__marko__son2__2marko.png,train,https://www.wga.hu/html/m/marko/son2/2marko.html,"MARKÓ, Ferenc",Courtship,1866.0,19,Hungarian,landscape,Huile,400.0,265.0,1.509433962264151,0.11666666666666681,data/raw/images/m/marko/son2/2marko.jpg
m__marko__son2__3marko,images/m__marko__son2__3marko.png,train,https://www.wga.hu/html/m/marko/son2/3marko.html,"MARKÓ, Ferenc",Travelling Barber,1863.0,19,Hungarian,landscape,Huile,400.0,317.0,1.2618296529968454,0.05362776025236593,data/raw/images/m/marko/son2/3marko.jpg
m__marko__father__01marko,images/m__marko__father__01marko.png,train,https://www.wga.hu/html/m/marko/father/01marko.html,"MARKÓ, Károly the Elder",Visegrád,1828.0,19,Hungarian,landscape,Huile,400.0,282.0,1.4184397163120568,0.06000000000000005,data/raw/images/m/marko/father/01marko.jpg
m__marko__father__02marko,images/m__marko__father__02marko.png,train,https://www.wga.hu/html/m/marko/father/02marko.html,"MARKÓ, Károly the Elder",From the Pearl of Holy Antiquity,1833.0,19,Hungarian,landscape,Huile,400.0,315.0,1.2698412698412698,0.04761904761904767,data/raw/images/m/marko/father/02marko.jpg
m__marko__father__04marko,images/m__marko__father__04marko.png,test,https://www.wga.hu/html/m/marko/father/04marko.html,"MARKÓ, Károly the Elder",Diana at the Hunt (Hunting Nymphs),1833.0,19,Hungarian,landscape,Huile,400.0,304.0,1.3157894736842106,0.013157894736842035,data/raw/images/m/marko/father/04marko.jpg
m__marko__father__05marko,images/m__marko__father__05marko.png,test,https://www.wga.hu/html/m/marko/father/05marko.html,"MARKÓ, Károly the Elder",Wine Harvest (Tarantella),1835.0,19,Hungarian,landscape,Huile,400.0,304.0,1.3157894736842106,0.013157894736842035,data/raw/images/m/marko/father/05marko.jpg
m__marko__father__06marko,images/m__marko__father__06marko.png,train,https://www.wga.hu/html/m/marko/father/06marko.html,"MARKÓ, Károly the Elder",Italian Landscape with Viaduct and Rainbow,1838.0,19,Hungarian,landscape,Huile,400.0,302.0,1.3245033112582782,0.0066225165562913135,data/raw/images/m/marko/father/06marko.jpg
m__marko__father__07marko,images/m__marko__father__07marko.png,test,https://www.wga.hu/html/m/marko/father/07marko.html,"MARKÓ, Károly the Elder",Landscape near Tivoli with Vintager Scens,1846.0,19,Hungarian,landscape,Huile,400.0,303.0,1.3201320132013201,0.00990099009900991,data/raw/images/m/marko/father/07marko.jpg
m__marko__father__081marko,images/m__marko__father__081marko.png,train,https://www.wga.hu/html/m/marko/father/081marko.html,"MARKÓ, Károly the Elder",The Roman Campagna near Ceraites,1843.0,19,Hungarian,landscape,Huile,400.0,301.0,1.3289036544850499,0.0033222591362125353,data/raw/images/m/marko/father/081marko.jpg
m__marko__father__08marko,images/m__marko__father__08marko.png,train,https://www.wga.hu/html/m/marko/father/08marko.html,"MARKÓ, Károly the Elder",Fishermen,1851.0,19,Hungarian,landscape,Huile,400.0,276.0,1.4492753623188406,0.08000000000000007,data/raw/images/m/marko/father/08marko.jpg
m__marko__father__09marko,images/m__marko__father__09marko.png,train,https://www.wga.hu/html/m/marko/father/09marko.html,"MARKÓ, Károly the Elder",View of the Great Hungarian Plain with Draw Well,1853.0,19,Hungarian,landscape,Huile,400.0,309.0,1.2944983818770226,0.029126213592232997,data/raw/images/m/marko/father/09marko.jpg
m__marko__father__10marko,images/m__marko__father__10marko.png,train,https://www.wga.hu/html/m/marko/father/10marko.html,"MARKÓ, Károly the Elder",The Puszta,1853.0,19,Hungarian,landscape,Huile,400.0,305.0,1.3114754098360655,0.016393442622950838,data/raw/images/m/marko/father/10marko.jpg
m__marko__father__11marko,images/m__marko__father__11marko.png,train,https://www.wga.hu/html/m/marko/father/11marko.html,"MARKÓ, Károly the Elder",Aqua Nera near Rome,1858.0,19,Hungarian,landscape,Huile,400.0,304.0,1.3157894736842106,0.013157894736842035,data/raw/images/m/marko/father/11marko.jpg
m__marko__son3__0markok,images/m__marko__son3__0markok.png,train,https://www.wga.hu/html/m/marko/son3/0markok.html,"MARKÓ, Károly the Younger",Landscape with a Traveller on a Path,1851.0,19,Hungarian,landscape,Huile,400.0,284.0,1.408450704225352,0.053333333333333344,data/raw/images/m/marko/son3/0markok.jpg
m__marko__son3__1markok,images/m__marko__son3__1markok.png,train,https://www.wga.hu/html/m/marko/son3/1markok.html,"MARKÓ, Károly the Younger",View of the Lake Trasimeno,,19,Hungarian,landscape,Huile,400.0,303.0,1.3201320132013201,0.00990099009900991,data/raw/images/m/marko/son3/1markok.jpg
m__marko__son3__2markok,images/m__marko__son3__2markok.png,train,https://www.wga.hu/html/m/marko/son3/2markok.html,"MARKÓ, Károly the Younger",Excursion in Italian Countryside,1862.0,19,Hungarian,landscape,Huile,400.0,301.0,1.3289036544850499,0.0033222591362125353,data/raw/images/m/marko/son3/2markok.jpg
m__marko__son3__4markok,images/m__marko__son3__4markok.png,test,https://www.wga.hu/html/m/marko/son3/4markok.html,"MARKÓ, Károly the Younger",Forest Scene at Ailo in Corsica,1874.5,19,Hungarian,landscape,Huile,400.0,278.0,1.4388489208633093,0.07333333333333336,data/raw/images/m/marko/son3/4markok.jpg
m__marko__son3__5markok,images/m__marko__son3__5markok.png,test,https://www.wga.hu/html/m/marko/son3/5markok.html,"MARKÓ, Károly the Younger",In the Vicinity of Pisa,1878.0,19,Hungarian,landscape,Huile,400.0,301.0,1.3289036544850499,0.0033222591362125353,data/raw/images/m/marko/son3/5markok.jpg
m__marlow__baynaple,images/m__marlow__baynaple.png,train,https://www.wga.hu/html/m/marlow/baynaple.html,"MARLOW, William",View of the Bay of Naples from Posillipo,1778.0,18,English,landscape,Huile,400.0,251.0,1.593625498007968,0.16333333333333333,data/raw/images/m/marlow/baynaple.jpg
m__marlow__shipabla,images/m__marlow__shipabla.png,train,https://www.wga.hu/html/m/marlow/shipabla.html,"MARLOW, William",A Ship Ablaze at Night in a Town Harbour,,18,English,landscape,Huile,400.0,358.0,1.1173184357541899,0.16201117318435754,data/raw/images/m/marlow/shipabla.jpg
m__marlow__stpeters,images/m__marlow__stpeters.png,train,https://www.wga.hu/html/m/marlow/stpeters.html,"MARLOW, William","View of Saint Peter's, Rome",1783.0,18,English,landscape,Huile,400.0,281.0,1.4234875444839858,0.06333333333333346,data/raw/images/m/marlow/stpeters.jpg
m__marlow__viewrome,images/m__marlow__viewrome.png,train,https://www.wga.hu/html/m/marlow/viewrome.html,"MARLOW, William",A Distant View of Rome from the North,1766.0,18,English,landscape,Huile,400.0,316.0,1.2658227848101267,0.050632911392405,data/raw/images/m/marlow/viewrome.jpg
m__martin_h__harbour,images/m__martin_h__harbour.png,train,https://www.wga.hu/html/m/martin_h/harbour.html,"MARTIN, Henri-Jean-Guillaume",The Harbour of Collioure,,19,French,landscape,Huile,400.0,313.0,1.2779552715654952,0.04153354632587858,data/raw/images/m/martin_h/harbour.jpg
m__martin_j__c_attack,images/m__martin_j__c_attack.png,train,https://www.wga.hu/html/m/martin_j/c_attack.html,"MARTIN, Jean-Baptiste",Cavalry Attack,,17,French,landscape,Huile,400.0,323.0,1.238390092879257,0.07120743034055721,data/raw/images/m/martin_j/c_attack.jpg
m__martin__city_god,images/m__martin__city_god.png,train,https://www.wga.hu/html/m/martin/city_god.html,"MARTIN, John",The City of God and the Waters of Life,1850.5,19,English,landscape,Huile,400.0,276.0,1.4492753623188406,0.08000000000000007,data/raw/images/m/martin/city_god.jpg
m__martin__deluge,images/m__martin__deluge.png,train,https://www.wga.hu/html/m/martin/deluge.html,"MARTIN, John",The Eve of the Deluge,1840.0,19,English,landscape,Huile,400.0,259.0,1.5444015444015444,0.13666666666666671,data/raw/images/m/martin/deluge.jpg
m__martin__wrath,images/m__martin__wrath.png,train,https://www.wga.hu/html/m/martin/wrath.html,"MARTIN, John",Great Day of His Wrath,1852.0,19,English,landscape,Huile,400.0,255.0,1.5686274509803921,0.15000000000000002,data/raw/images/m/martin/wrath.jpg
m__martin_p__viewmarl,images/m__martin_p__viewmarl.png,test,https://www.wga.hu/html/m/martin_p/viewmarl.html,"MARTIN, Pierre-Denis",View of the Château of Marly,1725.0,17,French,landscape,Huile,400.0,339.0,1.1799410029498525,0.11504424778761058,data/raw/images/m/martin_p/viewmarl.jpg
m__martin_p__viewvers,images/m__martin_p__viewvers.png,train,https://www.wga.hu/html/m/martin_p/viewvers.html,"MARTIN, Pierre-Denis",View of Versailles,1722.0,17,French,landscape,Huile,400.0,351.0,1.1396011396011396,0.14529914529914523,data/raw/images/m/martin_p/viewvers.jpg
m__mastelle__landscap,images/m__mastelle__landscap.png,train,https://www.wga.hu/html/m/mastelle/landscap.html,MASTELLETTA,Landscape with the Good Samaritan,,17,Italian,landscape,Huile,400.0,311.0,1.2861736334405145,0.03536977491961413,data/raw/images/m/mastelle/landscap.jpg
m__maufra__brehat,images/m__maufra__brehat.png,train,https://www.wga.hu/html/m/maufra/brehat.html,"MAUFRA, Maxime",Ile de Bréhat,1892.0,19,French,landscape,Huile,400.0,321.0,1.2461059190031152,0.06542056074766356,data/raw/images/m/maufra/brehat.jpg
m__maureau__banksein,images/m__maureau__banksein.png,train,https://www.wga.hu/html/m/maureau/banksein.html,"MAUREAU, Alphonse",Banks of the Seine,1877.0,19,French,landscape,Huile,400.0,225.0,1.7777777777777777,0.25,data/raw/images/m/maureau/banksein.jpg
m__mauve__morning,images/m__mauve__morning.png,train,https://www.wga.hu/html/m/mauve/morning.html,"MAUVE, Anton",Morning Ride on the Beach,1876.0,19,Dutch,landscape,Huile,400.0,251.0,1.593625498007968,0.16333333333333333,data/raw/images/m/mauve/morning.jpg
m__mcculloc__kilchurn,images/m__mcculloc__kilchurn.png,train,https://www.wga.hu/html/m/mcculloc/kilchurn.html,"MCCULLOCH, Horatio","Kilchurn Castle, Loch Awe",1854.0,19,Scottish,landscape,Huile,400.0,243.0,1.646090534979424,0.19000000000000006,data/raw/images/m/mcculloc/kilchurn.jpg
m__meckel__bedouins,images/m__meckel__bedouins.png,train,https://www.wga.hu/html/m/meckel/bedouins.html,"MECKEL, Adolf von",Bedouins in the Desert,1891.0,19,German,landscape,Huile,400.0,266.0,1.5037593984962405,0.11333333333333329,data/raw/images/m/meckel/bedouins.jpg
m__meckel__gasworks,images/m__meckel__gasworks.png,train,https://www.wga.hu/html/m/meckel/gasworks.html,"MECKEL, Adolf von",British Gas Works on the River Spree,,19,German,landscape,Huile,400.0,280.0,1.4285714285714286,0.06666666666666676,data/raw/images/m/meckel/gasworks.jpg
m__meckel__sinai,images/m__meckel__sinai.png,train,https://www.wga.hu/html/m/meckel/sinai.html,"MECKEL, Adolf von","Saint Catherine's Monastery, Sinai",1892.0,19,German,landscape,Huile,400.0,268.0,1.492537313432836,0.1066666666666668,data/raw/images/m/meckel/sinai.jpg
m__mednyans__01mednya,images/m__mednyans__01mednya.png,train,https://www.wga.hu/html/m/mednyans/01mednya.html,"MEDNYÁNSZKY, László",Marshland,1880.0,19,Hungarian,landscape,Huile,400.0,259.0,1.5444015444015444,0.13666666666666671,data/raw/images/m/mednyans/01mednya.jpg
m__mednyans__05mednya,images/m__mednyans__05mednya.png,train,https://www.wga.hu/html/m/mednyans/05mednya.html,"MEDNYÁNSZKY, László",Mountain Landscape with Lake,,19,Hungarian,landscape,Huile,400.0,316.0,1.2658227848101267,0.050632911392405,data/raw/images/m/mednyans/05mednya.jpg
m__mednyans__06mednya,images/m__mednyans__06mednya.png,train,https://www.wga.hu/html/m/mednyans/06mednya.html,"MEDNYÁNSZKY, László",Under the Cross,1892.0,19,Hungarian,landscape,Huile,400.0,268.0,1.492537313432836,0.1066666666666668,data/raw/images/m/mednyans/06mednya.jpg
m__meifren__themarne,images/m__meifren__themarne.png,train,https://www.wga.hu/html/m/meifren/themarne.html,"MEIFRÉN Y ROIG, Eliseo",The Marne,,19,Catalan,landscape,Huile,400.0,295.0,1.3559322033898304,0.01666666666666672,data/raw/images/m/meifren/themarne.jpg
m__melbye__calmwate,images/m__melbye__calmwate.png,train,https://www.wga.hu/html/m/melbye/calmwate.html,"MELBYE, Anton",Ships in Calm Water on the Bosphorus,1863.0,19,Danish,landscape,Huile,400.0,292.0,1.36986301369863,0.026666666666666616,data/raw/images/m/melbye/calmwate.jpg
m__melbye__seanight,images/m__melbye__seanight.png,train,https://www.wga.hu/html/m/melbye/seanight.html,"MELBYE, Anton",Sea at Night,1865.0,19,Danish,landscape,Huile,400.0,272.0,1.4705882352941178,0.09333333333333349,data/raw/images/m/melbye/seanight.jpg
m__melbye__seascape,images/m__melbye__seascape.png,train,https://www.wga.hu/html/m/melbye/seascape.html,"MELBYE, Anton",Seascape,1843.0,19,Danish,landscape,Huile,400.0,301.0,1.3289036544850499,0.0033222591362125353,data/raw/images/m/melbye/seascape.jpg
m__menzel__02menzel,images/m__menzel__02menzel.png,train,https://www.wga.hu/html/m/menzel/02menzel.html,"MENZEL, Adolph von",Storm on Tempelhof Mountain,1846.0,19,German,landscape,Huile,400.0,261.0,1.5325670498084292,0.13000000000000012,data/raw/images/m/menzel/02menzel.jpg
m__menzel__04menzel,images/m__menzel__04menzel.png,train,https://www.wga.hu/html/m/menzel/04menzel.html,"MENZEL, Adolph von",Rear of House and Backyard,1846.0,19,German,landscape,Huile,400.0,302.0,1.3245033112582782,0.0066225165562913135,data/raw/images/m/menzel/04menzel.jpg
m__menzel__05menzel,images/m__menzel__05menzel.png,train,https://www.wga.hu/html/m/menzel/05menzel.html,"MENZEL, Adolph von",The Berlin-Potsdam Railway,1847.0,19,German,landscape,Huile,400.0,323.0,1.238390092879257,0.07120743034055721,data/raw/images/m/menzel/05menzel.jpg
m__menzel__13menzel,images/m__menzel__13menzel.png,train,https://www.wga.hu/html/m/menzel/13menzel.html,"MENZEL, Adolph von",Afternoon at the Tuileries Garden,,19,German,landscape,Huile,400.0,276.0,1.4492753623188406,0.08000000000000007,data/raw/images/m/menzel/13menzel.jpg
m__meszoly__5meszoly,images/m__meszoly__5meszoly.png,train,https://www.wga.hu/html/m/meszoly/5meszoly.html,"MÉSZÖLY, Géza",Fishermen's Hut at the Lake Balaton,1877.0,19,Hungarian,landscape,Huile,400.0,241.0,1.6597510373443984,0.19666666666666677,data/raw/images/m/meszoly/5meszoly.jpg
m__meszoly__6meszoly,images/m__meszoly__6meszoly.png,train,https://www.wga.hu/html/m/meszoly/6meszoly.html,"MÉSZÖLY, Géza",Landscape with Sleeping Boy,1872.5,19,Hungarian,landscape,Huile,400.0,281.0,1.4234875444839858,0.06333333333333346,data/raw/images/m/meszoly/6meszoly.jpg
m__meszoly__8meszoly,images/m__meszoly__8meszoly.png,train,https://www.wga.hu/html/m/meszoly/8meszoly.html,"MÉSZÖLY, Géza",Fishermen's Hut at the Lake Balaton,1883.0,19,Hungarian,landscape,Huile,400.0,320.0,1.25,0.0625,data/raw/images/m/meszoly/8meszoly.jpg
m__meszoly__9meszoly,images/m__meszoly__9meszoly.png,train,https://www.wga.hu/html/m/meszoly/9meszoly.html,"MÉSZÖLY, Géza",In Front of a Peasant House,1885.0,19,Hungarian,landscape,Huile,400.0,265.0,1.509433962264151,0.11666666666666681,data/raw/images/m/meszoly/9meszoly.jpg
m__metcalf__giverny,images/m__metcalf__giverny.png,train,https://www.wga.hu/html/m/metcalf/giverny.html,"METCALF, Willard Leroy","L'Epte, Giverny",1887.0,19,American,landscape,Huile,400.0,310.0,1.2903225806451613,0.032258064516129004,data/raw/images/m/metcalf/giverny.jpg
m__metcalf__harbour,images/m__metcalf__harbour.png,train,https://www.wga.hu/html/m/metcalf/harbour.html,"METCALF, Willard Leroy",Gloucester Harbour,1895.0,19,American,landscape,Huile,400.0,354.0,1.1299435028248588,0.15254237288135586,data/raw/images/m/metcalf/harbour.jpg
m__meulen__chateau,images/m__meulen__chateau.png,test,https://www.wga.hu/html/m/meulen/chateau.html,"MEULEN, Adam Frans van der",The New Château at Saint-Germain-en-Laye,,17,Flemish,landscape,Huile,400.0,319.0,1.2539184952978057,0.059561128526645635,data/raw/images/m/meulen/chateau.jpg
m__meulener__river_la,images/m__meulener__river_la.png,test,https://www.wga.hu/html/m/meulener/river_la.html,"MEULENER, Pieter",River Landscape,1651.0,17,Flemish,landscape,Huile,400.0,297.0,1.3468013468013469,0.01000000000000012,data/raw/images/m/meulener/river_la.jpg
m__michallo__frascati,images/m__michallo__frascati.png,train,https://www.wga.hu/html/m/michallo/frascati.html,"MICHALLON, Achille-Etna",Landscape Inspired by the View of Frascati,1822.0,19,French,landscape,Huile,400.0,287.0,1.3937282229965158,0.043333333333333446,data/raw/images/m/michallo/frascati.jpg
m__michallo__pastoral,images/m__michallo__pastoral.png,train,https://www.wga.hu/html/m/michallo/pastoral.html,"MICHALLON, Achille-Etna",Pastoral Landscape with two Travellers,1813.0,19,French,landscape,Huile,400.0,322.0,1.2422360248447204,0.06832298136645965,data/raw/images/m/michallo/pastoral.jpg
m__michallo__shepherd,images/m__michallo__shepherd.png,train,https://www.wga.hu/html/m/michallo/shepherd.html,"MICHALLON, Achille-Etna",Roman Shepherds Contemplating the Ruins of a Tomb,1816.0,19,French,landscape,Huile,400.0,316.0,1.2658227848101267,0.050632911392405,data/raw/images/m/michallo/shepherd.jpg
m__michau__1enterin,images/m__michau__1enterin.png,train,https://www.wga.hu/html/m/michau/1enterin.html,"MICHAU, Théobald",Travellers Unpacking Their Carts and Entering a Village,,18,Flemish,landscape,Huile,400.0,290.0,1.3793103448275863,0.03333333333333344,data/raw/images/m/michau/1enterin.jpg
m__michau__2departi,images/m__michau__2departi.png,train,https://www.wga.hu/html/m/michau/2departi.html,"MICHAU, Théobald",Travellers and Their Herds Departing from a Village,,18,Flemish,landscape,Huile,400.0,293.0,1.3651877133105803,0.023333333333333428,data/raw/images/m/michau/2departi.jpg
m__michau__watering,images/m__michau__watering.png,train,https://www.wga.hu/html/m/michau/watering.html,"MICHAU, Théobald",Landscape with Drovers Watering Cattle,,18,Flemish,landscape,Huile,400.0,255.0,1.5686274509803921,0.15000000000000002,data/raw/images/m/michau/watering.jpg
m__michel__land_fig,images/m__michel__land_fig.png,train,https://www.wga.hu/html/m/michel/land_fig.html,"MICHEL, Georges",Landscape with Figures,1830.0,19,French,landscape,Huile,400.0,290.0,1.3793103448275863,0.03333333333333344,data/raw/images/m/michel/land_fig.jpg
m__michel__mil-land,images/m__michel__mil-land.png,train,https://www.wga.hu/html/m/michel/mil-land.html,"MICHEL, Georges",Mill in a Landscape,,19,French,landscape,Huile,400.0,285.0,1.4035087719298245,0.050000000000000044,data/raw/images/m/michel/mil-land.jpg
m__michel__montmart,images/m__michel__montmart.png,test,https://www.wga.hu/html/m/michel/montmart.html,"MICHEL, Georges",Mills at Montmartre,,19,French,landscape,Huile,400.0,272.0,1.4705882352941178,0.09333333333333349,data/raw/images/m/michel/montmart.jpg
m__migliara__imagina1,images/m__migliara__imagina1.png,train,https://www.wga.hu/html/m/migliara/imagina1.html,"MIGLIARA, Giovanni",Imaginary View of a Venetian Square,,19,Italian,landscape,Huile,400.0,306.0,1.3071895424836601,0.019607843137254832,data/raw/images/m/migliara/imagina1.jpg
m__migliara__imagina2,images/m__migliara__imagina2.png,train,https://www.wga.hu/html/m/migliara/imagina2.html,"MIGLIARA, Giovanni","Imaginary View with the San Lorenzo Columns, Milan",,19,Italian,landscape,Huile,400.0,309.0,1.2944983818770226,0.029126213592232997,data/raw/images/m/migliara/imagina2.jpg
m__migliara__ven_view,images/m__migliara__ven_view.png,test,https://www.wga.hu/html/m/migliara/ven_view.html,"MIGLIARA, Giovanni",Venetian View,,19,Italian,landscape,Huile,400.0,320.0,1.25,0.0625,data/raw/images/m/migliara/ven_view.jpg
m__millet_f__i_landsc,images/m__millet_f__i_landsc.png,train,https://www.wga.hu/html/m/millet_f/i_landsc.html,"MILLET, Francisque",Imaginary Landscape,1664.5,17,French,landscape,Huile,400.0,344.0,1.1627906976744187,0.12790697674418594,data/raw/images/m/millet_f/i_landsc.jpg
m__millet_f__landscap,images/m__millet_f__landscap.png,train,https://www.wga.hu/html/m/millet_f/landscap.html,"MILLET, Francisque",Landscape with Christ and His Disciples,,17,French,landscape,Huile,400.0,298.0,1.342281879194631,0.006666666666666821,data/raw/images/m/millet_f/landscap.jpg
m__millet__04spring,images/m__millet__04spring.png,train,https://www.wga.hu/html/m/millet/04spring.html,"MILLET, Jean-François",Spring,1870.5,19,French,landscape,Huile,400.0,311.0,1.2861736334405145,0.03536977491961413,data/raw/images/m/millet/04spring.jpg
m__millet__05summer,images/m__millet__05summer.png,train,https://www.wga.hu/html/m/millet/05summer.html,"MILLET, Jean-François",Buckwheat Harvest: Summer,1871.0,19,French,landscape,Huile,400.0,306.0,1.3071895424836601,0.019607843137254832,data/raw/images/m/millet/05summer.jpg
m__millet__06autumn,images/m__millet__06autumn.png,train,https://www.wga.hu/html/m/millet/06autumn.html,"MILLET, Jean-François",Haystacks: Autumn,1874.0,19,French,landscape,Huile,400.0,311.0,1.2861736334405145,0.03536977491961413,data/raw/images/m/millet/06autumn.jpg
m__millet__06winter,images/m__millet__06winter.png,train,https://www.wga.hu/html/m/millet/06winter.html,"MILLET, Jean-François",Winter - The Faggot Gatherers,1871.5,19,French,landscape,Huile,400.0,328.0,1.2195121951219512,0.08536585365853655,data/raw/images/m/millet/06winter.jpg
m__minderho__extensiv,images/m__minderho__extensiv.png,train,https://www.wga.hu/html/m/minderho/extensiv.html,"MINDERHOUT, Hendrik van",Extensive View of a City,1652.5,17,Flemish,landscape,Huile,400.0,300.0,1.3333333333333333,0.0,data/raw/images/m/minderho/extensiv.jpg
m__minderho__handelsk,images/m__minderho__handelsk.png,train,https://www.wga.hu/html/m/minderho/handelsk.html,"MINDERHOUT, Hendrik van",The Handelskom at Bruges,1665.0,17,Flemish,landscape,Huile,400.0,267.0,1.4981273408239701,0.1100000000000001,data/raw/images/m/minderho/handelsk.jpg
m__minderho__harbour,images/m__minderho__harbour.png,train,https://www.wga.hu/html/m/minderho/harbour.html,"MINDERHOUT, Hendrik van",A Mediterranean Harbour Scene,1674.5,17,Flemish,landscape,Huile,400.0,281.0,1.4234875444839858,0.06333333333333346,data/raw/images/m/minderho/harbour.jpg
m__minderho__levantin,images/m__minderho__levantin.png,train,https://www.wga.hu/html/m/minderho/levantin.html,"MINDERHOUT, Hendrik van",A Levantine Harbour,1681.0,17,Flemish,landscape,Huile,400.0,270.0,1.4814814814814814,0.09999999999999998,data/raw/images/m/minderho/levantin.jpg
m__minderho__rhenish,images/m__minderho__rhenish.png,test,https://www.wga.hu/html/m/minderho/rhenish.html,"MINDERHOUT, Hendrik van",Extensive Rhenish Landscape,1653.0,17,Flemish,landscape,Huile,400.0,303.0,1.3201320132013201,0.00990099009900991,data/raw/images/m/minderho/rhenish.jpg
m__mir__moguda,images/m__mir__moguda.png,train,https://www.wga.hu/html/m/mir/moguda.html,"MIR TRINXET, Joaquím",The Waters of the Moguda,1917.0,19,Catalan,landscape,Huile,400.0,364.0,1.098901098901099,0.17582417582417575,data/raw/images/m/mir/moguda.jpg
m__mirou__extensiv,images/m__mirou__extensiv.png,train,https://www.wga.hu/html/m/mirou/extensiv.html,"MIROU, Anton",Landscape with the Rest on the Flight into Egypt,,17,Flemish,landscape,Huile,400.0,281.0,1.4234875444839858,0.06333333333333346,data/raw/images/m/mirou/extensiv.jpg
m__mirou__river_la,images/m__mirou__river_la.png,train,https://www.wga.hu/html/m/mirou/river_la.html,"MIROU, Anton",River Landscape,1614.5,17,Flemish,landscape,Huile,400.0,290.0,1.3793103448275863,0.03333333333333344,data/raw/images/m/mirou/river_la.jpg
m__mirou__riverlan,images/m__mirou__riverlan.png,train,https://www.wga.hu/html/m/mirou/riverlan.html,"MIROU, Anton",Wooded River Landscape,,17,Flemish,landscape,Huile,400.0,325.0,1.2307692307692308,0.07692307692307687,data/raw/images/m/mirou/riverlan.jpg
m__moja__sanmarco,images/m__moja__sanmarco.png,train,https://www.wga.hu/html/m/moja/sanmarco.html,"MOJA, Federico","View of Piazza San Marco, Venice, with the Acqua Alta",1853.0,19,Italian,landscape,Huile,400.0,304.0,1.3157894736842106,0.013157894736842035,data/raw/images/m/moja/sanmarco.jpg
m__molenaer__jan__winterla,images/m__molenaer__jan__winterla.png,train,https://www.wga.hu/html/m/molenaer/jan/winterla.html,"MOLENAER, Jan Miense",Winter Landscape with a Windmill,1654.5,17,Dutch,landscape,Huile,400.0,301.0,1.3289036544850499,0.0033222591362125353,data/raw/images/m/molenaer/jan/winterla.jpg
m__molenaer__klaes__beach,images/m__molenaer__klaes__beach.png,train,https://www.wga.hu/html/m/molenaer/klaes/beach.html,"MOLENAER, Klaes",Beach at Scheveningen,,17,Dutch,landscape,Huile,400.0,294.0,1.3605442176870748,0.020000000000000018,data/raw/images/m/molenaer/klaes/beach.jpg
m__molenaer__klaes__winter_l,images/m__molenaer__klaes__winter_l.png,train,https://www.wga.hu/html/m/molenaer/klaes/winter_l.html,"MOLENAER, Klaes",Winter Landscape,1664.5,17,Dutch,landscape,Huile,400.0,273.0,1.465201465201465,0.08999999999999997,data/raw/images/m/molenaer/klaes/winter_l.jpg
m__molenaer__klaes__winter_s,images/m__molenaer__klaes__winter_s.png,train,https://www.wga.hu/html/m/molenaer/klaes/winter_s.html,"MOLENAER, Klaes",Winter Landscape with Skaters,,17,Dutch,landscape,Huile,400.0,318.0,1.2578616352201257,0.05660377358490565,data/raw/images/m/molenaer/klaes/winter_s.jpg
m__molenaer__klaes__winterl1,images/m__molenaer__klaes__winterl1.png,train,https://www.wga.hu/html/m/molenaer/klaes/winterl1.html,"MOLENAER, Klaes",Winter Landscape,,17,Dutch,landscape,Huile,400.0,269.0,1.486988847583643,0.10333333333333328,data/raw/images/m/molenaer/klaes/winterl1.jpg
m__molenaer__klaes__winterl2,images/m__molenaer__klaes__winterl2.png,train,https://www.wga.hu/html/m/molenaer/klaes/winterl2.html,"MOLENAER, Klaes",Winter Landscape,,17,Dutch,landscape,Huile,400.0,300.0,1.3333333333333333,0.0,data/raw/images/m/molenaer/klaes/winterl2.jpg
m__molenaer__klaes__winterl3,images/m__molenaer__klaes__winterl3.png,train,https://www.wga.hu/html/m/molenaer/klaes/winterl3.html,"MOLENAER, Klaes",Winter Landscape,,17,Dutch,landscape,Huile,400.0,320.0,1.25,0.0625,data/raw/images/m/molenaer/klaes/winterl3.jpg
m__molenaer__klaes__winterla,images/m__molenaer__klaes__winterla.png,train,https://www.wga.hu/html/m/molenaer/klaes/winterla.html,"MOLENAER, Klaes",Winter Landscape,,17,Dutch,landscape,Huile,400.0,327.0,1.2232415902140672,0.0825688073394496,data/raw/images/m/molenaer/klaes/winterla.jpg
m__molyn__duneland,images/m__molyn__duneland.png,train,https://www.wga.hu/html/m/molyn/duneland.html,"MOLYN, Pieter de",Dune Landscape with Resting Figures,,17,Dutch,landscape,Huile,400.0,280.0,1.4285714285714286,0.06666666666666676,data/raw/images/m/molyn/duneland.jpg
m__molyn__dunes,images/m__molyn__dunes.png,train,https://www.wga.hu/html/m/molyn/dunes.html,"MOLYN, Pieter de",Dunes,1626.0,17,Dutch,landscape,Huile,400.0,279.0,1.4336917562724014,0.07000000000000006,data/raw/images/m/molyn/dunes.jpg
m__molyn__extensiv,images/m__molyn__extensiv.png,train,https://www.wga.hu/html/m/molyn/extensiv.html,"MOLYN, Pieter de",An Extensive Dune Landscape,1636.0,17,Dutch,landscape,Huile,400.0,256.0,1.5625,0.14666666666666672,data/raw/images/m/molyn/extensiv.jpg
m__molyn__hillylan,images/m__molyn__hillylan.png,test,https://www.wga.hu/html/m/molyn/hillylan.html,"MOLYN, Pieter de",Hilly Landscape,1654.5,17,Dutch,landscape,Huile,400.0,257.0,1.556420233463035,0.14333333333333342,data/raw/images/m/molyn/hillylan.jpg
m__molyn__landcott,images/m__molyn__landcott.png,train,https://www.wga.hu/html/m/molyn/landcott.html,"MOLYN, Pieter de",Landscape with a Cottage,1629.0,17,Dutch,landscape,Huile,400.0,266.0,1.5037593984962405,0.11333333333333329,data/raw/images/m/molyn/landcott.jpg
m__molyn__landdune,images/m__molyn__landdune.png,train,https://www.wga.hu/html/m/molyn/landdune.html,"MOLYN, Pieter de",Dune Landscape,1634.5,17,Dutch,landscape,Huile,400.0,273.0,1.465201465201465,0.08999999999999997,data/raw/images/m/molyn/landdune.jpg
m__molyn__landscap,images/m__molyn__landscap.png,train,https://www.wga.hu/html/m/molyn/landscap.html,"MOLYN, Pieter de",Landscape with Conversing Peasants,,17,Dutch,landscape,Huile,400.0,369.0,1.084010840108401,0.1869918699186992,data/raw/images/m/molyn/landscap.jpg
m__molyn__panorami,images/m__molyn__panorami.png,train,https://www.wga.hu/html/m/molyn/panorami.html,"MOLYN, Pieter de",Panoramic Hilly Landscape,1654.0,17,Dutch,landscape,Huile,400.0,314.0,1.2738853503184713,0.04458598726114649,data/raw/images/m/molyn/panorami.jpg
m__mommers__milkmaid,images/m__mommers__milkmaid.png,train,https://www.wga.hu/html/m/mommers/milkmaid.html,"MOMMERS, Hendrick",Landscape with a Milkmaid,,17,Dutch,landscape,Huile,400.0,297.0,1.3468013468013469,0.01000000000000012,data/raw/images/m/mommers/milkmaid.jpg
m__momper__frans__winter_l,images/m__momper__frans__winter_l.png,train,https://www.wga.hu/html/m/momper/frans/winter_l.html,"MOMPER, Frans de",Winter Landscape,1634.5,17,Flemish,landscape,Huile,400.0,337.0,1.1869436201780414,0.10979228486646886,data/raw/images/m/momper/frans/winter_l.jpg
m__momper__frans__winterla,images/m__momper__frans__winterla.png,train,https://www.wga.hu/html/m/momper/frans/winterla.html,"MOMPER, Frans de",Winter Landscape,,17,Flemish,landscape,Huile,400.0,305.0,1.3114754098360655,0.016393442622950838,data/raw/images/m/momper/frans/winterla.jpg
m__momper__jan__harvest,images/m__momper__jan__harvest.png,train,https://www.wga.hu/html/m/momper/jan/harvest.html,"MOMPER, Jan de",Grape Harvest,1664.5,17,Flemish,landscape,Huile,400.0,280.0,1.4285714285714286,0.06666666666666676,data/raw/images/m/momper/jan/harvest.jpg
m__momper__josse2__extensiv,images/m__momper__josse2__extensiv.png,train,https://www.wga.hu/html/m/momper/josse2/extensiv.html,"MOMPER, Joos de",Extensive Mountainous Landscape,,17,Flemish,landscape,Huile,400.0,271.0,1.4760147601476015,0.09666666666666668,data/raw/images/m/momper/josse2/extensiv.jpg
m__momper__josse2__landcast,images/m__momper__josse2__landcast.png,train,https://www.wga.hu/html/m/momper/josse2/landcast.html,"MOMPER, Joos de",Mountain Landscape with Castle,1605.0,17,Flemish,landscape,Huile,400.0,237.0,1.6877637130801688,0.21000000000000008,data/raw/images/m/momper/josse2/landcast.jpg
m__momper__josse2__landgrot,images/m__momper__josse2__landgrot.png,train,https://www.wga.hu/html/m/momper/josse2/landgrot.html,"MOMPER, Joos de",Landscape with Grotto,1600.0,17,Flemish,landscape,Huile,400.0,253.0,1.5810276679841897,0.15666666666666673,data/raw/images/m/momper/josse2/landgrot.jpg
m__momper__josse2__landpass,images/m__momper__josse2__landpass.png,train,https://www.wga.hu/html/m/momper/josse2/landpass.html,"MOMPER, Joos de",Landscape with a Mountain Pass,1605.0,17,Flemish,landscape,Huile,400.0,267.0,1.4981273408239701,0.1100000000000001,data/raw/images/m/momper/josse2/landpass.jpg
m__momper__josse2__landsca1,images/m__momper__josse2__landsca1.png,train,https://www.wga.hu/html/m/momper/josse2/landsca1.html,"MOMPER, Joos de",Winter Landscape,1620.0,17,Flemish,landscape,Huile,400.0,246.0,1.6260162601626016,0.18000000000000005,data/raw/images/m/momper/josse2/landsca1.jpg
m__momper__josse2__landsca2,images/m__momper__josse2__landsca2.png,train,https://www.wga.hu/html/m/momper/josse2/landsca2.html,"MOMPER, Joos de",Summer Landscape,,17,Flemish,landscape,Huile,400.0,312.0,1.2820512820512822,0.038461538461538325,data/raw/images/m/momper/josse2/landsca2.jpg
m__momper__josse2__landscap,images/m__momper__josse2__landscap.png,train,https://www.wga.hu/html/m/momper/josse2/landscap.html,"MOMPER, Joos de",Landscape,,17,Flemish,landscape,Huile,400.0,266.0,1.5037593984962405,0.11333333333333329,data/raw/images/m/momper/josse2/landscap.jpg
m__momper__josse2__largemou,images/m__momper__josse2__largemou.png,train,https://www.wga.hu/html/m/momper/josse2/largemou.html,"MOMPER, Joos de",Large Mountain Landscape,1620.0,17,Flemish,landscape,Huile,400.0,262.0,1.5267175572519085,0.12666666666666682,data/raw/images/m/momper/josse2/largemou.jpg
m__momper__josse2__market,images/m__momper__josse2__market.png,train,https://www.wga.hu/html/m/momper/josse2/market.html,"MOMPER, Joos de",Flemish Market and Washing Place,,17,Flemish,landscape,Huile,400.0,345.0,1.1594202898550725,0.13043478260869557,data/raw/images/m/momper/josse2/market.jpg
m__momper__josse2__monksher,images/m__momper__josse2__monksher.png,train,https://www.wga.hu/html/m/momper/josse2/monksher.html,"MOMPER, Joos de",Monk's Hermitage in a Cave,1604.5,17,Flemish,landscape,Huile,400.0,243.0,1.646090534979424,0.19000000000000006,data/raw/images/m/momper/josse2/monksher.jpg
m__momper__josse2__mount_br,images/m__momper__josse2__mount_br.png,train,https://www.wga.hu/html/m/momper/josse2/mount_br.html,"MOMPER, Joos de",Mountainous Landscape with a Bridge across a River,1605.0,17,Flemish,landscape,Huile,400.0,258.0,1.550387596899225,0.14000000000000012,data/raw/images/m/momper/josse2/mount_br.jpg
m__momper__josse2__mount_do,images/m__momper__josse2__mount_do.png,train,https://www.wga.hu/html/m/momper/josse2/mount_do.html,"MOMPER, Joos de",Mountainous Landscape with Figures and a Donkey,1632.0,17,Flemish,landscape,Huile,400.0,247.0,1.6194331983805668,0.17666666666666664,data/raw/images/m/momper/josse2/mount_do.jpg
m__momper__josse2__mountai,images/m__momper__josse2__mountai.png,train,https://www.wga.hu/html/m/momper/josse2/mountai.html,"MOMPER, Joos de",Mountainous Landscape,1587.5,17,Flemish,landscape,Huile,400.0,264.0,1.5151515151515151,0.12,data/raw/images/m/momper/josse2/mountai.jpg
m__momper__josse2__mountai1,images/m__momper__josse2__mountai1.png,train,https://www.wga.hu/html/m/momper/josse2/mountai1.html,"MOMPER, Joos de",Mountain Landscape,1624.5,17,Flemish,landscape,Huile,400.0,296.0,1.3513513513513513,0.013333333333333308,data/raw/images/m/momper/josse2/mountai1.jpg
m__momper__josse2__mountain,images/m__momper__josse2__mountain.png,train,https://www.wga.hu/html/m/momper/josse2/mountain.html,"MOMPER, Joos de",Mountain Scene with Bridges,1600.0,17,Flemish,landscape,Huile,400.0,295.0,1.3559322033898304,0.01666666666666672,data/raw/images/m/momper/josse2/mountain.jpg
m__momper__josse2__river_la,images/m__momper__josse2__river_la.png,train,https://www.wga.hu/html/m/momper/josse2/river_la.html,"MOMPER, Joos de",River Landscape with Boar Hunt,1600.0,17,Flemish,landscape,Huile,400.0,244.0,1.639344262295082,0.18666666666666676,data/raw/images/m/momper/josse2/river_la.jpg
m__momper__josse2__village,images/m__momper__josse2__village.png,train,https://www.wga.hu/html/m/momper/josse2/village.html,"MOMPER, Joos de",Village at Full Moon,,17,Flemish,landscape,Huile,400.0,250.0,1.6,0.16666666666666674,data/raw/images/m/momper/josse2/village.jpg
m__momper__josse2__winter_l,images/m__momper__josse2__winter_l.png,test,https://www.wga.hu/html/m/momper/josse2/winter_l.html,"MOMPER, Joos de",Winter landscape,1620.0,17,Flemish,landscape,Huile,400.0,226.0,1.7699115044247788,0.2466666666666667,data/raw/images/m/momper/josse2/winter_l.jpg
m__momper__josse2__winter1,images/m__momper__josse2__winter1.png,train,https://www.wga.hu/html/m/momper/josse2/winter1.html,"MOMPER, Joos de",Winter Landscape,1619.0,17,Flemish,landscape,Huile,400.0,242.0,1.6528925619834711,0.19333333333333336,data/raw/images/m/momper/josse2/winter1.jpg
m__momper__josse2__winter2,images/m__momper__josse2__winter2.png,train,https://www.wga.hu/html/m/momper/josse2/winter2.html,"MOMPER, Joos de",Winter Landscape,1620.0,17,Flemish,landscape,Huile,400.0,282.0,1.4184397163120568,0.06000000000000005,data/raw/images/m/momper/josse2/winter2.jpg
m__momper__josse2__winter3,images/m__momper__josse2__winter3.png,train,https://www.wga.hu/html/m/momper/josse2/winter3.html,"MOMPER, Joos de",Winter Landscape,,17,Flemish,landscape,Huile,400.0,340.0,1.1764705882352942,0.11764705882352933,data/raw/images/m/momper/josse2/winter3.jpg
m__momper__josse2__winterla,images/m__momper__josse2__winterla.png,train,https://www.wga.hu/html/m/momper/josse2/winterla.html,"MOMPER, Joos de",Winter Landscape with the Flight into Egypt,,17,Flemish,landscape,Huile,400.0,240.0,1.6666666666666667,0.20000000000000007,data/raw/images/m/momper/josse2/winterla.jpg
m__momper__philips__landscap,images/m__momper__philips__landscap.png,train,https://www.wga.hu/html/m/momper/philips/landscap.html,"MOMPER, Philips de, I",Landscape by a Riverside Town,,17,Flemish,landscape,Huile,400.0,243.0,1.646090534979424,0.19000000000000006,data/raw/images/m/momper/philips/landscap.jpg
m__monet__01__early02,images/m__monet__01__early02.png,train,https://www.wga.hu/html/m/monet/01/early02.html,"MONET, Claude",Farm in Normandy,1863.0,19,French,landscape,Huile,400.0,317.0,1.2618296529968454,0.05362776025236593,data/raw/images/m/monet/01/early02.jpg
m__monet__01__early03,images/m__monet__01__early03.png,train,https://www.wga.hu/html/m/monet/01/early03.html,"MONET, Claude","Rue de la Bavolle, Honfleur",1864.0,19,French,landscape,Huile,400.0,356.0,1.1235955056179776,0.1573033707865168,data/raw/images/m/monet/01/early03.jpg
m__monet__01__early04,images/m__monet__01__early04.png,train,https://www.wga.hu/html/m/monet/01/early04.html,"MONET, Claude",La Pointe de la Hève at Low Tide,1865.0,19,French,landscape,Huile,400.0,235.0,1.702127659574468,0.21666666666666667,data/raw/images/m/monet/01/early04.jpg
m__monet__01__early06,images/m__monet__01__early06.png,train,https://www.wga.hu/html/m/monet/01/early06.html,"MONET, Claude",A Cart on the Snowy Road at Honfleur,1865.0,19,French,landscape,Huile,400.0,270.0,1.4814814814814814,0.09999999999999998,data/raw/images/m/monet/01/early06.jpg
m__monet__01__early15,images/m__monet__01__early15.png,train,https://www.wga.hu/html/m/monet/01/early15.html,"MONET, Claude",Garden at Sainte-Adresse,1867.0,19,French,landscape,Huile,400.0,299.0,1.3377926421404682,0.0033333333333334103,data/raw/images/m/monet/01/early15.jpg
m__monet__01__early16,images/m__monet__01__early16.png,train,https://www.wga.hu/html/m/monet/01/early16.html,"MONET, Claude",Regatta at Sainte-Adresse,1867.0,19,French,landscape,Huile,400.0,291.0,1.3745704467353952,0.030000000000000027,data/raw/images/m/monet/01/early16.jpg
m__monet__01__early17,images/m__monet__01__early17.png,train,https://www.wga.hu/html/m/monet/01/early17.html,"MONET, Claude",Beach at Sainte-Adresse,1867.0,19,French,landscape,Huile,400.0,288.0,1.3888888888888888,0.040000000000000036,data/raw/images/m/monet/01/early17.jpg
m__monet__01__early18,images/m__monet__01__early18.png,train,https://www.wga.hu/html/m/monet/01/early18.html,"MONET, Claude",The Regatta at Sainte-Adresse,1867.0,19,French,landscape,Huile,400.0,289.0,1.3840830449826989,0.036666666666666625,data/raw/images/m/monet/01/early18.jpg
m__monet__01__early21,images/m__monet__01__early21.png,train,https://www.wga.hu/html/m/monet/01/early21.html,"MONET, Claude",Woman in the Garden,1866.0,19,French,landscape,Huile,400.0,333.0,1.2012012012012012,0.09909909909909909,data/raw/images/m/monet/01/early21.jpg
m__monet__01__early22,images/m__monet__01__early22.png,train,https://www.wga.hu/html/m/monet/01/early22.html,"MONET, Claude",The Church of Saint-Germain-l'Auxerrois,1867.0,19,French,landscape,Huile,400.0,324.0,1.2345679012345678,0.07407407407407407,data/raw/images/m/monet/01/early22.jpg
m__monet__01__early24,images/m__monet__01__early24.png,train,https://www.wga.hu/html/m/monet/01/early24.html,"MONET, Claude",Road by Saint-Siméon Farm in Winter,1867.0,19,French,landscape,Huile,400.0,290.0,1.3793103448275863,0.03333333333333344,data/raw/images/m/monet/01/early24.jpg
m__monet__01__early25,images/m__monet__01__early25.png,train,https://www.wga.hu/html/m/monet/01/early25.html,"MONET, Claude","Quai du Louvre, Paris",1867.0,19,French,landscape,Huile,400.0,281.0,1.4234875444839858,0.06333333333333346,data/raw/images/m/monet/01/early25.jpg
m__monet__02__1vario04,images/m__monet__02__1vario04.png,test,https://www.wga.hu/html/m/monet/02/1vario04.html,"MONET, Claude","On the Bank of the Seine, Bennecourt",1868.0,19,French,landscape,Huile,400.0,320.0,1.25,0.0625,data/raw/images/m/monet/02/1vario04.jpg
m__monet__02__1vario05,images/m__monet__02__1vario05.png,train,https://www.wga.hu/html/m/monet/02/1vario05.html,"MONET, Claude",La Grenouillère,1869.0,19,French,landscape,Huile,400.0,284.0,1.408450704225352,0.053333333333333344,data/raw/images/m/monet/02/1vario05.jpg
m__monet__02__1vario06,images/m__monet__02__1vario06.png,train,https://www.wga.hu/html/m/monet/02/1vario06.html,"MONET, Claude",La Grenouillère,1869.0,19,French,landscape,Huile,400.0,316.0,1.2658227848101267,0.050632911392405,data/raw/images/m/monet/02/1vario06.jpg
m__monet__02__1vario07,images/m__monet__02__1vario07.png,train,https://www.wga.hu/html/m/monet/02/1vario07.html,"MONET, Claude",The Magpie,1869.0,19,French,landscape,Huile,400.0,270.0,1.4814814814814814,0.09999999999999998,data/raw/images/m/monet/02/1vario07.jpg
m__monet__02__1vario09,images/m__monet__02__1vario09.png,train,https://www.wga.hu/html/m/monet/02/1vario09.html,"MONET, Claude",The Boats,1869.0,19,French,landscape,Huile,400.0,279.0,1.4336917562724014,0.07000000000000006,data/raw/images/m/monet/02/1vario09.jpg
m__monet__02__1vario10,images/m__monet__02__1vario10.png,train,https://www.wga.hu/html/m/monet/02/1vario10.html,"MONET, Claude","Road at Louveciennes, Snow Effect",1869.5,19,French,landscape,Huile,400.0,326.0,1.2269938650306749,0.07975460122699385,data/raw/images/m/monet/02/1vario10.jpg
m__monet__02__1vario11,images/m__monet__02__1vario11.png,train,https://www.wga.hu/html/m/monet/02/1vario11.html,"MONET, Claude","Road to Louveciennes, Melting Snow, Sunset",1869.5,19,French,landscape,Huile,400.0,296.0,1.3513513513513513,0.013333333333333308,data/raw/images/m/monet/02/1vario11.jpg
m__monet__02__2trouvi1,images/m__monet__02__2trouvi1.png,train,https://www.wga.hu/html/m/monet/02/2trouvi1.html,"MONET, Claude","Landing Stage at Trouville, Low Tide",1870.0,19,French,landscape,Huile,400.0,327.0,1.2232415902140672,0.0825688073394496,data/raw/images/m/monet/02/2trouvi1.jpg
m__monet__02__2trouvi3,images/m__monet__02__2trouvi3.png,train,https://www.wga.hu/html/m/monet/02/2trouvi3.html,"MONET, Claude",The Beach at Trouville,1870.0,19,French,landscape,Huile,400.0,322.0,1.2422360248447204,0.06832298136645965,data/raw/images/m/monet/02/2trouvi3.jpg
m__monet__02__3variou2,images/m__monet__02__3variou2.png,train,https://www.wga.hu/html/m/monet/02/3variou2.html,"MONET, Claude",The Bridge at Bougival,1870.0,19,French,landscape,Huile,400.0,287.0,1.3937282229965158,0.043333333333333446,data/raw/images/m/monet/02/3variou2.jpg
m__monet__02__3variou4,images/m__monet__02__3variou4.png,train,https://www.wga.hu/html/m/monet/02/3variou4.html,"MONET, Claude",The Thames below Westminster,1871.0,19,French,landscape,Huile,400.0,256.0,1.5625,0.14666666666666672,data/raw/images/m/monet/02/3variou4.jpg
m__monet__02__4zaanda1,images/m__monet__02__4zaanda1.png,test,https://www.wga.hu/html/m/monet/02/4zaanda1.html,"MONET, Claude",Zaandam,1871.0,19,French,landscape,Huile,400.0,255.0,1.5686274509803921,0.15000000000000002,data/raw/images/m/monet/02/4zaanda1.jpg
m__monet__02__4zaanda2,images/m__monet__02__4zaanda2.png,train,https://www.wga.hu/html/m/monet/02/4zaanda2.html,"MONET, Claude",Houses on the Riverbank in Zaandam,1871.0,19,French,landscape,Huile,400.0,253.0,1.5810276679841897,0.15666666666666673,data/raw/images/m/monet/02/4zaanda2.jpg
m__monet__02__4zaanda3,images/m__monet__02__4zaanda3.png,train,https://www.wga.hu/html/m/monet/02/4zaanda3.html,"MONET, Claude",Wiindmill at Zaandam,1871.0,19,French,landscape,Huile,400.0,258.0,1.550387596899225,0.14000000000000012,data/raw/images/m/monet/02/4zaanda3.jpg
m__monet__03__0impress,images/m__monet__03__0impress.png,train,https://www.wga.hu/html/m/monet/03/0impress.html,"MONET, Claude","Impression, Sunrise",1873.0,19,French,landscape,Huile,400.0,343.0,1.1661807580174928,0.12536443148688037,data/raw/images/m/monet/03/0impress.jpg
m__monet__03__argent01,images/m__monet__03__argent01.png,train,https://www.wga.hu/html/m/monet/03/argent01.html,"MONET, Claude",The Seine at Argenteuil,1873.0,19,French,landscape,Huile,400.0,323.0,1.238390092879257,0.07120743034055721,data/raw/images/m/monet/03/argent01.jpg
m__monet__03__argent02,images/m__monet__03__argent02.png,train,https://www.wga.hu/html/m/monet/03/argent02.html,"MONET, Claude",The Plain of Sannois at Argenteuil,1872.0,19,French,landscape,Huile,400.0,297.0,1.3468013468013469,0.01000000000000012,data/raw/images/m/monet/03/argent02.jpg
m__monet__03__argent03,images/m__monet__03__argent03.png,train,https://www.wga.hu/html/m/monet/03/argent03.html,"MONET, Claude",Riverside Path at Argenteuil,1872.0,19,French,landscape,Huile,400.0,299.0,1.3377926421404682,0.0033333333333334103,data/raw/images/m/monet/03/argent03.jpg
m__monet__03__argent04,images/m__monet__03__argent04.png,train,https://www.wga.hu/html/m/monet/03/argent04.html,"MONET, Claude",The Harbour at Argenteuil,1872.0,19,French,landscape,Huile,400.0,294.0,1.3605442176870748,0.020000000000000018,data/raw/images/m/monet/03/argent04.jpg
m__monet__03__argent05,images/m__monet__03__argent05.png,train,https://www.wga.hu/html/m/monet/03/argent05.html,"MONET, Claude",Thaw in Argenteuil,1873.0,19,French,landscape,Huile,400.0,294.0,1.3605442176870748,0.020000000000000018,data/raw/images/m/monet/03/argent05.jpg
m__monet__03__argent051,images/m__monet__03__argent051.png,train,https://www.wga.hu/html/m/monet/03/argent051.html,"MONET, Claude",Fields of Bezons,1873.0,19,French,landscape,Huile,400.0,286.0,1.3986013986013985,0.046666666666666634,data/raw/images/m/monet/03/argent051.jpg
m__monet__03__argent06,images/m__monet__03__argent06.png,train,https://www.wga.hu/html/m/monet/03/argent06.html,"MONET, Claude",Snow at Argenteuil,1874.0,19,French,landscape,Huile,400.0,290.0,1.3793103448275863,0.03333333333333344,data/raw/images/m/monet/03/argent06.jpg
m__monet__03__argent07,images/m__monet__03__argent07.png,train,https://www.wga.hu/html/m/monet/03/argent07.html,"MONET, Claude","View at Argenteuil, Snow",1874.0,19,French,landscape,Huile,400.0,332.0,1.2048192771084338,0.09638554216867457,data/raw/images/m/monet/03/argent07.jpg
m__monet__03__argent08,images/m__monet__03__argent08.png,test,https://www.wga.hu/html/m/monet/03/argent08.html,"MONET, Claude",Monet's Garden at Argenteuil,1873.0,19,French,landscape,Huile,400.0,300.0,1.3333333333333333,0.0,data/raw/images/m/monet/03/argent08.jpg
m__monet__03__argent09,images/m__monet__03__argent09.png,test,https://www.wga.hu/html/m/monet/03/argent09.html,"MONET, Claude",The Luncheon (Monet's Garden at Argenteuil),1873.0,19,French,landscape,Huile,400.0,320.0,1.25,0.0625,data/raw/images/m/monet/03/argent09.jpg
m__monet__03__argent10,images/m__monet__03__argent10.png,train,https://www.wga.hu/html/m/monet/03/argent10.html,"MONET, Claude",The Road Bridge at Argenteuil,1874.0,19,French,landscape,Huile,400.0,291.0,1.3745704467353952,0.030000000000000027,data/raw/images/m/monet/03/argent10.jpg
m__monet__03__argent11,images/m__monet__03__argent11.png,train,https://www.wga.hu/html/m/monet/03/argent11.html,"MONET, Claude",The Bridge at Argenteuil,1874.0,19,French,landscape,Huile,400.0,294.0,1.3605442176870748,0.020000000000000018,data/raw/images/m/monet/03/argent11.jpg
m__monet__03__argent12,images/m__monet__03__argent12.png,train,https://www.wga.hu/html/m/monet/03/argent12.html,"MONET, Claude",The Studio Boat,1874.0,19,French,landscape,Huile,400.0,300.0,1.3333333333333333,0.0,data/raw/images/m/monet/03/argent12.jpg
m__monet__03__argent13,images/m__monet__03__argent13.png,train,https://www.wga.hu/html/m/monet/03/argent13.html,"MONET, Claude",The Bridge at Argenteuil,1874.0,19,French,landscape,Huile,400.0,289.0,1.3840830449826989,0.036666666666666625,data/raw/images/m/monet/03/argent13.jpg
m__monet__03__argent14,images/m__monet__03__argent14.png,train,https://www.wga.hu/html/m/monet/03/argent14.html,"MONET, Claude",Regatta at Argenteuil,1872.0,19,French,landscape,Huile,400.0,253.0,1.5810276679841897,0.15666666666666673,data/raw/images/m/monet/03/argent14.jpg
m__monet__03__argent15,images/m__monet__03__argent15.png,train,https://www.wga.hu/html/m/monet/03/argent15.html,"MONET, Claude",Regatta at Argenteuil,1874.0,19,French,landscape,Huile,400.0,234.0,1.7094017094017093,0.21999999999999997,data/raw/images/m/monet/03/argent15.jpg
m__monet__03__argent16,images/m__monet__03__argent16.png,train,https://www.wga.hu/html/m/monet/03/argent16.html,"MONET, Claude",Argenteuil,1872.0,19,French,landscape,Huile,400.0,303.0,1.3201320132013201,0.00990099009900991,data/raw/images/m/monet/03/argent16.jpg
m__monet__03__argent17,images/m__monet__03__argent17.png,train,https://www.wga.hu/html/m/monet/03/argent17.html,"MONET, Claude",The Railway Bridge at Argenteuil,1874.0,19,French,landscape,Huile,400.0,295.0,1.3559322033898304,0.01666666666666672,data/raw/images/m/monet/03/argent17.jpg
m__monet__03__other4,images/m__monet__03__other4.png,train,https://www.wga.hu/html/m/monet/03/other4.html,"MONET, Claude",The Boulevard des Capucines in Paris,1873.0,19,French,landscape,Huile,400.0,301.0,1.3289036544850499,0.0033222591362125353,data/raw/images/m/monet/03/other4.jpg
m__monet__03__other7,images/m__monet__03__other7.png,train,https://www.wga.hu/html/m/monet/03/other7.html,"MONET, Claude",A Field of Poppies,1873.0,19,French,landscape,Huile,400.0,311.0,1.2861736334405145,0.03536977491961413,data/raw/images/m/monet/03/other7.jpg
m__monet__04__1argen1,images/m__monet__04__1argen1.png,train,https://www.wga.hu/html/m/monet/04/1argen1.html,"MONET, Claude","Boulevard Saint-Denis, Argenteuil, in Winter",1875.0,19,French,landscape,Huile,400.0,292.0,1.36986301369863,0.026666666666666616,data/raw/images/m/monet/04/1argen1.jpg
m__monet__04__1argen2,images/m__monet__04__1argen2.png,train,https://www.wga.hu/html/m/monet/04/1argen2.html,"MONET, Claude",The Boulevard de Pontoise in Argenteuil under Snow,1875.0,19,French,landscape,Huile,400.0,307.0,1.3029315960912051,0.0228013029315961,data/raw/images/m/monet/04/1argen2.jpg
m__monet__04__1argen3,images/m__monet__04__1argen3.png,train,https://www.wga.hu/html/m/monet/04/1argen3.html,"MONET, Claude",Entrance of the Grande Rue at Argenteuil in Winter,1875.0,19,French,landscape,Huile,400.0,362.0,1.1049723756906078,0.1712707182320441,data/raw/images/m/monet/04/1argen3.jpg
m__monet__04__1argen4,images/m__monet__04__1argen4.png,test,https://www.wga.hu/html/m/monet/04/1argen4.html,"MONET, Claude",Train in the Snow at Argenteuil,1875.0,19,French,landscape,Huile,400.0,289.0,1.3840830449826989,0.036666666666666625,data/raw/images/m/monet/04/1argen4.jpg
m__monet__04__1argen6,images/m__monet__04__1argen6.png,train,https://www.wga.hu/html/m/monet/04/1argen6.html,"MONET, Claude",Red Boats at Argenteuil,1875.0,19,French,landscape,Huile,400.0,338.0,1.183431952662722,0.11242603550295849,data/raw/images/m/monet/04/1argen6.jpg
m__monet__04__2montge1,images/m__monet__04__2montge1.png,train,https://www.wga.hu/html/m/monet/04/2montge1.html,"MONET, Claude",A Corner of the Hoschedé Garden at Montgeron,1876.0,19,French,landscape,Huile,400.0,367.0,1.0899182561307903,0.18256130790190728,data/raw/images/m/monet/04/2montge1.jpg
m__monet__04__2montge2,images/m__monet__04__2montge2.png,train,https://www.wga.hu/html/m/monet/04/2montge2.html,"MONET, Claude",The Pond at Montgeron,1876.0,19,French,landscape,Huile,400.0,365.0,1.095890410958904,0.17808219178082196,data/raw/images/m/monet/04/2montge2.jpg
m__monet__04__lazare1,images/m__monet__04__lazare1.png,test,https://www.wga.hu/html/m/monet/04/lazare1.html,"MONET, Claude",Gare Saint-Lazare: the Train from Normandy,1877.0,19,French,landscape,Huile,400.0,293.0,1.3651877133105803,0.023333333333333428,data/raw/images/m/monet/04/lazare1.jpg
m__monet__04__lazare2,images/m__monet__04__lazare2.png,train,https://www.wga.hu/html/m/monet/04/lazare2.html,"MONET, Claude",Gare Saint-Lazare,1877.0,19,French,landscape,Huile,400.0,294.0,1.3605442176870748,0.020000000000000018,data/raw/images/m/monet/04/lazare2.jpg
m__monet__04__lazare3,images/m__monet__04__lazare3.png,train,https://www.wga.hu/html/m/monet/04/lazare3.html,"MONET, Claude",Gare Saint-Lazare,1876.5,19,French,landscape,Huile,400.0,298.0,1.342281879194631,0.006666666666666821,data/raw/images/m/monet/04/lazare3.jpg
m__monet__04__lazare4,images/m__monet__04__lazare4.png,test,https://www.wga.hu/html/m/monet/04/lazare4.html,"MONET, Claude","The Gare Saint-Lazare, Arriving a Train",1877.0,19,French,landscape,Huile,400.0,321.0,1.2461059190031152,0.06542056074766356,data/raw/images/m/monet/04/lazare4.jpg
m__monet__04__lazare5,images/m__monet__04__lazare5.png,test,https://www.wga.hu/html/m/monet/04/lazare5.html,"MONET, Claude","Pont de l'Europe, Gare Saint-Lazare",1877.0,19,French,landscape,Huile,400.0,313.0,1.2779552715654952,0.04153354632587858,data/raw/images/m/monet/04/lazare5.jpg
m__monet__04__paris1,images/m__monet__04__paris1.png,train,https://www.wga.hu/html/m/monet/04/paris1.html,"MONET, Claude",View of the Tuileries Garden,1875.0,19,French,landscape,Huile,400.0,293.0,1.3651877133105803,0.023333333333333428,data/raw/images/m/monet/04/paris1.jpg
m__monet__05__1vethe1,images/m__monet__05__1vethe1.png,train,https://www.wga.hu/html/m/monet/05/1vethe1.html,"MONET, Claude",The Church in Vétheuil in Winter,1879.0,19,French,landscape,Huile,400.0,300.0,1.3333333333333333,0.0,data/raw/images/m/monet/05/1vethe1.jpg
m__monet__05__1vethe2,images/m__monet__05__1vethe2.png,train,https://www.wga.hu/html/m/monet/05/1vethe2.html,"MONET, Claude","Road to Vétheuil, Snow Effect",1879.0,19,French,landscape,Huile,400.0,291.0,1.3745704467353952,0.030000000000000027,data/raw/images/m/monet/05/1vethe2.jpg
m__monet__05__1vethe3,images/m__monet__05__1vethe3.png,test,https://www.wga.hu/html/m/monet/05/1vethe3.html,"MONET, Claude",Road into Vétheuil in Winter,1879.0,19,French,landscape,Huile,400.0,291.0,1.3745704467353952,0.030000000000000027,data/raw/images/m/monet/05/1vethe3.jpg
m__monet__05__1vethe4,images/m__monet__05__1vethe4.png,train,https://www.wga.hu/html/m/monet/05/1vethe4.html,"MONET, Claude",View of Vétheuil in Summer,1880.0,19,French,landscape,Huile,400.0,237.0,1.6877637130801688,0.21000000000000008,data/raw/images/m/monet/05/1vethe4.jpg
m__monet__05__2vario02,images/m__monet__05__2vario02.png,train,https://www.wga.hu/html/m/monet/05/2vario02.html,"MONET, Claude",Plum Trees in Bloom,1879.0,19,French,landscape,Huile,400.0,314.0,1.2738853503184713,0.04458598726114649,data/raw/images/m/monet/05/2vario02.jpg
m__monet__05__2vario08,images/m__monet__05__2vario08.png,train,https://www.wga.hu/html/m/monet/05/2vario08.html,"MONET, Claude",Lavacourt in Winter,1879.0,19,French,landscape,Huile,400.0,300.0,1.3333333333333333,0.0,data/raw/images/m/monet/05/2vario08.jpg
m__monet__05__2vario10,images/m__monet__05__2vario10.png,train,https://www.wga.hu/html/m/monet/05/2vario10.html,"MONET, Claude",Sunset on the Seine in Winter,1880.0,19,French,landscape,Huile,400.0,295.0,1.3559322033898304,0.01666666666666672,data/raw/images/m/monet/05/2vario10.jpg
m__monet__05__2vario12,images/m__monet__05__2vario12.png,test,https://www.wga.hu/html/m/monet/05/2vario12.html,"MONET, Claude",Wheat Field,1881.0,19,French,landscape,Huile,400.0,319.0,1.2539184952978057,0.059561128526645635,data/raw/images/m/monet/05/2vario12.jpg
m__monet__06__1north1,images/m__monet__06__1north1.png,test,https://www.wga.hu/html/m/monet/06/1north1.html,"MONET, Claude",Stormy Sea,1881.0,19,French,landscape,Huile,400.0,323.0,1.238390092879257,0.07120743034055721,data/raw/images/m/monet/06/1north1.jpg
m__monet__06__1north2,images/m__monet__06__1north2.png,train,https://www.wga.hu/html/m/monet/06/1north2.html,"MONET, Claude",Cliffs near Dieppe,1882.0,19,French,landscape,Huile,400.0,321.0,1.2461059190031152,0.06542056074766356,data/raw/images/m/monet/06/1north2.jpg
m__monet__06__2pourvi1,images/m__monet__06__2pourvi1.png,train,https://www.wga.hu/html/m/monet/06/2pourvi1.html,"MONET, Claude",Clifftop Walk at Pourville,1882.0,19,French,landscape,Huile,400.0,313.0,1.2779552715654952,0.04153354632587858,data/raw/images/m/monet/06/2pourvi1.jpg
m__monet__06__2pourvi2,images/m__monet__06__2pourvi2.png,train,https://www.wga.hu/html/m/monet/06/2pourvi2.html,"MONET, Claude",Rocks near Pourville at Ebb Tide,1882.0,19,French,landscape,Huile,400.0,319.0,1.2539184952978057,0.059561128526645635,data/raw/images/m/monet/06/2pourvi2.jpg
m__monet__06__3etreta2,images/m__monet__06__3etreta2.png,train,https://www.wga.hu/html/m/monet/06/3etreta2.html,"MONET, Claude",The Manneporte (Étretat),1883.0,19,French,landscape,Huile,400.0,321.0,1.2461059190031152,0.06542056074766356,data/raw/images/m/monet/06/3etreta2.jpg
m__monet__06__3etreta3,images/m__monet__06__3etreta3.png,train,https://www.wga.hu/html/m/monet/06/3etreta3.html,"MONET, Claude",Rough Sea at Étretat,1883.0,19,French,landscape,Huile,400.0,321.0,1.2461059190031152,0.06542056074766356,data/raw/images/m/monet/06/3etreta3.jpg
m__monet__06__3etreta4,images/m__monet__06__3etreta4.png,train,https://www.wga.hu/html/m/monet/06/3etreta4.html,"MONET, Claude",The Beach at Étretat,1883.0,19,French,landscape,Huile,400.0,309.0,1.2944983818770226,0.029126213592232997,data/raw/images/m/monet/06/3etreta4.jpg
m__monet__06__3etreta5,images/m__monet__06__3etreta5.png,train,https://www.wga.hu/html/m/monet/06/3etreta5.html,"MONET, Claude",Fishing Boats,1884.0,19,French,landscape,Huile,400.0,291.0,1.3745704467353952,0.030000000000000027,data/raw/images/m/monet/06/3etreta5.jpg
m__monet__06__3etreta6,images/m__monet__06__3etreta6.png,test,https://www.wga.hu/html/m/monet/06/3etreta6.html,"MONET, Claude","Étretat, La Manneporte, Reflections on the Sea",1885.0,19,French,landscape,Huile,400.0,322.0,1.2422360248447204,0.06832298136645965,data/raw/images/m/monet/06/3etreta6.jpg
m__monet__06__3etreta7,images/m__monet__06__3etreta7.png,train,https://www.wga.hu/html/m/monet/06/3etreta7.html,"MONET, Claude","Étretat, La Porte d'Aval: Fishing Boats Leaving the Harbour",1885.0,19,French,landscape,Huile,400.0,296.0,1.3513513513513513,0.013333333333333308,data/raw/images/m/monet/06/3etreta7.jpg
m__monet__06__3etreta8,images/m__monet__06__3etreta8.png,train,https://www.wga.hu/html/m/monet/06/3etreta8.html,"MONET, Claude",The Cliffs at Étretat,1885.0,19,French,landscape,Huile,400.0,322.0,1.2422360248447204,0.06832298136645965,data/raw/images/m/monet/06/3etreta8.jpg
m__monet__06__3etreta9,images/m__monet__06__3etreta9.png,train,https://www.wga.hu/html/m/monet/06/3etreta9.html,"MONET, Claude",Boats on the Beach at Étretat,1885.0,19,French,landscape,Huile,400.0,321.0,1.2461059190031152,0.06542056074766356,data/raw/images/m/monet/06/3etreta9.jpg
m__monet__06__4bordig1,images/m__monet__06__4bordig1.png,train,https://www.wga.hu/html/m/monet/06/4bordig1.html,"MONET, Claude",Palm Trees in Bordighera,1884.0,19,French,landscape,Huile,400.0,318.0,1.2578616352201257,0.05660377358490565,data/raw/images/m/monet/06/4bordig1.jpg
m__monet__06__4bordig2,images/m__monet__06__4bordig2.png,train,https://www.wga.hu/html/m/monet/06/4bordig2.html,"MONET, Claude",Villas in Bordighera,1884.0,19,French,landscape,Huile,400.0,315.0,1.2698412698412698,0.04761904761904767,data/raw/images/m/monet/06/4bordig2.jpg
m__monet__06__4bordig3,images/m__monet__06__4bordig3.png,train,https://www.wga.hu/html/m/monet/06/4bordig3.html,"MONET, Claude",Bordighera,1884.0,19,French,landscape,Huile,400.0,320.0,1.25,0.0625,data/raw/images/m/monet/06/4bordig3.jpg
m__monet__06__4bordig4,images/m__monet__06__4bordig4.png,train,https://www.wga.hu/html/m/monet/06/4bordig4.html,"MONET, Claude","Yacht, Effect of Evening",1885.0,19,French,landscape,Huile,400.0,332.0,1.2048192771084338,0.09638554216867457,data/raw/images/m/monet/06/4bordig4.jpg
m__monet__06__5frost,images/m__monet__06__5frost.png,train,https://www.wga.hu/html/m/monet/06/5frost.html,"MONET, Claude",Frost,1885.0,19,French,landscape,Huile,400.0,292.0,1.36986301369863,0.026666666666666616,data/raw/images/m/monet/06/5frost.jpg
m__monet__06__6poppy,images/m__monet__06__6poppy.png,train,https://www.wga.hu/html/m/monet/06/6poppy.html,"MONET, Claude",Poppy Field in a Hollow near Giverny,1885.0,19,French,landscape,Huile,400.0,311.0,1.2861736334405145,0.03536977491961413,data/raw/images/m/monet/06/6poppy.jpg
m__monet__07__1vario04,images/m__monet__07__1vario04.png,train,https://www.wga.hu/html/m/monet/07/1vario04.html,"MONET, Claude",Willows in Giverny,1886.0,19,French,landscape,Huile,400.0,321.0,1.2461059190031152,0.06542056074766356,data/raw/images/m/monet/07/1vario04.jpg
m__monet__07__1vario05,images/m__monet__07__1vario05.png,train,https://www.wga.hu/html/m/monet/07/1vario05.html,"MONET, Claude",Spring,1886.0,19,French,landscape,Huile,400.0,326.0,1.2269938650306749,0.07975460122699385,data/raw/images/m/monet/07/1vario05.jpg
m__monet__07__1vario06,images/m__monet__07__1vario06.png,train,https://www.wga.hu/html/m/monet/07/1vario06.html,"MONET, Claude",Tulip Fields in Holland,1886.0,19,French,landscape,Huile,400.0,315.0,1.2698412698412698,0.04761904761904767,data/raw/images/m/monet/07/1vario06.jpg
m__monet__07__1vario07,images/m__monet__07__1vario07.png,train,https://www.wga.hu/html/m/monet/07/1vario07.html,"MONET, Claude",Three Fishing Boats,1886.0,19,French,landscape,Huile,400.0,312.0,1.2820512820512822,0.038461538461538325,data/raw/images/m/monet/07/1vario07.jpg
m__monet__07__1vario08,images/m__monet__07__1vario08.png,train,https://www.wga.hu/html/m/monet/07/1vario08.html,"MONET, Claude",Storm off Belle-Île,1886.0,19,French,landscape,Huile,400.0,321.0,1.2461059190031152,0.06542056074766356,data/raw/images/m/monet/07/1vario08.jpg
m__monet__07__1vario09,images/m__monet__07__1vario09.png,train,https://www.wga.hu/html/m/monet/07/1vario09.html,"MONET, Claude",The Rocks of Belle Ile (Rough Sea),1886.0,19,French,landscape,Huile,400.0,318.0,1.2578616352201257,0.05660377358490565,data/raw/images/m/monet/07/1vario09.jpg
m__monet__07__1vario10,images/m__monet__07__1vario10.png,train,https://www.wga.hu/html/m/monet/07/1vario10.html,"MONET, Claude","The ""Pyramides"" at Port-Coton",1886.0,19,French,landscape,Huile,400.0,318.0,1.2578616352201257,0.05660377358490565,data/raw/images/m/monet/07/1vario10.jpg
m__monet__07__1vario12,images/m__monet__07__1vario12.png,train,https://www.wga.hu/html/m/monet/07/1vario12.html,"MONET, Claude",The Boat at Giverny,1887.0,19,French,landscape,Huile,400.0,300.0,1.3333333333333333,0.0,data/raw/images/m/monet/07/1vario12.jpg
m__monet__07__1vario13,images/m__monet__07__1vario13.png,train,https://www.wga.hu/html/m/monet/07/1vario13.html,"MONET, Claude",Cap d'Antibes,1888.0,19,French,landscape,Huile,400.0,280.0,1.4285714285714286,0.06666666666666676,data/raw/images/m/monet/07/1vario13.jpg
m__monet__07__1vario16,images/m__monet__07__1vario16.png,train,https://www.wga.hu/html/m/monet/07/1vario16.html,"MONET, Claude",Valley of the Creuse (Sunlight Effect),1889.0,19,French,landscape,Huile,400.0,280.0,1.4285714285714286,0.06666666666666676,data/raw/images/m/monet/07/1vario16.jpg
m__monet__07__1vario18,images/m__monet__07__1vario18.png,train,https://www.wga.hu/html/m/monet/07/1vario18.html,"MONET, Claude",Houses at Argenteuil,1891.0,19,French,landscape,Huile,400.0,286.0,1.3986013986013985,0.046666666666666634,data/raw/images/m/monet/07/1vario18.jpg
m__monet__07__3poplar5,images/m__monet__07__3poplar5.png,train,https://www.wga.hu/html/m/monet/07/3poplar5.html,"MONET, Claude",Poplars at the Banks of Epte,1891.0,19,French,landscape,Huile,400.0,378.0,1.0582010582010581,0.2063492063492064,data/raw/images/m/monet/07/3poplar5.jpg
m__monet__07__4stacks1,images/m__monet__07__4stacks1.png,train,https://www.wga.hu/html/m/monet/07/4stacks1.html,"MONET, Claude",Haystacks at Giverny,1886.0,19,French,landscape,Huile,400.0,296.0,1.3513513513513513,0.013333333333333308,data/raw/images/m/monet/07/4stacks1.jpg
m__monet__07__4stacks2,images/m__monet__07__4stacks2.png,train,https://www.wga.hu/html/m/monet/07/4stacks2.html,"MONET, Claude",Haystacks at Giverny,1889.0,19,French,landscape,Huile,400.0,318.0,1.2578616352201257,0.05660377358490565,data/raw/images/m/monet/07/4stacks2.jpg
m__monet__07__4stacks3,images/m__monet__07__4stacks3.png,train,https://www.wga.hu/html/m/monet/07/4stacks3.html,"MONET, Claude","Haystack in the Snow, Morning",1890.0,19,French,landscape,Huile,400.0,277.0,1.444043321299639,0.07666666666666677,data/raw/images/m/monet/07/4stacks3.jpg
m__monet__07__4stacks4,images/m__monet__07__4stacks4.png,train,https://www.wga.hu/html/m/monet/07/4stacks4.html,"MONET, Claude","Stack of Wheat, Snow Effect, Overcast Day",1890.5,19,French,landscape,Huile,400.0,277.0,1.444043321299639,0.07666666666666677,data/raw/images/m/monet/07/4stacks4.jpg
m__monet__07__4stacks5,images/m__monet__07__4stacks5.png,train,https://www.wga.hu/html/m/monet/07/4stacks5.html,"MONET, Claude",Stack of Wheat,1890.5,19,French,landscape,Huile,400.0,278.0,1.4388489208633093,0.07333333333333336,data/raw/images/m/monet/07/4stacks5.jpg
m__monet__07__4stacks6,images/m__monet__07__4stacks6.png,train,https://www.wga.hu/html/m/monet/07/4stacks6.html,"MONET, Claude","Haystack, Effect of White Frost",1891.0,19,French,landscape,Huile,400.0,276.0,1.4492753623188406,0.08000000000000007,data/raw/images/m/monet/07/4stacks6.jpg
m__monet__07__4stacks7,images/m__monet__07__4stacks7.png,train,https://www.wga.hu/html/m/monet/07/4stacks7.html,"MONET, Claude","Stacks of Wheat, Sunset, Snow Effect",1891.0,19,French,landscape,Huile,400.0,252.0,1.5873015873015872,0.16000000000000003,data/raw/images/m/monet/07/4stacks7.jpg
m__monet__07__7floes1,images/m__monet__07__7floes1.png,train,https://www.wga.hu/html/m/monet/07/7floes1.html,"MONET, Claude",Ice Floes,1893.0,19,French,landscape,Huile,400.0,253.0,1.5810276679841897,0.15666666666666673,data/raw/images/m/monet/07/7floes1.jpg
m__monet__07__7floes2,images/m__monet__07__7floes2.png,train,https://www.wga.hu/html/m/monet/07/7floes2.html,"MONET, Claude",Floating Ice at Bennecourt,1893.0,19,French,landscape,Huile,400.0,252.0,1.5873015873015872,0.16000000000000003,data/raw/images/m/monet/07/7floes2.jpg
m__monet__07__7floes3,images/m__monet__07__7floes3.png,train,https://www.wga.hu/html/m/monet/07/7floes3.html,"MONET, Claude",Morning Haze,1894.0,19,French,landscape,Huile,400.0,251.0,1.593625498007968,0.16333333333333333,data/raw/images/m/monet/07/7floes3.jpg
m__monet__07__7floes4,images/m__monet__07__7floes4.png,train,https://www.wga.hu/html/m/monet/07/7floes4.html,"MONET, Claude",Ice Floes on the Seine near Bennecourt,1893.0,19,French,landscape,Huile,400.0,252.0,1.5873015873015872,0.16000000000000003,data/raw/images/m/monet/07/7floes4.jpg
m__monet__08__1london1,images/m__monet__08__1london1.png,train,https://www.wga.hu/html/m/monet/08/1london1.html,"MONET, Claude","Waterloo Bridge, Effect of Fog",1900.0,19,French,landscape,Huile,400.0,255.0,1.5686274509803921,0.15000000000000002,data/raw/images/m/monet/08/1london1.jpg
m__monet__08__1london2,images/m__monet__08__1london2.png,train,https://www.wga.hu/html/m/monet/08/1london2.html,"MONET, Claude",Waterloo Bridge,1903.0,19,French,landscape,Huile,400.0,258.0,1.550387596899225,0.14000000000000012,data/raw/images/m/monet/08/1london2.jpg
m__monet__08__1london3,images/m__monet__08__1london3.png,train,https://www.wga.hu/html/m/monet/08/1london3.html,"MONET, Claude",The Houses of Parliament in London,1904.0,19,French,landscape,Huile,400.0,361.0,1.10803324099723,0.1689750692520775,data/raw/images/m/monet/08/1london3.jpg
m__monet__08__1london4,images/m__monet__08__1london4.png,train,https://www.wga.hu/html/m/monet/08/1london4.html,"MONET, Claude","The Houses of Parliament, London",1904.0,19,French,landscape,Huile,400.0,350.0,1.1428571428571428,0.1428571428571429,data/raw/images/m/monet/08/1london4.jpg
m__monet__08__2venice2,images/m__monet__08__2venice2.png,train,https://www.wga.hu/html/m/monet/08/2venice2.html,"MONET, Claude",The Palazzo Ducale Seen from San Giorgio Maggiore,1908.0,19,French,landscape,Huile,400.0,281.0,1.4234875444839858,0.06333333333333346,data/raw/images/m/monet/08/2venice2.jpg
m__monet__08__2venice4,images/m__monet__08__2venice4.png,train,https://www.wga.hu/html/m/monet/08/2venice4.html,"MONET, Claude",The Grand Canal in Venice,1908.0,19,French,landscape,Huile,400.0,316.0,1.2658227848101267,0.050632911392405,data/raw/images/m/monet/08/2venice4.jpg
m__monet__08__2venice5,images/m__monet__08__2venice5.png,test,https://www.wga.hu/html/m/monet/08/2venice5.html,"MONET, Claude",Sunset in Venice,1908.0,19,French,landscape,Huile,400.0,308.0,1.2987012987012987,0.025974025974025983,data/raw/images/m/monet/08/2venice5.jpg
m__monet__08__3bridge2,images/m__monet__08__3bridge2.png,train,https://www.wga.hu/html/m/monet/08/3bridge2.html,"MONET, Claude","Water Lily Pond, Harmony in Green",1899.0,19,French,landscape,Huile,400.0,379.0,1.0554089709762533,0.20844327176780997,data/raw/images/m/monet/08/3bridge2.jpg
m__monet__08__3bridge3,images/m__monet__08__3bridge3.png,train,https://www.wga.hu/html/m/monet/08/3bridge3.html,"MONET, Claude","Water Lily Pond, Harmony in Rose",1900.0,19,French,landscape,Huile,400.0,357.0,1.1204481792717087,0.15966386554621848,data/raw/images/m/monet/08/3bridge3.jpg
m__monet__08__3bridge4,images/m__monet__08__3bridge4.png,train,https://www.wga.hu/html/m/monet/08/3bridge4.html,"MONET, Claude",The Water Lily Pond,1900.0,19,French,landscape,Huile,400.0,384.0,1.0416666666666667,0.2187499999999999,data/raw/images/m/monet/08/3bridge4.jpg
m__monet__08__3bridge5,images/m__monet__08__3bridge5.png,train,https://www.wga.hu/html/m/monet/08/3bridge5.html,"MONET, Claude",The Japanese Bridge,1922.0,19,French,landscape,Huile,400.0,300.0,1.3333333333333333,0.0,data/raw/images/m/monet/08/3bridge5.jpg
m__monet__08__6irises1,images/m__monet__08__6irises1.png,test,https://www.wga.hu/html/m/monet/08/6irises1.html,"MONET, Claude",Irises in Monet's Garden at Giverny,1900.0,19,French,landscape,Huile,400.0,351.0,1.1396011396011396,0.14529914529914523,data/raw/images/m/monet/08/6irises1.jpg
m__monet__08__7liliy01,images/m__monet__08__7liliy01.png,train,https://www.wga.hu/html/m/monet/08/7liliy01.html,"MONET, Claude",Water Lilies,1905.0,19,French,landscape,Huile,400.0,351.0,1.1396011396011396,0.14529914529914523,data/raw/images/m/monet/08/7liliy01.jpg
m__monet__08__7liliy02,images/m__monet__08__7liliy02.png,train,https://www.wga.hu/html/m/monet/08/7liliy02.html,"MONET, Claude",Water Lilies,1906.0,19,French,landscape,Huile,400.0,396.0,1.0101010101010102,0.24242424242424232,data/raw/images/m/monet/08/7liliy02.jpg
m__monet__08__7liliy03,images/m__monet__08__7liliy03.png,train,https://www.wga.hu/html/m/monet/08/7liliy03.html,"MONET, Claude",Water Lilies,1914.0,19,French,landscape,Huile,400.0,396.0,1.0101010101010102,0.24242424242424232,data/raw/images/m/monet/08/7liliy03.jpg
m__monet__08__7liliy06,images/m__monet__08__7liliy06.png,train,https://www.wga.hu/html/m/monet/08/7liliy06.html,"MONET, Claude",Water Lilies,1916.0,19,French,landscape,Huile,400.0,396.0,1.0101010101010102,0.24242424242424232,data/raw/images/m/monet/08/7liliy06.jpg
m__monticel__landscap,images/m__monticel__landscap.png,train,https://www.wga.hu/html/m/monticel/landscap.html,"MONTICELLI, Adolphe",Midsummer,1871.0,19,French,landscape,Huile,400.0,260.0,1.5384615384615385,0.13333333333333341,data/raw/images/m/monticel/landscap.jpg
m__more__view_bay,images/m__more__view_bay.png,train,https://www.wga.hu/html/m/more/view_bay.html,"MORE, Jacob",View of the Bay of Naples,,18,Scottish,landscape,Huile,400.0,241.0,1.6597510373443984,0.19666666666666677,data/raw/images/m/more/view_bay.jpg
m__moreau_g__4viewing,images/m__moreau_g__4viewing.png,train,https://www.wga.hu/html/m/moreau_g/4viewing.html,"MOREAU, Gustave",Shepherds Viewing Passing Soldiers,,19,French,landscape,Huile,400.0,289.0,1.3840830449826989,0.036666666666666625,data/raw/images/m/moreau_g/4viewing.jpg
m__moret__la_cote,images/m__moret__la_cote.png,test,https://www.wga.hu/html/m/moret/la_cote.html,"MORET, Henry",La Côte Bretonne,1898.0,19,French,landscape,Huile,400.0,328.0,1.2195121951219512,0.08536585365853655,data/raw/images/m/moret/la_cote.jpg
m__moret__officers,images/m__moret__officers.png,train,https://www.wga.hu/html/m/moret/officers.html,"MORET, Henry",The Customs Officers,1891.0,19,French,landscape,Huile,400.0,282.0,1.4184397163120568,0.06000000000000005,data/raw/images/m/moret/officers.jpg
m__moret__village,images/m__moret__village.png,train,https://www.wga.hu/html/m/moret/village.html,"MORET, Henry",The Village of Paulgoazec,1906.0,19,French,landscape,Huile,400.0,271.0,1.4760147601476015,0.09666666666666668,data/raw/images/m/moret/village.jpg
m__morisot__11moriso,images/m__morisot__11moriso.png,train,https://www.wga.hu/html/m/morisot/11moriso.html,"MORISOT, Berthe",Summer Day (Bois de Boulogne),1879.0,19,French,landscape,Huile,400.0,239.0,1.6736401673640167,0.20333333333333337,data/raw/images/m/morisot/11moriso.jpg
m__morisot__18moriso,images/m__morisot__18moriso.png,train,https://www.wga.hu/html/m/morisot/18moriso.html,"MORISOT, Berthe",On a Bench in the Bois de Boulogne,1894.0,19,French,landscape,Huile,400.0,276.0,1.4492753623188406,0.08000000000000007,data/raw/images/m/morisot/18moriso.jpg
m__morland__shepherd,images/m__morland__shepherd.png,train,https://www.wga.hu/html/m/morland/shepherd.html,"MORLAND, George",Shepherd in a Snowy Landscape,,18,English,landscape,Huile,400.0,318.0,1.2578616352201257,0.05660377358490565,data/raw/images/m/morland/shepherd.jpg
m__morland__shipwrec,images/m__morland__shipwrec.png,train,https://www.wga.hu/html/m/morland/shipwrec.html,"MORLAND, George",The Shipwreck,,18,English,landscape,Huile,400.0,308.0,1.2987012987012987,0.025974025974025983,data/raw/images/m/morland/shipwrec.jpg
m__morland__thunder,images/m__morland__thunder.png,train,https://www.wga.hu/html/m/morland/thunder.html,"MORLAND, George",Before a Thunderstorm,1791.0,18,English,landscape,Huile,400.0,287.0,1.3937282229965158,0.043333333333333446,data/raw/images/m/morland/thunder.jpg
m__morrice__quaiaugu,images/m__morrice__quaiaugu.png,train,https://www.wga.hu/html/m/morrice/quaiaugu.html,"MORRICE, James Wilson","Quai des Grands-Augustins, Paris",1903.5,19,Other,landscape,Huile,400.0,325.0,1.2307692307692308,0.07692307692307687,data/raw/images/m/morrice/quaiaugu.jpg
m__moser_k__5painti4,images/m__moser_k__5painti4.png,train,https://www.wga.hu/html/m/moser_k/5painti4.html,"MOSER, Koloman",Snowy Mountain Peaks at Dusk,1913.0,19,Austrian,landscape,Huile,400.0,300.0,1.3333333333333333,0.0,data/raw/images/m/moser_k/5painti4.jpg
m__mostaert__gillis__landscap,images/m__mostaert__gillis__landscap.png,test,https://www.wga.hu/html/m/mostaert/gillis/landscap.html,"MOSTAERT, Gillis",Landscape with the Flight into Egypt,,16,Flemish,landscape,Huile,400.0,233.0,1.7167381974248928,0.22333333333333338,data/raw/images/m/mostaert/gillis/landscap.jpg
m__mostaert__gillis__war_fire,images/m__mostaert__gillis__war_fire.png,train,https://www.wga.hu/html/m/mostaert/gillis/war_fire.html,"MOSTAERT, Gillis",Scene of War and Fire,1569.0,16,Flemish,landscape,Huile,400.0,230.0,1.7391304347826086,0.2333333333333334,data/raw/images/m/mostaert/gillis/war_fire.jpg
m__mostaert__jan__hillyriv,images/m__mostaert__jan__hillyriv.png,train,https://www.wga.hu/html/m/mostaert/jan/hillyriv.html,"MOSTAERT, Jan",Hilly River Landscape with St Christopher,,16,Dutch,landscape,Huile,400.0,287.0,1.3937282229965158,0.043333333333333446,data/raw/images/m/mostaert/jan/hillyriv.jpg
m__mouchero__frederic__ideal_la,images/m__mouchero__frederic__ideal_la.png,train,https://www.wga.hu/html/m/mouchero/frederic/ideal_la.html,"MOUCHERON, Frederick de",Ideal Landscape,,17,Dutch,landscape,Huile,400.0,285.0,1.4035087719298245,0.050000000000000044,data/raw/images/m/mouchero/frederic/ideal_la.jpg
m__mouchero__frederic__italiana,images/m__mouchero__frederic__italiana.png,train,https://www.wga.hu/html/m/mouchero/frederic/italiana.html,"MOUCHERON, Frederick de",An Extensive Italianate Landscape,,17,Dutch,landscape,Huile,400.0,278.0,1.4388489208633093,0.07333333333333336,data/raw/images/m/mouchero/frederic/italiana.jpg
m__mouchero__frederic__landscap,images/m__mouchero__frederic__landscap.png,train,https://www.wga.hu/html/m/mouchero/frederic/landscap.html,"MOUCHERON, Frederick de",Italianate Landscape,,17,Dutch,landscape,Huile,400.0,329.0,1.21580547112462,0.08814589665653494,data/raw/images/m/mouchero/frederic/landscap.jpg
m__mouchero__frederic__mountlan,images/m__mouchero__frederic__mountlan.png,train,https://www.wga.hu/html/m/mouchero/frederic/mountlan.html,"MOUCHERON, Frederick de",Mountainous Landscape,,17,Dutch,landscape,Huile,400.0,337.0,1.1869436201780414,0.10979228486646886,data/raw/images/m/mouchero/frederic/mountlan.jpg
m__mouchero__frederic__woodedla,images/m__mouchero__frederic__woodedla.png,test,https://www.wga.hu/html/m/mouchero/frederic/woodedla.html,"MOUCHERON, Frederick de",Wooded River Landscape,,17,Dutch,landscape,Huile,400.0,311.0,1.2861736334405145,0.03536977491961413,data/raw/images/m/mouchero/frederic/woodedla.jpg
m__mouchero__frederic__woodland,images/m__mouchero__frederic__woodland.png,train,https://www.wga.hu/html/m/mouchero/frederic/woodland.html,"MOUCHERON, Frederick de",An Extensive Wooded Landscape,,17,Dutch,landscape,Huile,400.0,325.0,1.2307692307692308,0.07692307692307687,data/raw/images/m/mouchero/frederic/woodland.jpg
m__mulier__elder__choppy,images/m__mulier__elder__choppy.png,train,https://www.wga.hu/html/m/mulier/elder/choppy.html,"MULIER, Pieter the Elder",Dutch Ships in Choppy Waters,,17,Dutch,landscape,Huile,400.0,252.0,1.5873015873015872,0.16000000000000003,data/raw/images/m/mulier/elder/choppy.jpg
m__mulier__elder__choppy1,images/m__mulier__elder__choppy1.png,train,https://www.wga.hu/html/m/mulier/elder/choppy1.html,"MULIER, Pieter the Elder","A Kaag on a Choppy Sea, a Rowing Boat in the Foreground",,17,Dutch,landscape,Huile,400.0,334.0,1.1976047904191616,0.10179640718562877,data/raw/images/m/mulier/elder/choppy1.jpg
m__mulier__elder__heavysea,images/m__mulier__elder__heavysea.png,train,https://www.wga.hu/html/m/mulier/elder/heavysea.html,"MULIER, Pieter the Elder",Ships in a Heavy Sea Running Before a Storm,1640.0,17,Dutch,landscape,Huile,400.0,276.0,1.4492753623188406,0.08000000000000007,data/raw/images/m/mulier/elder/heavysea.jpg
m__mulier__elder__shipping,images/m__mulier__elder__shipping.png,train,https://www.wga.hu/html/m/mulier/elder/shipping.html,"MULIER, Pieter the Elder",Dutch Shipping in Heavy Seas,,17,Dutch,landscape,Huile,400.0,243.0,1.646090534979424,0.19000000000000006,data/raw/images/m/mulier/elder/shipping.jpg
m__mulier__elder__stormysea,images/m__mulier__elder__stormysea.png,train,https://www.wga.hu/html/m/mulier/elder/stormysea.html,"MULIER, Pieter the Elder",Dutch Vessels at Sea in Stormy Weather,,17,Dutch,landscape,Huile,400.0,260.0,1.5384615384615385,0.13333333333333341,data/raw/images/m/mulier/elder/stormysea.jpg
m__mulier__elder__turbulen,images/m__mulier__elder__turbulen.png,train,https://www.wga.hu/html/m/mulier/elder/turbulen.html,"MULIER, Pieter the Elder",Turbulent Sea,,17,Dutch,landscape,Huile,400.0,287.0,1.3937282229965158,0.043333333333333446,data/raw/images/m/mulier/elder/turbulen.jpg
m__mulier__younger__bucoli_l,images/m__mulier__younger__bucoli_l.png,train,https://www.wga.hu/html/m/mulier/younger/bucoli_l.html,"MULIER, Pieter the Younger",Bucolic Landscape,,17,Dutch,landscape,Huile,400.0,304.0,1.3157894736842106,0.013157894736842035,data/raw/images/m/mulier/younger/bucoli_l.jpg
m__mulier__younger__shipping,images/m__mulier__younger__shipping.png,train,https://www.wga.hu/html/m/mulier/younger/shipping.html,"MULIER, Pieter the Younger",Shipping off a Rocky Coast in Storm,,17,Dutch,landscape,Huile,400.0,342.0,1.1695906432748537,0.1228070175438597,data/raw/images/m/mulier/younger/shipping.jpg
m__mulier__younger__storm,images/m__mulier__younger__storm.png,train,https://www.wga.hu/html/m/mulier/younger/storm.html,"MULIER, Pieter the Younger",Landscape with Figures in a Storm,1709.0,17,Dutch,landscape,Huile,400.0,300.0,1.3333333333333333,0.0,data/raw/images/m/mulier/younger/storm.jpg
m__mulier__younger__stormseb,images/m__mulier__younger__stormseb.png,train,https://www.wga.hu/html/m/mulier/younger/stormseb.html,"MULIER, Pieter the Younger",Storm in the Sea,1690.0,17,Dutch,landscape,Huile,400.0,264.0,1.5151515151515151,0.12,data/raw/images/m/mulier/younger/stormseb.jpg
m__muller_w__viewflor,images/m__muller_w__viewflor.png,train,https://www.wga.hu/html/m/muller_w/viewflor.html,"MÜLLER, William James",View of Florence,1834.5,19,English,landscape,Huile,400.0,257.0,1.556420233463035,0.14333333333333342,data/raw/images/m/muller_w/viewflor.jpg
m__munch__evening1,images/m__munch__evening1.png,train,https://www.wga.hu/html/m/munch/evening1.html,"MUNCH, Edvard",Starry Night,1893.0,19,Norwegian,landscape,Huile,400.0,388.0,1.0309278350515463,0.2268041237113403,data/raw/images/m/munch/evening1.jpg
m__munch__evening3,images/m__munch__evening3.png,train,https://www.wga.hu/html/m/munch/evening3.html,"MUNCH, Edvard",Evening on Karl Johan Street,1892.0,19,Norwegian,landscape,Huile,400.0,277.0,1.444043321299639,0.07666666666666677,data/raw/images/m/munch/evening3.jpg
m__munch__evening4,images/m__munch__evening4.png,train,https://www.wga.hu/html/m/munch/evening4.html,"MUNCH, Edvard",Summer Evening in Åsgårdstrand,1891.0,19,Norwegian,landscape,Huile,400.0,236.0,1.694915254237288,0.21333333333333337,data/raw/images/m/munch/evening4.jpg
m__munkacsy__07munkac,images/m__munkacsy__07munkac.png,test,https://www.wga.hu/html/m/munkacsy/07munkac.html,"MUNKÁCSY, Mihály",Dusty Country Road I,1874.0,19,Hungarian,landscape,Huile,400.0,255.0,1.5686274509803921,0.15000000000000002,data/raw/images/m/munkacsy/07munkac.jpg
m__munkacsy__10munkac,images/m__munkacsy__10munkac.png,train,https://www.wga.hu/html/m/munkacsy/10munkac.html,"MUNKÁCSY, Mihály",Dusty Country Road II,1883.0,19,Hungarian,landscape,Huile,400.0,292.0,1.36986301369863,0.026666666666666616,data/raw/images/m/munkacsy/10munkac.jpg
m__munkacsy__11munkac,images/m__munkacsy__11munkac.png,train,https://www.wga.hu/html/m/munkacsy/11munkac.html,"MUNKÁCSY, Mihály",Line of Trees,1886.0,19,Hungarian,landscape,Huile,400.0,243.0,1.646090534979424,0.19000000000000006,data/raw/images/m/munkacsy/11munkac.jpg
m__munthe__dusseld1,images/m__munthe__dusseld1.png,train,https://www.wga.hu/html/m/munthe/dusseld1.html,"MUNTHE, Gerhard",View of the Rhine near Düsseldorf,1875.0,19,Norwegian,landscape,Huile,400.0,281.0,1.4234875444839858,0.06333333333333346,data/raw/images/m/munthe/dusseld1.jpg
m__munthe__dusseld2,images/m__munthe__dusseld2.png,train,https://www.wga.hu/html/m/munthe/dusseld2.html,"MUNTHE, Gerhard",From the Suburb,1879.0,19,Norwegian,landscape,Huile,400.0,252.0,1.5873015873015872,0.16000000000000003,data/raw/images/m/munthe/dusseld2.jpg
m__munthe__farm,images/m__munthe__farm.png,train,https://www.wga.hu/html/m/munthe/farm.html,"MUNTHE, Gerhard","At the Farm, Ulvin",1889.0,19,Norwegian,landscape,Huile,400.0,326.0,1.2269938650306749,0.07975460122699385,data/raw/images/m/munthe/farm.jpg
m__munthe__landscap,images/m__munthe__landscap.png,train,https://www.wga.hu/html/m/munthe/landscap.html,"MUNTHE, Gerhard",View from Vågå,1906.0,19,Norwegian,landscape,Huile,400.0,316.0,1.2658227848101267,0.050632911392405,data/raw/images/m/munthe/landscap.jpg
m__murant__dilapida,images/m__murant__dilapida.png,train,https://www.wga.hu/html/m/murant/dilapida.html,"MURANT, Emanuel",Dilapidated Farm,,17,Dutch,landscape,Huile,400.0,327.0,1.2232415902140672,0.0825688073394496,data/raw/images/m/murant/dilapida.jpg
m__murant__landscap,images/m__murant__landscap.png,train,https://www.wga.hu/html/m/murant/landscap.html,"MURANT, Emanuel",Landscape with Bridge,,17,Dutch,landscape,Huile,400.0,297.0,1.3468013468013469,0.01000000000000012,data/raw/images/m/murant/landscap.jpg
m__murant__oldcastl,images/m__murant__oldcastl.png,train,https://www.wga.hu/html/m/murant/oldcastl.html,"MURANT, Emanuel",The Old Castle,1674.5,17,Dutch,landscape,Huile,400.0,280.0,1.4285714285714286,0.06666666666666676,data/raw/images/m/murant/oldcastl.jpg
n__napoleta__navalbat,images/n__napoleta__navalbat.png,train,https://www.wga.hu/html/n/napoleta/navalbat.html,"NAPOLETANO, Filippo",Naval Battle,1620.0,17,Italian,landscape,Huile,400.0,257.0,1.556420233463035,0.14333333333333342,data/raw/images/n/napoleta/navalbat.jpg
n__napoleta__river_la,images/n__napoleta__river_la.png,train,https://www.wga.hu/html/n/napoleta/river_la.html,"NAPOLETANO, Filippo",River Landscape,1619.0,17,Italian,landscape,Huile,400.0,311.0,1.2861736334405145,0.03536977491961413,data/raw/images/n/napoleta/river_la.jpg
n__nasmyth__alexande__castle1,images/n__nasmyth__alexande__castle1.png,train,https://www.wga.hu/html/n/nasmyth/alexande/castle1.html,"NASMYTH, Alexander",A View of Tantallon Castle,1816.0,18,Scottish,landscape,Huile,400.0,299.0,1.3377926421404682,0.0033333333333334103,data/raw/images/n/nasmyth/alexande/castle1.jpg
n__nasmyth__alexande__castle2,images/n__nasmyth__alexande__castle2.png,train,https://www.wga.hu/html/n/nasmyth/alexande/castle2.html,"NASMYTH, Alexander","View of Crosbie Castle in Ayrshire, with the Isle of Arran Beyond",,19,Scottish,landscape,Huile,400.0,260.0,1.5384615384615385,0.13333333333333341,data/raw/images/n/nasmyth/alexande/castle2.jpg
n__nasmyth__alexande__castle3,images/n__nasmyth__alexande__castle3.png,train,https://www.wga.hu/html/n/nasmyth/alexande/castle3.html,"NASMYTH, Alexander",View of a Lochside Castle,,19,Scottish,landscape,Huile,400.0,296.0,1.3513513513513513,0.013333333333333308,data/raw/images/n/nasmyth/alexande/castle3.jpg
n__nasmyth__alexande__edinbur1,images/n__nasmyth__alexande__edinbur1.png,train,https://www.wga.hu/html/n/nasmyth/alexande/edinbur1.html,"NASMYTH, Alexander",View of Edinburgh from Blackford,,19,Scottish,landscape,Huile,400.0,303.0,1.3201320132013201,0.00990099009900991,data/raw/images/n/nasmyth/alexande/edinbur1.jpg
n__nasmyth__alexande__edinbur2,images/n__nasmyth__alexande__edinbur2.png,train,https://www.wga.hu/html/n/nasmyth/alexande/edinbur2.html,"NASMYTH, Alexander",View of Edinburgh from the North West,,19,Scottish,landscape,Huile,400.0,274.0,1.4598540145985401,0.08666666666666667,data/raw/images/n/nasmyth/alexande/edinbur2.jpg
n__nasmyth__patrick__landpond,images/n__nasmyth__patrick__landpond.png,train,https://www.wga.hu/html/n/nasmyth/patrick/landpond.html,"NASMYTH, Patrick",Landscape with a Pond,1815.0,19,Scottish,landscape,Huile,400.0,323.0,1.238390092879257,0.07120743034055721,data/raw/images/n/nasmyth/patrick/landpond.jpg
n__neer__aert__canal_mo,images/n__neer__aert__canal_mo.png,train,https://www.wga.hu/html/n/neer/aert/canal_mo.html,"NEER, Aert van der",A Canal by Moonlight,,17,Dutch,landscape,Huile,400.0,251.0,1.593625498007968,0.16333333333333333,data/raw/images/n/neer/aert/canal_mo.jpg
n__neer__aert__estuary,images/n__neer__aert__estuary.png,train,https://www.wga.hu/html/n/neer/aert/estuary.html,"NEER, Aert van der",Estuary Landscape by Moonlight,,17,Dutch,landscape,Huile,400.0,326.0,1.2269938650306749,0.07975460122699385,data/raw/images/n/neer/aert/estuary.jpg
n__neer__aert__fishing,images/n__neer__aert__fishing.png,train,https://www.wga.hu/html/n/neer/aert/fishing.html,"NEER, Aert van der",Fishing at Moonlight,,17,Dutch,landscape,Huile,400.0,309.0,1.2944983818770226,0.029126213592232997,data/raw/images/n/neer/aert/fishing.jpg
n__neer__aert__frozen,images/n__neer__aert__frozen.png,train,https://www.wga.hu/html/n/neer/aert/frozen.html,"NEER, Aert van der",Frozen River at Sunset,1660.0,17,Dutch,landscape,Huile,400.0,257.0,1.556420233463035,0.14333333333333342,data/raw/images/n/neer/aert/frozen.jpg
n__neer__aert__landmoon,images/n__neer__aert__landmoon.png,train,https://www.wga.hu/html/n/neer/aert/landmoon.html,"NEER, Aert van der",Moonlit Wooded Landscape,,17,Dutch,landscape,Huile,400.0,250.0,1.6,0.16666666666666674,data/raw/images/n/neer/aert/landmoon.jpg
n__neer__aert__landscap,images/n__neer__aert__landscap.png,train,https://www.wga.hu/html/n/neer/aert/landscap.html,"NEER, Aert van der",Landscape with Windmill,1646.0,17,Dutch,landscape,Huile,400.0,299.0,1.3377926421404682,0.0033333333333334103,data/raw/images/n/neer/aert/landscap.jpg
n__neer__aert__landsuns,images/n__neer__aert__landsuns.png,train,https://www.wga.hu/html/n/neer/aert/landsuns.html,"NEER, Aert van der",Landscape at Sunset,1654.5,17,Dutch,landscape,Huile,400.0,277.0,1.444043321299639,0.07666666666666677,data/raw/images/n/neer/aert/landsuns.jpg
n__neer__aert__moonlit,images/n__neer__aert__moonlit.png,train,https://www.wga.hu/html/n/neer/aert/moonlit.html,"NEER, Aert van der",A Moonlit Landscape with Ruins,,17,Dutch,landscape,Huile,400.0,305.0,1.3114754098360655,0.016393442622950838,data/raw/images/n/neer/aert/moonlit.jpg
n__neer__aert__nfarrier,images/n__neer__aert__nfarrier.png,train,https://www.wga.hu/html/n/neer/aert/nfarrier.html,"NEER, Aert van der",The Farrier,1653.5,17,Dutch,landscape,Huile,400.0,308.0,1.2987012987012987,0.025974025974025983,data/raw/images/n/neer/aert/nfarrier.jpg
n__neer__aert__nightlan,images/n__neer__aert__nightlan.png,train,https://www.wga.hu/html/n/neer/aert/nightlan.html,"NEER, Aert van der",Night Landscape with a River,,17,Dutch,landscape,Huile,400.0,329.0,1.21580547112462,0.08814589665653494,data/raw/images/n/neer/aert/nightlan.jpg
n__neer__aert__river_la,images/n__neer__aert__river_la.png,train,https://www.wga.hu/html/n/neer/aert/river_la.html,"NEER, Aert van der",River Landscape,1650.0,17,Dutch,landscape,Huile,400.0,287.0,1.3937282229965158,0.043333333333333446,data/raw/images/n/neer/aert/river_la.jpg
n__neer__aert__river_wi,images/n__neer__aert__river_wi.png,train,https://www.wga.hu/html/n/neer/aert/river_wi.html,"NEER, Aert van der",River in Winter,1645.0,17,Dutch,landscape,Huile,400.0,228.0,1.7543859649122806,0.24,data/raw/images/n/neer/aert/river_wi.jpg
n__neer__aert__riverlan,images/n__neer__aert__riverlan.png,train,https://www.wga.hu/html/n/neer/aert/riverlan.html,"NEER, Aert van der",River Landscape,,17,Dutch,landscape,Huile,400.0,310.0,1.2903225806451613,0.032258064516129004,data/raw/images/n/neer/aert/riverlan.jpg
n__neer__aert__sports_f,images/n__neer__aert__sports_f.png,train,https://www.wga.hu/html/n/neer/aert/sports_f.html,"NEER, Aert van der",Sports on a Frozen River,1660.0,17,Dutch,landscape,Huile,400.0,250.0,1.6,0.16666666666666674,data/raw/images/n/neer/aert/sports_f.jpg
n__neer__aert__towndusk,images/n__neer__aert__towndusk.png,train,https://www.wga.hu/html/n/neer/aert/towndusk.html,"NEER, Aert van der",Small Town at Dusk,,17,Dutch,landscape,Huile,400.0,274.0,1.4598540145985401,0.08666666666666667,data/raw/images/n/neer/aert/towndusk.jpg
n__neer__aert__widerive,images/n__neer__aert__widerive.png,train,https://www.wga.hu/html/n/neer/aert/widerive.html,"NEER, Aert van der",Wide River Landscape by Moonlight with Four Cows,,17,Dutch,landscape,Huile,400.0,385.0,1.0389610389610389,0.22077922077922085,data/raw/images/n/neer/aert/widerive.jpg
n__neer__eglon__landscap,images/n__neer__eglon__landscap.png,train,https://www.wga.hu/html/n/neer/eglon/landscap.html,"NEER, Eglon van der",Pastoral Landscape,1694.0,17,Dutch,landscape,Huile,400.0,296.0,1.3513513513513513,0.013333333333333308,data/raw/images/n/neer/eglon/landscap.jpg
n__nerly__venice1,images/n__nerly__venice1.png,train,https://www.wga.hu/html/n/nerly/venice1.html,"NERLY, Friedrich","The Riva degli Schiavoni, Venice",1842.0,19,German,landscape,Huile,400.0,255.0,1.5686274509803921,0.15000000000000002,data/raw/images/n/nerly/venice1.jpg
n__nerly__venice2,images/n__nerly__venice2.png,train,https://www.wga.hu/html/n/nerly/venice2.html,"NERLY, Friedrich","View of the Grand Canal, Venice",,19,German,landscape,Huile,400.0,290.0,1.3793103448275863,0.03333333333333344,data/raw/images/n/nerly/venice2.jpg
n__neureuth__houses,images/n__neureuth__houses.png,train,https://www.wga.hu/html/n/neureuth/houses.html,"NEUREUTHER, Eugen","Houses in Rome, near Santissima Trinità dei Monti",1837.5,19,German,landscape,Huile,400.0,275.0,1.4545454545454546,0.08333333333333337,data/raw/images/n/neureuth/houses.jpg
n__neyn__farmhous,images/n__neyn__farmhous.png,train,https://www.wga.hu/html/n/neyn/farmhous.html,"NEYN, Pieter de",Farm Houses on Country Road,,17,Dutch,landscape,Huile,400.0,267.0,1.4981273408239701,0.1100000000000001,data/raw/images/n/neyn/farmhous.jpg
n__neyts__landscap,images/n__neyts__landscap.png,train,https://www.wga.hu/html/n/neyts/landscap.html,"NEYTS, Gillis",Landscape with Horsemen,,17,Flemish,landscape,Huile,400.0,266.0,1.5037593984962405,0.11333333333333329,data/raw/images/n/neyts/landscap.jpg
n__neyts__ruins,images/n__neyts__ruins.png,train,https://www.wga.hu/html/n/neyts/ruins.html,"NEYTS, Gillis",Landscape with Ruins of a Castle,,17,Flemish,landscape,Huile,400.0,293.0,1.3651877133105803,0.023333333333333428,data/raw/images/n/neyts/ruins.jpg
n__nieuland__willem__capricci,images/n__nieuland__willem__capricci.png,train,https://www.wga.hu/html/n/nieuland/willem/capricci.html,"NIEULANDT, Willem van, the Younger",A Capriccio View of Rome,1610.0,17,Dutch,landscape,Huile,400.0,296.0,1.3513513513513513,0.013333333333333308,data/raw/images/n/nieuland/willem/capricci.jpg
n__nieuland__willem__forumrom,images/n__nieuland__willem__forumrom.png,train,https://www.wga.hu/html/n/nieuland/willem/forumrom.html,"NIEULANDT, Willem van, the Younger",View of the Forum Romanum,,17,Dutch,landscape,Huile,400.0,225.0,1.7777777777777777,0.25,data/raw/images/n/nieuland/willem/forumrom.jpg
n__nieuland__willem__landscap,images/n__nieuland__willem__landscap.png,train,https://www.wga.hu/html/n/nieuland/willem/landscap.html,"NIEULANDT, Willem van, the Younger",Landscape with Amorous Shepherds,1630.0,17,Dutch,landscape,Huile,400.0,295.0,1.3559322033898304,0.01666666666666672,data/raw/images/n/nieuland/willem/landscap.jpg
n__nittis__garden,images/n__nittis__garden.png,test,https://www.wga.hu/html/n/nittis/garden.html,"NITTIS, Giuseppe de",Breakfast in the Garden,1884.0,19,Italian,landscape,Huile,400.0,268.0,1.492537313432836,0.1066666666666668,data/raw/images/n/nittis/garden.jpg
n__nittis__longcham,images/n__nittis__longcham.png,train,https://www.wga.hu/html/n/nittis/longcham.html,"NITTIS, Giuseppe de",The Races at Longchamps from the Grandstand,1883.0,19,Italian,landscape,Huile,400.0,343.0,1.1661807580174928,0.12536443148688037,data/raw/images/n/nittis/longcham.jpg
n__noel__gale_sea,images/n__noel__gale_sea.png,train,https://www.wga.hu/html/n/noel/gale_sea.html,"NOËL, Alexandre-Jean",Gale at Sea,,19,French,landscape,Techniques sur papier,400.0,260.0,1.5384615384615385,0.13333333333333341,data/raw/images/n/noel/gale_sea.jpg
n__nome__capricc,images/n__nome__capricc.png,train,https://www.wga.hu/html/n/nome/capricc.html,"NOMÉ, François de",Architectural Capriccio with Christ and Disciples,,17,French,landscape,Huile,400.0,327.0,1.2232415902140672,0.0825688073394496,data/raw/images/n/nome/capricc.jpg
n__nome__fantasti,images/n__nome__fantasti.png,test,https://www.wga.hu/html/n/nome/fantasti.html,"NOMÉ, François de",A Fantastic Architectural View,,17,French,landscape,Huile,400.0,275.0,1.4545454545454546,0.08333333333333337,data/raw/images/n/nome/fantasti.jpg
n__nome__roman,images/n__nome__roman.png,train,https://www.wga.hu/html/n/nome/roman.html,"NOMÉ, François de",Landscape with Roman Ruins,,17,French,landscape,Huile,400.0,276.0,1.4492753623188406,0.08000000000000007,data/raw/images/n/nome/roman.jpg
n__nono__gorgazzo,images/n__nono__gorgazzo.png,train,https://www.wga.hu/html/n/nono/gorgazzo.html,"NONO, Luigi",The Source of the Gorgazzo,1872.0,19,Italian,landscape,Huile,400.0,266.0,1.5037593984962405,0.11333333333333329,data/raw/images/n/nono/gorgazzo.jpg
n__nooms__dutchshi,images/n__nooms__dutchshi.png,train,https://www.wga.hu/html/n/nooms/dutchshi.html,"NOOMS, Reiner",Dutch Ships Awaiting Repair on the Ij at Amsterdam,,17,Dutch,landscape,Huile,400.0,294.0,1.3605442176870748,0.020000000000000018,data/raw/images/n/nooms/dutchshi.jpg
n__nooms__merchant,images/n__nooms__merchant.png,test,https://www.wga.hu/html/n/nooms/merchant.html,"NOOMS, Reiner",Merchant Vessel at Anchor,1658.0,17,Dutch,landscape,Huile,400.0,331.0,1.2084592145015105,0.09365558912386707,data/raw/images/n/nooms/merchant.jpg
n__nooms__shipping,images/n__nooms__shipping.png,train,https://www.wga.hu/html/n/nooms/shipping.html,"NOOMS, Reiner",Amsterdam: Shipping on the Ij,,17,Dutch,landscape,Huile,400.0,322.0,1.2422360248447204,0.06832298136645965,data/raw/images/n/nooms/shipping.jpg
n__nooms__shippinx,images/n__nooms__shippinx.png,train,https://www.wga.hu/html/n/nooms/shippinx.html,"NOOMS, Reiner",Shipping before a Mediterranean Coast,,17,Dutch,landscape,Huile,400.0,318.0,1.2578616352201257,0.05660377358490565,data/raw/images/n/nooms/shippinx.jpg
n__nooms__ships,images/n__nooms__ships.png,train,https://www.wga.hu/html/n/nooms/ships.html,"NOOMS, Reiner",Ships off the Coast of North Africa,,17,Dutch,landscape,Huile,400.0,333.0,1.2012012012012012,0.09909909909909909,data/raw/images/n/nooms/ships.jpg
n__norie__landscap,images/n__norie__landscap.png,train,https://www.wga.hu/html/n/norie/landscap.html,"NORIE, James",Arcadian Landscape with Figures beside a Weir,,18,Scottish,landscape,Huile,400.0,312.0,1.2820512820512822,0.038461538461538325,data/raw/images/n/norie/landscap.jpg
n__nuyen__river_la,images/n__nuyen__river_la.png,train,https://www.wga.hu/html/n/nuyen/river_la.html,"NUYEN, Wijnandus Johannes Josephus",River Landscape with Ruins,1838.0,19,Dutch,landscape,Huile,400.0,270.0,1.4814814814814814,0.09999999999999998,data/raw/images/n/nuyen/river_la.jpg
o__oconnor__landscap,images/o__oconnor__landscap.png,train,https://www.wga.hu/html/o/oconnor/landscap.html,"O'CONNOR, James Arthur",Mountainous Continental Landscape,1832.0,19,Irish,landscape,Huile,400.0,294.0,1.3605442176870748,0.020000000000000018,data/raw/images/o/oconnor/landscap.jpg
o__oever__canaland,images/o__oever__canaland.png,train,https://www.wga.hu/html/o/oever/canaland.html,"OEVER, Hendrick ten",Canal Landscape with Figures Bathing,,17,Dutch,landscape,Huile,400.0,308.0,1.2987012987012987,0.025974025974025983,data/raw/images/o/oever/canaland.jpg
o__ommeganc__landscap,images/o__ommeganc__landscap.png,train,https://www.wga.hu/html/o/ommeganc/landscap.html,"OMMEGANCK, Balthazar Paul",Landscape with a Flock of Sheep,1800.0,18,Flemish,landscape,Huile,400.0,310.0,1.2903225806451613,0.032258064516129004,data/raw/images/o/ommeganc/landscap.jpg
o__oosten__landsca,images/o__oosten__landsca.png,train,https://www.wga.hu/html/o/oosten/landsca.html,"OOSTEN, Izaac van",Landscape,,17,Flemish,landscape,Huile,400.0,252.0,1.5873015873015872,0.16000000000000003,data/raw/images/o/oosten/landsca.jpg
o__oosten__landscap,images/o__oosten__landscap.png,train,https://www.wga.hu/html/o/oosten/landscap.html,"OOSTEN, Izaac van",Landscape with a Cavalry Group,1654.5,17,Flemish,landscape,Huile,400.0,275.0,1.4545454545454546,0.08333333333333337,data/raw/images/o/oosten/landscap.jpg
o__oosten__landtrav,images/o__oosten__landtrav.png,train,https://www.wga.hu/html/o/oosten/landtrav.html,"OOSTEN, Izaac van",Landscape,,17,Flemish,landscape,Huile,400.0,227.0,1.7621145374449338,0.2433333333333333,data/raw/images/o/oosten/landtrav.jpg
o__oosten__riverlan,images/o__oosten__riverlan.png,train,https://www.wga.hu/html/o/oosten/riverlan.html,"OOSTEN, Izaac van",River Landscape,,17,Flemish,landscape,Huile,400.0,322.0,1.2422360248447204,0.06832298136645965,data/raw/images/o/oosten/riverlan.jpg
o__oosten__summer,images/o__oosten__summer.png,train,https://www.wga.hu/html/o/oosten/summer.html,"OOSTEN, Izaac van",Summer Landscape,,17,Flemish,landscape,Huile,400.0,290.0,1.3793103448275863,0.03333333333333344,data/raw/images/o/oosten/summer.jpg
o__oosten__travelle,images/o__oosten__travelle.png,train,https://www.wga.hu/html/o/oosten/travelle.html,"OOSTEN, Izaac van",Extensive Landscape with Travellers on a Road,,17,Flemish,landscape,Huile,400.0,309.0,1.2944983818770226,0.029126213592232997,data/raw/images/o/oosten/travelle.jpg
o__oosten__woodedla,images/o__oosten__woodedla.png,train,https://www.wga.hu/html/o/oosten/woodedla.html,"OOSTEN, Izaac van",Wooded Landscape,,17,Flemish,landscape,Huile,400.0,276.0,1.4492753623188406,0.08000000000000007,data/raw/images/o/oosten/woodedla.jpg
o__orlovski__haymarke,images/o__orlovski__haymarke.png,train,https://www.wga.hu/html/o/orlovski/haymarke.html,"ORLOVSKY, Aleksandr Osipovich","The Hay Market, St. Petersburg",1820.0,19,Russian,landscape,Huile,400.0,305.0,1.3114754098360655,0.016393442622950838,data/raw/images/o/orlovski/haymarke.jpg
o__os__jan__ferry,images/o__os__jan__ferry.png,train,https://www.wga.hu/html/o/os/jan/ferry.html,"OS, Jan van",A Ferry Boat,,18,Dutch,landscape,Huile,400.0,304.0,1.3157894736842106,0.013157894736842035,data/raw/images/o/os/jan/ferry.jpg
o__os__jan__river_la,images/o__os__jan__river_la.png,train,https://www.wga.hu/html/o/os/jan/river_la.html,"OS, Jan van",River Landscape,,18,Dutch,landscape,Huile,400.0,316.0,1.2658227848101267,0.050632911392405,data/raw/images/o/os/jan/river_la.jpg
o__os__jan__storm,images/o__os__jan__storm.png,train,https://www.wga.hu/html/o/os/jan/storm.html,"OS, Jan van",Shipping in a Storm off the Coast,,18,Dutch,landscape,Huile,400.0,319.0,1.2539184952978057,0.059561128526645635,data/raw/images/o/os/jan/storm.jpg
o__os__jan__summerla,images/o__os__jan__summerla.png,train,https://www.wga.hu/html/o/os/jan/summerla.html,"OS, Jan van",Summer Landscape,,18,Dutch,landscape,Huile,400.0,299.0,1.3377926421404682,0.0033333333333334103,data/raw/images/o/os/jan/summerla.jpg
o__os__jan__winterla,images/o__os__jan__winterla.png,train,https://www.wga.hu/html/o/os/jan/winterla.html,"OS, Jan van",Winter Landscape,,18,Dutch,landscape,Huile,400.0,299.0,1.3377926421404682,0.0033333333333334103,data/raw/images/o/os/jan/winterla.jpg
o__ostade__isaack__winter,images/o__ostade__isaack__winter.png,train,https://www.wga.hu/html/o/ostade/isaack/winter.html,"OSTADE, Isaack van",Winter Landscape,1643.0,17,Dutch,landscape,Huile,400.0,292.0,1.36986301369863,0.026666666666666616,data/raw/images/o/ostade/isaack/winter.jpg
o__ostade__isaack__winter_k,images/o__ostade__isaack__winter_k.png,train,https://www.wga.hu/html/o/ostade/isaack/winter_k.html,"OSTADE, Isaack van",Frozen Lake,1648.0,17,Dutch,landscape,Huile,400.0,288.0,1.3888888888888888,0.040000000000000036,data/raw/images/o/ostade/isaack/winter_k.jpg
o__ostade__isaack__winter_l,images/o__ostade__isaack__winter_l.png,train,https://www.wga.hu/html/o/ostade/isaack/winter_l.html,"OSTADE, Isaack van",Winter Landscape,1648.0,17,Dutch,landscape,Huile,400.0,249.0,1.606425702811245,0.17000000000000004,data/raw/images/o/ostade/isaack/winter_l.jpg
o__ostade__isaack__winter_n,images/o__ostade__isaack__winter_n.png,train,https://www.wga.hu/html/o/ostade/isaack/winter_n.html,"OSTADE, Isaack van",Winter Landscape,,17,Dutch,landscape,Huile,400.0,261.0,1.5325670498084292,0.13000000000000012,data/raw/images/o/ostade/isaack/winter_n.jpg
o__oudry__father__farm,images/o__oudry__father__farm.png,train,https://www.wga.hu/html/o/oudry/father/farm.html,"OUDRY, Jean-Baptiste",Farmhouse,1750.0,18,French,landscape,Huile,400.0,236.0,1.694915254237288,0.21333333333333337,data/raw/images/o/oudry/father/farm.jpg
o__oudry__father__partridg,images/o__oudry__father__partridg.png,train,https://www.wga.hu/html/o/oudry/father/partridg.html,"OUDRY, Jean-Baptiste",Dog Pointing a Partridge,1725.0,18,French,landscape,Huile,400.0,316.0,1.2658227848101267,0.050632911392405,data/raw/images/o/oudry/father/partridg.jpg
o__oudry__father__two_dogs,images/o__oudry__father__two_dogs.png,train,https://www.wga.hu/html/o/oudry/father/two_dogs.html,"OUDRY, Jean-Baptiste",Two Hunting Dogs with Hares and Game Birds,1716.0,18,French,landscape,Huile,400.0,276.0,1.4492753623188406,0.08000000000000007,data/raw/images/o/oudry/father/two_dogs.jpg
o__ouwater__isaak__ouderker,images/o__ouwater__isaak__ouderker.png,train,https://www.wga.hu/html/o/ouwater/isaak/ouderker.html,"OUWATER, Isaak","Ouderkerk, near Amsterdam",1779.0,18,Dutch,landscape,Huile,400.0,291.0,1.3745704467353952,0.030000000000000027,data/raw/images/o/ouwater/isaak/ouderker.jpg
o__ouwater__isaak__singel,images/o__ouwater__isaak__singel.png,test,https://www.wga.hu/html/o/ouwater/isaak/singel.html,"OUWATER, Isaak",View of the Singel with the Munttoren in Amsterdam,1774.5,18,Dutch,landscape,Huile,400.0,326.0,1.2269938650306749,0.07975460122699385,data/raw/images/o/ouwater/isaak/singel.jpg
p__paal__01paal,images/p__paal__01paal.png,train,https://www.wga.hu/html/p/paal/01paal.html,"PAÁL, László",Noon,1870.0,19,Hungarian,landscape,Huile,400.0,271.0,1.4760147601476015,0.09666666666666668,data/raw/images/p/paal/01paal.jpg
p__paal__02paal,images/p__paal__02paal.png,train,https://www.wga.hu/html/p/paal/02paal.html,"PAÁL, László",The Depth of the Forest,1873.0,19,Hungarian,landscape,Huile,400.0,277.0,1.444043321299639,0.07666666666666677,data/raw/images/p/paal/02paal.jpg
p__paal__04paal,images/p__paal__04paal.png,train,https://www.wga.hu/html/p/paal/04paal.html,"PAÁL, László",Street of Berzova,1871.0,19,Hungarian,landscape,Huile,400.0,295.0,1.3559322033898304,0.01666666666666672,data/raw/images/p/paal/04paal.jpg
p__paal__06paal,images/p__paal__06paal.png,train,https://www.wga.hu/html/p/paal/06paal.html,"PAÁL, László",Edge of Forest,1872.0,19,Hungarian,landscape,Huile,400.0,283.0,1.4134275618374559,0.056666666666666754,data/raw/images/p/paal/06paal.jpg
p__paal__07paal,images/p__paal__07paal.png,train,https://www.wga.hu/html/p/paal/07paal.html,"PAÁL, László",Poplars,1876.0,19,Hungarian,landscape,Huile,400.0,286.0,1.3986013986013985,0.046666666666666634,data/raw/images/p/paal/07paal.jpg
p__paal__09paal,images/p__paal__09paal.png,train,https://www.wga.hu/html/p/paal/09paal.html,"PAÁL, László",Cloudy Weather,1871.0,19,Hungarian,landscape,Huile,400.0,296.0,1.3513513513513513,0.013333333333333308,data/raw/images/p/paal/09paal.jpg
p__paal__11paal,images/p__paal__11paal.png,train,https://www.wga.hu/html/p/paal/11paal.html,"PAÁL, László",The Depth of the Forest,1873.0,19,Hungarian,landscape,Huile,400.0,277.0,1.444043321299639,0.07666666666666677,data/raw/images/p/paal/11paal.jpg
p__paal__14paal,images/p__paal__14paal.png,train,https://www.wga.hu/html/p/paal/14paal.html,"PAÁL, László",Frog Swamp,1875.0,19,Hungarian,landscape,Huile,400.0,245.0,1.6326530612244898,0.18333333333333335,data/raw/images/p/paal/14paal.jpg
p__palamede__palamede__battlesc,images/p__palamede__palamede__battlesc.png,train,https://www.wga.hu/html/p/palamede/palamede/battlesc.html,"PALAMEDESZ., Palamedes",Cavalry Battle Scene,,17,Dutch,landscape,Huile,400.0,289.0,1.3840830449826989,0.036666666666666625,data/raw/images/p/palamede/palamede/battlesc.jpg
p__pannini__capricci,images/p__pannini__capricci.png,train,https://www.wga.hu/html/p/pannini/capricci.html,"PANNINI, Giovanni Paolo",Capriccio of Classical Ruins,1727.5,18,Italian,landscape,Huile,400.0,285.0,1.4035087719298245,0.050000000000000044,data/raw/images/p/pannini/capricci.jpg
p__pannini__capriccj,images/p__pannini__capriccj.png,train,https://www.wga.hu/html/p/pannini/capriccj.html,"PANNINI, Giovanni Paolo",Architectural Capriccio,1730.0,18,Italian,landscape,Huile,400.0,292.0,1.36986301369863,0.026666666666666616,data/raw/images/p/pannini/capriccj.jpg
p__pannini__capricck,images/p__pannini__capricck.png,train,https://www.wga.hu/html/p/pannini/capricck.html,"PANNINI, Giovanni Paolo",Roman Capriccio: The Pantheon and Other Monuments,1735.0,18,Italian,landscape,Huile,400.0,293.0,1.3651877133105803,0.023333333333333428,data/raw/images/p/pannini/capricck.jpg
p__pannini__capriccr,images/p__pannini__capriccr.png,train,https://www.wga.hu/html/p/pannini/capriccr.html,"PANNINI, Giovanni Paolo",Capriccio of Classical Ruins,1739.0,18,Italian,landscape,Huile,400.0,299.0,1.3377926421404682,0.0033333333333334103,data/raw/images/p/pannini/capriccr.jpg
p__pannini__charles3,images/p__pannini__charles3.png,train,https://www.wga.hu/html/p/pannini/charles3.html,"PANNINI, Giovanni Paolo",Charles III at St Peter's,,18,Italian,landscape,Huile,400.0,280.0,1.4285714285714286,0.06666666666666676,data/raw/images/p/pannini/charles3.jpg
p__pannini__ideal_la,images/p__pannini__ideal_la.png,train,https://www.wga.hu/html/p/pannini/ideal_la.html,"PANNINI, Giovanni Paolo",Ideal Landscape with the Titus Arch,,18,Italian,landscape,Huile,400.0,307.0,1.3029315960912051,0.0228013029315961,data/raw/images/p/pannini/ideal_la.jpg
p__pannini__viewforo,images/p__pannini__viewforo.png,train,https://www.wga.hu/html/p/pannini/viewforo.html,"PANNINI, Giovanni Paolo",View of the Forum Looking towards the Capitol,1751.0,18,Italian,landscape,Huile,400.0,240.0,1.6666666666666667,0.20000000000000007,data/raw/images/p/pannini/viewforo.jpg
p__pannini__viewquir,images/p__pannini__viewquir.png,train,https://www.wga.hu/html/p/pannini/viewquir.html,"PANNINI, Giovanni Paolo",The Piazza del Quirinale,1743.0,18,Italian,landscape,Huile,400.0,330.0,1.2121212121212122,0.09090909090909083,data/raw/images/p/pannini/viewquir.jpg
p__pannini__viewrome,images/p__pannini__viewrome.png,train,https://www.wga.hu/html/p/pannini/viewrome.html,"PANNINI, Giovanni Paolo","View of Rome from Mt. Mario, in the Southeast",1749.0,18,Italian,landscape,Huile,400.0,245.0,1.6326530612244898,0.18333333333333335,data/raw/images/p/pannini/viewrome.jpg
p__paret__viewaren,images/p__paret__viewaren.png,train,https://www.wga.hu/html/p/paret/viewaren.html,"PARET Y ALCAZÁR, Luis",View of El Arenal in Bilbao,1783.5,18,Spanish,landscape,Huile,400.0,271.0,1.4760147601476015,0.09666666666666668,data/raw/images/p/paret/viewaren.jpg
p__parrocel__joseph__windmill,images/p__parrocel__joseph__windmill.png,train,https://www.wga.hu/html/p/parrocel/joseph/windmill.html,"PARROCEL, Joseph",Battle by the Windmill,,17,French,landscape,Huile,400.0,236.0,1.694915254237288,0.21333333333333337,data/raw/images/p/parrocel/joseph/windmill.jpg
p__patch__harbour,images/p__patch__harbour.png,train,https://www.wga.hu/html/p/patch/harbour.html,"PATCH, Thomas",View of an Italian Harbour,,18,English,landscape,Huile,400.0,279.0,1.4336917562724014,0.07000000000000006,data/raw/images/p/patch/harbour.jpg
p__patel__pierre_e__italiana,images/p__patel__pierre_e__italiana.png,train,https://www.wga.hu/html/p/patel/pierre_e/italiana.html,"PATEL, Pierre",Italianate Landscape,1656.0,17,French,landscape,Huile,400.0,274.0,1.4598540145985401,0.08666666666666667,data/raw/images/p/patel/pierre_e/italiana.jpg
p__patel__pierre_e__lan_ruin,images/p__patel__pierre_e__lan_ruin.png,train,https://www.wga.hu/html/p/patel/pierre_e/lan_ruin.html,"PATEL, Pierre",Landscape with Ruins,,17,French,landscape,Huile,400.0,273.0,1.465201465201465,0.08999999999999997,data/raw/images/p/patel/pierre_e/lan_ruin.jpg
p__patel__pierre_e__lanegypt,images/p__patel__pierre_e__lanegypt.png,train,https://www.wga.hu/html/p/patel/pierre_e/lanegypt.html,"PATEL, Pierre",Landscape with the Flight into Egypt,1657.0,17,French,landscape,Huile,400.0,296.0,1.3513513513513513,0.013333333333333308,data/raw/images/p/patel/pierre_e/lanegypt.jpg
p__patel__pierre_e__versaill,images/p__patel__pierre_e__versaill.png,train,https://www.wga.hu/html/p/patel/pierre_e/versaill.html,"PATEL, Pierre",Bird's eye view of Versailles,1668.0,17,French,landscape,Huile,400.0,289.0,1.3840830449826989,0.036666666666666625,data/raw/images/p/patel/pierre_e/versaill.jpg
p__patel__pierre_y__landscap,images/p__patel__pierre_y__landscap.png,train,https://www.wga.hu/html/p/patel/pierre_y/landscap.html,"PATEL, Pierre-Antoine",A Classical Landscape,1697.0,17,French,landscape,Huile,400.0,300.0,1.3333333333333333,0.0,data/raw/images/p/patel/pierre_y/landscap.jpg
p__patenier__land_res,images/p__patenier__land_res.png,train,https://www.wga.hu/html/p/patenier/land_res.html,"PATENIER, Joachim",Landscape with the Flight into Egypt,,16,Flemish,landscape,Huile,400.0,319.0,1.2539184952978057,0.059561128526645635,data/raw/images/p/patenier/land_res.jpg
p__patenier__landsca,images/p__patenier__landsca.png,train,https://www.wga.hu/html/p/patenier/landsca.html,"PATENIER, Joachim",Landscape with the Rest on the Flight,,16,Flemish,landscape,Huile,400.0,324.0,1.2345679012345678,0.07407407407407407,data/raw/images/p/patenier/landsca.jpg
p__patenier__landscap,images/p__patenier__landscap.png,test,https://www.wga.hu/html/p/patenier/landscap.html,"PATENIER, Joachim",Landscape with St John the Baptist Preaching,,16,Flemish,landscape,Non précisé (support seul),400.0,290.0,1.3793103448275863,0.03333333333333344,data/raw/images/p/patenier/landscap.jpg
p__patenier__st_jerom,images/p__patenier__st_jerom.png,train,https://www.wga.hu/html/p/patenier/st_jerom.html,"PATENIER, Joachim",Landscape with St Jerome,1517.0,16,Flemish,landscape,Huile,400.0,326.0,1.2269938650306749,0.07975460122699385,data/raw/images/p/patenier/st_jerom.jpg
p__patenier__temptati,images/p__patenier__temptati.png,train,https://www.wga.hu/html/p/patenier/temptati.html,"PATENIER, Joachim",Temptation of St Anthony,1515.0,16,Flemish,landscape,Huile,400.0,355.0,1.1267605633802817,0.15492957746478864,data/raw/images/p/patenier/temptati.jpg
p__patersso__tauride,images/p__patersso__tauride.png,train,https://www.wga.hu/html/p/patersso/tauride.html,"PATERSSON, Benjamin",Tauride Palace Seen from the Neva,1800.0,18,Swedish,landscape,Huile,400.0,268.0,1.492537313432836,0.1066666666666668,data/raw/images/p/patersso/tauride.jpg
p__paulsen__beach,images/p__paulsen__beach.png,train,https://www.wga.hu/html/p/paulsen/beach.html,"PAULSEN, Julius",St. John's on Tisvilde Beach,1886.0,19,Danish,landscape,Huile,400.0,315.0,1.2698412698412698,0.04761904761904767,data/raw/images/p/paulsen/beach.jpg
p__paulsen__pontarts,images/p__paulsen__pontarts.png,train,https://www.wga.hu/html/p/paulsen/pontarts.html,"PAULSEN, Julius","Under the Pont des Arts, Paris",1910.0,19,Danish,landscape,Huile,400.0,309.0,1.2944983818770226,0.029126213592232997,data/raw/images/p/paulsen/pontarts.jpg
p__peetersb__bonavent__choppy,images/p__peetersb__bonavent__choppy.png,train,https://www.wga.hu/html/p/peetersb/bonavent/choppy.html,"PEETERS, Bonaventura",Dutch Vessels on Choppy Waters,,17,Flemish,landscape,Huile,400.0,251.0,1.593625498007968,0.16333333333333333,data/raw/images/p/peetersb/bonavent/choppy.jpg
p__peetersb__bonavent__viewcoas,images/p__peetersb__bonavent__viewcoas.png,train,https://www.wga.hu/html/p/peetersb/bonavent/viewcoas.html,"PEETERS, Bonaventura",View of a Southern Coast,1652.0,17,Flemish,landscape,Huile,400.0,237.0,1.6877637130801688,0.21000000000000008,data/raw/images/p/peetersb/bonavent/viewcoas.jpg
p__peetersb__bonavent__estuary,images/p__peetersb__bonavent__estuary.png,train,https://www.wga.hu/html/p/peetersb/bonavent/estuary.html,"PEETERS, Bonaventura I",Breezy Estuary Scene,,17,Flemish,landscape,Huile,400.0,302.0,1.3245033112582782,0.0066225165562913135,data/raw/images/p/peetersb/bonavent/estuary.jpg
p__peetersb__bonavent__fortifie,images/p__peetersb__bonavent__fortifie.png,test,https://www.wga.hu/html/p/peetersb/bonavent/fortifie.html,"PEETERS, Bonaventura I",Fortified Harbour,1646.0,17,Flemish,landscape,Huile,400.0,258.0,1.550387596899225,0.14000000000000012,data/raw/images/p/peetersb/bonavent/fortifie.jpg
p__peetersb__bonavent__oharbour,images/p__peetersb__bonavent__oharbour.png,train,https://www.wga.hu/html/p/peetersb/bonavent/oharbour.html,"PEETERS, Bonaventura I",An Oriental Harbour,1651.0,17,Flemish,landscape,Huile,400.0,274.0,1.4598540145985401,0.08666666666666667,data/raw/images/p/peetersb/bonavent/oharbour.jpg
p__peetersb__bonavent__shippin,images/p__peetersb__bonavent__shippin.png,train,https://www.wga.hu/html/p/peetersb/bonavent/shippin.html,"PEETERS, Bonaventura I",Shipping at Sea in a Light Breeze,,17,Flemish,landscape,Huile,400.0,287.0,1.3937282229965158,0.043333333333333446,data/raw/images/p/peetersb/bonavent/shippin.jpg
p__peetersb__bonavent__shipping,images/p__peetersb__bonavent__shipping.png,test,https://www.wga.hu/html/p/peetersb/bonavent/shipping.html,"PEETERS, Bonaventura I",Shipping in a Tempest off a Rocky Coast,,17,Flemish,landscape,Huile,400.0,282.0,1.4184397163120568,0.06000000000000005,data/raw/images/p/peetersb/bonavent/shipping.jpg
p__peetersb__bonavent__storm1,images/p__peetersb__bonavent__storm1.png,train,https://www.wga.hu/html/p/peetersb/bonavent/storm1.html,"PEETERS, Bonaventura I",Storm on the Sea,1632.0,17,Flemish,landscape,Huile,400.0,280.0,1.4285714285714286,0.06666666666666676,data/raw/images/p/peetersb/bonavent/storm1.jpg
p__peetersb__bonavent__storm2,images/p__peetersb__bonavent__storm2.png,train,https://www.wga.hu/html/p/peetersb/bonavent/storm2.html,"PEETERS, Bonaventura I",Shipwreck,1632.0,17,Flemish,landscape,Huile,400.0,278.0,1.4388489208633093,0.07333333333333336,data/raw/images/p/peetersb/bonavent/storm2.jpg
p__peetersb__gillis__estuary,images/p__peetersb__gillis__estuary.png,train,https://www.wga.hu/html/p/peetersb/gillis/estuary.html,"PEETERS, Gillis I",Estuary Scene,,17,Flemish,landscape,Huile,400.0,228.0,1.7543859649122806,0.24,data/raw/images/p/peetersb/gillis/estuary.jpg
p__peetersb__gillis__landscap,images/p__peetersb__gillis__landscap.png,train,https://www.wga.hu/html/p/peetersb/gillis/landscap.html,"PEETERS, Gillis I",Mountainous Landscape,,17,Flemish,landscape,Huile,400.0,296.0,1.3513513513513513,0.013333333333333308,data/raw/images/p/peetersb/gillis/landscap.jpg
p__peetersb__gillis__river_la,images/p__peetersb__gillis__river_la.png,train,https://www.wga.hu/html/p/peetersb/gillis/river_la.html,"PEETERS, Gillis I",A Mountainous River Landscape,,17,Flemish,landscape,Huile,400.0,245.0,1.6326530612244898,0.18333333333333335,data/raw/images/p/peetersb/gillis/river_la.jpg
p__peetersb__gillis__watermil,images/p__peetersb__gillis__watermil.png,train,https://www.wga.hu/html/p/peetersb/gillis/watermil.html,"PEETERS, Gillis I",Landscape with Watermill,,17,Flemish,landscape,Huile,400.0,292.0,1.36986301369863,0.026666666666666616,data/raw/images/p/peetersb/gillis/watermil.jpg
p__pellizza__washing,images/p__pellizza__washing.png,train,https://www.wga.hu/html/p/pellizza/washing.html,"PELLIZZA DA VOLPEDO, Giuseppe",Washing in the Sun,1905.0,19,Italian,landscape,Huile,400.0,262.0,1.5267175572519085,0.12666666666666682,data/raw/images/p/pellizza/washing.jpg
p__percy__homeward,images/p__percy__homeward.png,train,https://www.wga.hu/html/p/percy/homeward.html,"PERCY, Sidney Richard",Homeward Bound,1851.0,19,English,landscape,Huile,400.0,272.0,1.4705882352941178,0.09333333333333349,data/raw/images/p/percy/homeward.jpg
p__percy__llydaw,images/p__percy__llydaw.png,train,https://www.wga.hu/html/p/percy/llydaw.html,"PERCY, Sidney Richard","Llyn Llydaw, North Wales",1872.0,19,English,landscape,Huile,400.0,258.0,1.550387596899225,0.14000000000000012,data/raw/images/p/percy/llydaw.jpg
p__perez_v__toledo,images/p__perez_v__toledo.png,train,https://www.wga.hu/html/p/perez_v/toledo.html,"PÉREZ VILLAAMIL, Jenaro",General View of Toledo from the Cross of the Canons,1836.0,19,Spanish,landscape,Huile,400.0,316.0,1.2658227848101267,0.050632911392405,data/raw/images/p/perez_v/toledo.jpg
p__perrot__view_flo,images/p__perrot__view_flo.png,train,https://www.wga.hu/html/p/perrot/view_flo.html,"PERROT, Antoine Marie",View outside Florence,1838.0,19,French,landscape,Huile,400.0,274.0,1.4598540145985401,0.08666666666666667,data/raw/images/p/perrot/view_flo.jpg
p__perrot__view_riv,images/p__perrot__view_riv.png,train,https://www.wga.hu/html/p/perrot/view_riv.html,"PERROT, Antoine Marie",View of the River Arno at Florence,1837.0,19,French,landscape,Huile,400.0,269.0,1.486988847583643,0.10333333333333328,data/raw/images/p/perrot/view_riv.jpg
p__perry__giverny,images/p__perry__giverny.png,train,https://www.wga.hu/html/p/perry/giverny.html,"PERRY, Lilla Cabot",Monet's Garden at Giverny,1897.0,19,American,landscape,Huile,400.0,318.0,1.2578616352201257,0.05660377358490565,data/raw/images/p/perry/giverny.jpg
p__perry__landscap,images/p__perry__landscap.png,train,https://www.wga.hu/html/p/perry/landscap.html,"PERRY, Lilla Cabot",Landscape in Normandy,,19,American,landscape,Huile,400.0,329.0,1.21580547112462,0.08814589665653494,data/raw/images/p/perry/landscap.jpg
p__petitjea__notredam,images/p__petitjea__notredam.png,train,https://www.wga.hu/html/p/petitjea/notredam.html,"PETITJEAN, Hippolyte",Notre-Dame,1895.0,19,French,landscape,Huile,400.0,281.0,1.4234875444839858,0.06333333333333346,data/raw/images/p/petitjea/notredam.jpg
p__petrovic__boulogne,images/p__petrovic__boulogne.png,train,https://www.wga.hu/html/p/petrovic/boulogne.html,"PETROVIÆ, Nadežda",Bois de Boulogne,1911.0,19,Other,landscape,Huile,400.0,346.0,1.1560693641618498,0.1329479768786126,data/raw/images/p/petrovic/boulogne.jpg
p__philipse__cattle,images/p__philipse__cattle.png,test,https://www.wga.hu/html/p/philipse/cattle.html,"PHILIPSEN, Theodor Esbern",Long Shadows. Cattle on the Island of Saltholm,1890.0,19,Danish,landscape,Huile,400.0,299.0,1.3377926421404682,0.0033333333333334103,data/raw/images/p/philipse/cattle.jpg
p__philipse__deerpark,images/p__philipse__deerpark.png,train,https://www.wga.hu/html/p/philipse/deerpark.html,"PHILIPSEN, Theodor Esbern","Late Autumn Day in the Jagersborg Deer Park, North of Copenhagen",1886.0,19,Danish,landscape,Huile,400.0,317.0,1.2618296529968454,0.05362776025236593,data/raw/images/p/philipse/deerpark.jpg
p__philipse__kastrup,images/p__philipse__kastrup.png,train,https://www.wga.hu/html/p/philipse/kastrup.html,"PHILIPSEN, Theodor Esbern",A Lane at Kastrup,1891.0,19,Danish,landscape,Huile,400.0,267.0,1.4981273408239701,0.1100000000000001,data/raw/images/p/philipse/kastrup.jpg
p__philipse__tunis,images/p__philipse__tunis.png,train,https://www.wga.hu/html/p/philipse/tunis.html,"PHILIPSEN, Theodor Esbern",Street in Tunis,1882.0,19,Danish,landscape,Huile,400.0,334.0,1.1976047904191616,0.10179640718562877,data/raw/images/p/philipse/tunis.jpg
p__pierre__landscap,images/p__pierre__landscap.png,train,https://www.wga.hu/html/p/pierre/landscap.html,"PIERRE, Jean-Baptiste-Marie",Landscape with Peasants Playing Music and Dancing,1737.5,18,French,landscape,Huile,400.0,316.0,1.2658227848101267,0.050632911392405,data/raw/images/p/pierre/landscap.jpg
p__piette__pontoise,images/p__piette__pontoise.png,train,https://www.wga.hu/html/p/piette/pontoise.html,"PIETTE, Ludovic",The Market outside Pontoise Town Hall,1876.0,19,French,landscape,Huile,400.0,235.0,1.702127659574468,0.21666666666666667,data/raw/images/p/piette/pontoise.jpg
p__pillemen__landscap,images/p__pillemen__landscap.png,train,https://www.wga.hu/html/p/pillemen/landscap.html,"PILLEMENT, Jean-Baptiste",Landscape,,18,French,landscape,Huile,400.0,288.0,1.3888888888888888,0.040000000000000036,data/raw/images/p/pillemen/landscap.jpg
p__pillemen__landscax,images/p__pillemen__landscax.png,train,https://www.wga.hu/html/p/pillemen/landscax.html,"PILLEMENT, Jean-Baptiste",Landscape,1752.0,18,French,landscape,Huile,400.0,268.0,1.492537313432836,0.1066666666666668,data/raw/images/p/pillemen/landscax.jpg
p__pillemen__landwash,images/p__pillemen__landwash.png,train,https://www.wga.hu/html/p/pillemen/landwash.html,"PILLEMENT, Jean-Baptiste",Landscape with Washerwomen,1792.0,18,French,landscape,Huile,400.0,262.0,1.5267175572519085,0.12666666666666682,data/raw/images/p/pillemen/landwash.jpg
p__pillemen__mountai,images/p__pillemen__mountai.png,train,https://www.wga.hu/html/p/pillemen/mountai.html,"PILLEMENT, Jean-Baptiste",Mountain Torrent,1794.5,18,French,landscape,Huile,400.0,328.0,1.2195121951219512,0.08536585365853655,data/raw/images/p/pillemen/mountai.jpg
p__pillemen__mountain,images/p__pillemen__mountain.png,train,https://www.wga.hu/html/p/pillemen/mountain.html,"PILLEMENT, Jean-Baptiste",Mountainous Landscape,1780.0,18,French,landscape,Huile,400.0,296.0,1.3513513513513513,0.013333333333333308,data/raw/images/p/pillemen/mountain.jpg
p__pillemen__pastoral,images/p__pillemen__pastoral.png,train,https://www.wga.hu/html/p/pillemen/pastoral.html,"PILLEMENT, Jean-Baptiste",Pastoral Landscape with Shepherds,,18,French,landscape,Huile,400.0,293.0,1.3651877133105803,0.023333333333333428,data/raw/images/p/pillemen/pastoral.jpg
p__pillemen__river_la,images/p__pillemen__river_la.png,train,https://www.wga.hu/html/p/pillemen/river_la.html,"PILLEMENT, Jean-Baptiste",River Landscape,,18,French,landscape,Huile,400.0,308.0,1.2987012987012987,0.025974025974025983,data/raw/images/p/pillemen/river_la.jpg
p__pillemen__riverlan,images/p__pillemen__riverlan.png,train,https://www.wga.hu/html/p/pillemen/riverlan.html,"PILLEMENT, Jean-Baptiste",River Landscape,1793.0,18,French,landscape,Huile,400.0,258.0,1.550387596899225,0.14000000000000012,data/raw/images/p/pillemen/riverlan.jpg
p__pillemen__seasons1,images/p__pillemen__seasons1.png,train,https://www.wga.hu/html/p/pillemen/seasons1.html,"PILLEMENT, Jean-Baptiste",Autumn,1792.0,18,French,landscape,Huile,400.0,279.0,1.4336917562724014,0.07000000000000006,data/raw/images/p/pillemen/seasons1.jpg
p__pillemen__seasons2,images/p__pillemen__seasons2.png,train,https://www.wga.hu/html/p/pillemen/seasons2.html,"PILLEMENT, Jean-Baptiste",Winter,1792.0,18,French,landscape,Huile,400.0,279.0,1.4336917562724014,0.07000000000000006,data/raw/images/p/pillemen/seasons2.jpg
p__pillemen__shipwrec,images/p__pillemen__shipwrec.png,train,https://www.wga.hu/html/p/pillemen/shipwrec.html,"PILLEMENT, Jean-Baptiste",Shipwrecked Sailors Coming Ashore,,18,French,landscape,Huile,400.0,272.0,1.4705882352941178,0.09333333333333349,data/raw/images/p/pillemen/shipwrec.jpg
p__pillemen__waterfal,images/p__pillemen__waterfal.png,train,https://www.wga.hu/html/p/pillemen/waterfal.html,"PILLEMENT, Jean-Baptiste",Waterfall Landscape in Portugal,,18,French,landscape,Huile,400.0,275.0,1.4545454545454546,0.08333333333333337,data/raw/images/p/pillemen/waterfal.jpg
p__pissarro__camille__1__louvec1,images/p__pissarro__camille__1__louvec1.png,train,https://www.wga.hu/html/p/pissarro/camille/1/louvec1.html,"PISSARRO, Camille",The Mailcoach at Louveciennes,1870.0,19,French,landscape,Huile,400.0,282.0,1.4184397163120568,0.06000000000000005,data/raw/images/p/pissarro/camille/1/louvec1.jpg
p__pissarro__camille__1__louvec3,images/p__pissarro__camille__1__louvec3.png,train,https://www.wga.hu/html/p/pissarro/camille/1/louvec3.html,"PISSARRO, Camille","Route de Versailles, Louveciennes",1870.0,19,French,landscape,Huile,400.0,322.0,1.2422360248447204,0.06832298136645965,data/raw/images/p/pissarro/camille/1/louvec3.jpg
p__pissarro__camille__1__louvec4,images/p__pissarro__camille__1__louvec4.png,train,https://www.wga.hu/html/p/pissarro/camille/1/louvec4.html,"PISSARRO, Camille","Orchard in Blossom, Louveciennes",1872.0,19,French,landscape,Huile,400.0,333.0,1.2012012012012012,0.09909909909909909,data/raw/images/p/pissarro/camille/1/louvec4.jpg
p__pissarro__camille__1__louvec5,images/p__pissarro__camille__1__louvec5.png,train,https://www.wga.hu/html/p/pissarro/camille/1/louvec5.html,"PISSARRO, Camille",Chestnut Trees at Louveciennes,1872.0,19,French,landscape,Huile,400.0,298.0,1.342281879194631,0.006666666666666821,data/raw/images/p/pissarro/camille/1/louvec5.jpg
p__pissarro__camille__1__ponto01,images/p__pissarro__camille__1__ponto01.png,train,https://www.wga.hu/html/p/pissarro/camille/1/ponto01.html,"PISSARRO, Camille","Jallais Hill, Pontoise",1867.0,19,French,landscape,Huile,400.0,296.0,1.3513513513513513,0.013333333333333308,data/raw/images/p/pissarro/camille/1/ponto01.jpg
p__pissarro__camille__1__ponto02,images/p__pissarro__camille__1__ponto02.png,train,https://www.wga.hu/html/p/pissarro/camille/1/ponto02.html,"PISSARRO, Camille",A Cowherd at Pontoise,1874.0,19,French,landscape,Huile,400.0,235.0,1.702127659574468,0.21666666666666667,data/raw/images/p/pissarro/camille/1/ponto02.jpg
p__pissarro__camille__1__ponto03,images/p__pissarro__camille__1__ponto03.png,test,https://www.wga.hu/html/p/pissarro/camille/1/ponto03.html,"PISSARRO, Camille",The Hermitage at Pontoise,1873.0,19,French,landscape,Huile,400.0,323.0,1.238390092879257,0.07120743034055721,data/raw/images/p/pissarro/camille/1/ponto03.jpg
p__pissarro__camille__1__ponto04,images/p__pissarro__camille__1__ponto04.png,test,https://www.wga.hu/html/p/pissarro/camille/1/ponto04.html,"PISSARRO, Camille",The Hermitage at Pontoise,1874.0,19,French,landscape,Huile,400.0,294.0,1.3605442176870748,0.020000000000000018,data/raw/images/p/pissarro/camille/1/ponto04.jpg
p__pissarro__camille__1__ponto05,images/p__pissarro__camille__1__ponto05.png,train,https://www.wga.hu/html/p/pissarro/camille/1/ponto05.html,"PISSARRO, Camille","Rye Fields at Pontoise, Côte des Mathurins",1877.0,19,French,landscape,Huile,400.0,327.0,1.2232415902140672,0.0825688073394496,data/raw/images/p/pissarro/camille/1/ponto05.jpg
p__pissarro__camille__1__ponto06,images/p__pissarro__camille__1__ponto06.png,train,https://www.wga.hu/html/p/pissarro/camille/1/ponto06.html,"PISSARRO, Camille",The Mailcoach. The Road from Ennery to the Hermitage,1877.0,19,French,landscape,Huile,400.0,322.0,1.2422360248447204,0.06832298136645965,data/raw/images/p/pissarro/camille/1/ponto06.jpg
p__pissarro__camille__1__ponto07,images/p__pissarro__camille__1__ponto07.png,train,https://www.wga.hu/html/p/pissarro/camille/1/ponto07.html,"PISSARRO, Camille","Path at ""Le Chou""",1878.0,19,French,landscape,Huile,400.0,245.0,1.6326530612244898,0.18333333333333335,data/raw/images/p/pissarro/camille/1/ponto07.jpg
p__pissarro__camille__1__ponto09,images/p__pissarro__camille__1__ponto09.png,train,https://www.wga.hu/html/p/pissarro/camille/1/ponto09.html,"PISSARRO, Camille","Spring at Pontoise, Vegetable Garden and Trees in Blossom",1877.0,19,French,landscape,Huile,400.0,320.0,1.25,0.0625,data/raw/images/p/pissarro/camille/1/ponto09.jpg
p__pissarro__camille__1__ponto10,images/p__pissarro__camille__1__ponto10.png,train,https://www.wga.hu/html/p/pissarro/camille/1/ponto10.html,"PISSARRO, Camille",Fair at the Hermitage near Pontoise,1878.0,19,French,landscape,Huile,400.0,326.0,1.2269938650306749,0.07975460122699385,data/raw/images/p/pissarro/camille/1/ponto10.jpg
p__pissarro__camille__1__ponto11,images/p__pissarro__camille__1__ponto11.png,train,https://www.wga.hu/html/p/pissarro/camille/1/ponto11.html,"PISSARRO, Camille",Vegetable Garden at the Hermitage near Pontoise,1879.0,19,French,landscape,Huile,400.0,322.0,1.2422360248447204,0.06832298136645965,data/raw/images/p/pissarro/camille/1/ponto11.jpg
p__pissarro__camille__2__paris01,images/p__pissarro__camille__2__paris01.png,train,https://www.wga.hu/html/p/pissarro/camille/2/paris01.html,"PISSARRO, Camille",Boulevard Montmartre on a Cloudy Morning,1897.0,19,French,landscape,Huile,400.0,312.0,1.2820512820512822,0.038461538461538325,data/raw/images/p/pissarro/camille/2/paris01.jpg
p__pissarro__camille__2__paris02,images/p__pissarro__camille__2__paris02.png,train,https://www.wga.hu/html/p/pissarro/camille/2/paris02.html,"PISSARRO, Camille",Boulevard Montmartre on a Winter Morning,1897.0,19,French,landscape,Huile,400.0,316.0,1.2658227848101267,0.050632911392405,data/raw/images/p/pissarro/camille/2/paris02.jpg
p__pissarro__camille__2__paris03,images/p__pissarro__camille__2__paris03.png,train,https://www.wga.hu/html/p/pissarro/camille/2/paris03.html,"PISSARRO, Camille",Boulevard Montmartre at Night,1897.0,19,French,landscape,Huile,400.0,326.0,1.2269938650306749,0.07975460122699385,data/raw/images/p/pissarro/camille/2/paris03.jpg
p__pissarro__camille__2__paris04,images/p__pissarro__camille__2__paris04.png,train,https://www.wga.hu/html/p/pissarro/camille/2/paris04.html,"PISSARRO, Camille",Boulevard Montmartre at Night,1897.0,19,French,landscape,Huile,400.0,335.0,1.1940298507462686,0.10447761194029859,data/raw/images/p/pissarro/camille/2/paris04.jpg
p__pissarro__camille__2__paris05,images/p__pissarro__camille__2__paris05.png,train,https://www.wga.hu/html/p/pissarro/camille/2/paris05.html,"PISSARRO, Camille",Boulevard Montmartre in Paris,1897.0,19,French,landscape,Huile,400.0,313.0,1.2779552715654952,0.04153354632587858,data/raw/images/p/pissarro/camille/2/paris05.jpg
p__pissarro__camille__2__paris06,images/p__pissarro__camille__2__paris06.png,train,https://www.wga.hu/html/p/pissarro/camille/2/paris06.html,"PISSARRO, Camille",Place du Théâtre Français,1898.0,19,French,landscape,Huile,400.0,327.0,1.2232415902140672,0.0825688073394496,data/raw/images/p/pissarro/camille/2/paris06.jpg
p__pissarro__camille__2__paris07,images/p__pissarro__camille__2__paris07.png,train,https://www.wga.hu/html/p/pissarro/camille/2/paris07.html,"PISSARRO, Camille",Place du Théâtre Français,1898.0,19,French,landscape,Huile,400.0,324.0,1.2345679012345678,0.07407407407407407,data/raw/images/p/pissarro/camille/2/paris07.jpg
p__pissarro__camille__2__paris10,images/p__pissarro__camille__2__paris10.png,test,https://www.wga.hu/html/p/pissarro/camille/2/paris10.html,"PISSARRO, Camille",Tuileries Garden in Rain,1899.0,19,French,landscape,Huile,400.0,281.0,1.4234875444839858,0.06333333333333346,data/raw/images/p/pissarro/camille/2/paris10.jpg
p__pissarro__camille__3__winter01,images/p__pissarro__camille__3__winter01.png,train,https://www.wga.hu/html/p/pissarro/camille/3/winter01.html,"PISSARRO, Camille",The Versailles Road at Louveciennes (Snow),1869.0,19,French,landscape,Huile,400.0,326.0,1.2269938650306749,0.07975460122699385,data/raw/images/p/pissarro/camille/3/winter01.jpg
p__pissarro__camille__3__winter02,images/p__pissarro__camille__3__winter02.png,train,https://www.wga.hu/html/p/pissarro/camille/3/winter02.html,"PISSARRO, Camille","Road, Winter Sun and Snow",1869.5,19,French,landscape,Huile,400.0,335.0,1.1940298507462686,0.10447761194029859,data/raw/images/p/pissarro/camille/3/winter02.jpg
p__pissarro__camille__3__winter04,images/p__pissarro__camille__3__winter04.png,train,https://www.wga.hu/html/p/pissarro/camille/3/winter04.html,"PISSARRO, Camille","Fox Hill, Upper Norwood",1870.0,19,French,landscape,Huile,400.0,298.0,1.342281879194631,0.006666666666666821,data/raw/images/p/pissarro/camille/3/winter04.jpg
p__pissarro__camille__3__winter05,images/p__pissarro__camille__3__winter05.png,train,https://www.wga.hu/html/p/pissarro/camille/3/winter05.html,"PISSARRO, Camille",Snow at Louveciennes,1871.5,19,French,landscape,Huile,400.0,268.0,1.492537313432836,0.1066666666666668,data/raw/images/p/pissarro/camille/3/winter05.jpg
p__pissarro__camille__3__winter06,images/p__pissarro__camille__3__winter06.png,train,https://www.wga.hu/html/p/pissarro/camille/3/winter06.html,"PISSARRO, Camille",Louveciennes,1872.0,19,French,landscape,Huile,400.0,328.0,1.2195121951219512,0.08536585365853655,data/raw/images/p/pissarro/camille/3/winter06.jpg
p__pissarro__camille__3__winter07,images/p__pissarro__camille__3__winter07.png,train,https://www.wga.hu/html/p/pissarro/camille/3/winter07.html,"PISSARRO, Camille","Street in Pontoise, Winter",1873.0,19,French,landscape,Huile,400.0,293.0,1.3651877133105803,0.023333333333333428,data/raw/images/p/pissarro/camille/3/winter07.jpg
p__pissarro__camille__3__winter09,images/p__pissarro__camille__3__winter09.png,train,https://www.wga.hu/html/p/pissarro/camille/3/winter09.html,"PISSARRO, Camille",Piette's House at Montfoucault,1874.0,19,French,landscape,Huile,400.0,263.0,1.520912547528517,0.1233333333333333,data/raw/images/p/pissarro/camille/3/winter09.jpg
p__pissarro__camille__3__winter10,images/p__pissarro__camille__3__winter10.png,train,https://www.wga.hu/html/p/pissarro/camille/3/winter10.html,"PISSARRO, Camille",Snow at Montfoucault,1874.0,19,French,landscape,Huile,400.0,331.0,1.2084592145015105,0.09365558912386707,data/raw/images/p/pissarro/camille/3/winter10.jpg
p__pissarro__camille__3__winter11,images/p__pissarro__camille__3__winter11.png,test,https://www.wga.hu/html/p/pissarro/camille/3/winter11.html,"PISSARRO, Camille","Farm at Montfoucault, Snow Effect",1876.0,19,French,landscape,Huile,400.0,318.0,1.2578616352201257,0.05660377358490565,data/raw/images/p/pissarro/camille/3/winter11.jpg
p__pissarro__camille__3__winter13,images/p__pissarro__camille__3__winter13.png,train,https://www.wga.hu/html/p/pissarro/camille/3/winter13.html,"PISSARRO, Camille","Snow at l'Hermitage, Pontoise",1874.0,19,French,landscape,Huile,400.0,324.0,1.2345679012345678,0.07407407407407407,data/raw/images/p/pissarro/camille/3/winter13.jpg
p__pissarro__camille__3__winter14,images/p__pissarro__camille__3__winter14.png,train,https://www.wga.hu/html/p/pissarro/camille/3/winter14.html,"PISSARRO, Camille","Snow Effect at l'Hermitage, Pontoise",1875.0,19,French,landscape,Huile,400.0,325.0,1.2307692307692308,0.07692307692307687,data/raw/images/p/pissarro/camille/3/winter14.jpg
p__pissarro__camille__3__winter15,images/p__pissarro__camille__3__winter15.png,test,https://www.wga.hu/html/p/pissarro/camille/3/winter15.html,"PISSARRO, Camille","The Red Roofs, View of a Village in Winter",1877.0,19,French,landscape,Huile,400.0,325.0,1.2307692307692308,0.07692307692307687,data/raw/images/p/pissarro/camille/3/winter15.jpg
p__pissarro__camille__3__winter16,images/p__pissarro__camille__3__winter16.png,test,https://www.wga.hu/html/p/pissarro/camille/3/winter16.html,"PISSARRO, Camille","Rabbit Warren at Pontoise, Snow",1879.0,19,French,landscape,Huile,400.0,322.0,1.2422360248447204,0.06832298136645965,data/raw/images/p/pissarro/camille/3/winter16.jpg
p__pissarro__camille__3__winter17,images/p__pissarro__camille__3__winter17.png,train,https://www.wga.hu/html/p/pissarro/camille/3/winter17.html,"PISSARRO, Camille","Snow Effect at Eragny, Road to Gisors",1885.0,19,French,landscape,Huile,400.0,319.0,1.2539184952978057,0.059561128526645635,data/raw/images/p/pissarro/camille/3/winter17.jpg
p__pissarro__camille__3__winter18,images/p__pissarro__camille__3__winter18.png,train,https://www.wga.hu/html/p/pissarro/camille/3/winter18.html,"PISSARRO, Camille","Snowy Landscape, Eragny, Evening",1894.0,19,French,landscape,Huile,400.0,329.0,1.21580547112462,0.08814589665653494,data/raw/images/p/pissarro/camille/3/winter18.jpg
p__pissarro__camille__4__rouen1,images/p__pissarro__camille__4__rouen1.png,train,https://www.wga.hu/html/p/pissarro/camille/4/rouen1.html,"PISSARRO, Camille","Lacroix Island, Rouen, Effect of Fog",1888.0,19,French,landscape,Huile,400.0,329.0,1.21580547112462,0.08814589665653494,data/raw/images/p/pissarro/camille/4/rouen1.jpg
p__pissarro__camille__4__rouen2,images/p__pissarro__camille__4__rouen2.png,train,https://www.wga.hu/html/p/pissarro/camille/4/rouen2.html,"PISSARRO, Camille","Le Grand Pont, Rouen, Effect of Rain",1896.0,19,French,landscape,Huile,400.0,318.0,1.2578616352201257,0.05660377358490565,data/raw/images/p/pissarro/camille/4/rouen2.jpg
p__pissarro__camille__4__rouen3,images/p__pissarro__camille__4__rouen3.png,train,https://www.wga.hu/html/p/pissarro/camille/4/rouen3.html,"PISSARRO, Camille","Morning, Overcast Weather, Rouen",1896.0,19,French,landscape,Huile,400.0,330.0,1.2121212121212122,0.09090909090909083,data/raw/images/p/pissarro/camille/4/rouen3.jpg
p__pissarro__camille__4__rouen4,images/p__pissarro__camille__4__rouen4.png,train,https://www.wga.hu/html/p/pissarro/camille/4/rouen4.html,"PISSARRO, Camille",Pont Boildieu in Rouen in a Drizzle,1896.0,19,French,landscape,Huile,400.0,316.0,1.2658227848101267,0.050632911392405,data/raw/images/p/pissarro/camille/4/rouen4.jpg
p__pissarro__camille__4__variou1,images/p__pissarro__camille__4__variou1.png,train,https://www.wga.hu/html/p/pissarro/camille/4/variou1.html,"PISSARRO, Camille","The Train, Bedfork Park",,19,French,landscape,Huile,400.0,331.0,1.2084592145015105,0.09365558912386707,data/raw/images/p/pissarro/camille/4/variou1.jpg
p__pissarro__camille__4__variou2,images/p__pissarro__camille__4__variou2.png,test,https://www.wga.hu/html/p/pissarro/camille/4/variou2.html,"PISSARRO, Camille","Lordship Lane Station, Dulwich",1871.0,19,French,landscape,Huile,400.0,239.0,1.6736401673640167,0.20333333333333337,data/raw/images/p/pissarro/camille/4/variou2.jpg
p__pissarro__camille__4__variou3,images/p__pissarro__camille__4__variou3.png,train,https://www.wga.hu/html/p/pissarro/camille/4/variou3.html,"PISSARRO, Camille",Entrance to the Village of Voisins le Bretonneux,1872.0,19,French,landscape,Huile,400.0,321.0,1.2461059190031152,0.06542056074766356,data/raw/images/p/pissarro/camille/4/variou3.jpg
p__pissarro__camille__4__variou4,images/p__pissarro__camille__4__variou4.png,train,https://www.wga.hu/html/p/pissarro/camille/4/variou4.html,"PISSARRO, Camille",The Wash House at Port Marly,1872.0,19,French,landscape,Huile,400.0,325.0,1.2307692307692308,0.07692307692307687,data/raw/images/p/pissarro/camille/4/variou4.jpg
p__pissarro__camille__4__variou5,images/p__pissarro__camille__4__variou5.png,train,https://www.wga.hu/html/p/pissarro/camille/4/variou5.html,"PISSARRO, Camille",White Frost,1873.0,19,French,landscape,Huile,400.0,274.0,1.4598540145985401,0.08666666666666667,data/raw/images/p/pissarro/camille/4/variou5.jpg
p__pissarro__camille__4__variou6,images/p__pissarro__camille__4__variou6.png,train,https://www.wga.hu/html/p/pissarro/camille/4/variou6.html,"PISSARRO, Camille",View from the Artist's Window at Eragny,1887.0,19,French,landscape,Huile,400.0,316.0,1.2658227848101267,0.050632911392405,data/raw/images/p/pissarro/camille/4/variou6.jpg
p__pissarro__camille__4__variou7,images/p__pissarro__camille__4__variou7.png,train,https://www.wga.hu/html/p/pissarro/camille/4/variou7.html,"PISSARRO, Camille",The Quay at Le Havre,1903.0,19,French,landscape,Huile,400.0,324.0,1.2345679012345678,0.07407407407407407,data/raw/images/p/pissarro/camille/4/variou7.jpg
p__pissarro__camille__5__01figure,images/p__pissarro__camille__5__01figure.png,train,https://www.wga.hu/html/p/pissarro/camille/5/01figure.html,"PISSARRO, Camille",Harvest at Montfoucault,1876.0,19,French,landscape,Huile,400.0,276.0,1.4492753623188406,0.08000000000000007,data/raw/images/p/pissarro/camille/5/01figure.jpg
p__pissarro__camille__5__03figure,images/p__pissarro__camille__5__03figure.png,train,https://www.wga.hu/html/p/pissarro/camille/5/03figure.html,"PISSARRO, Camille",Landscape at Chaponval,1880.0,19,French,landscape,Huile,400.0,317.0,1.2618296529968454,0.05362776025236593,data/raw/images/p/pissarro/camille/5/03figure.jpg
p__pissarro__camille__5__06figure,images/p__pissarro__camille__5__06figure.png,train,https://www.wga.hu/html/p/pissarro/camille/5/06figure.html,"PISSARRO, Camille",The Wheelbarrow,1881.0,19,French,landscape,Huile,400.0,316.0,1.2658227848101267,0.050632911392405,data/raw/images/p/pissarro/camille/5/06figure.jpg
p__pissarro__camille__5__12figure,images/p__pissarro__camille__5__12figure.png,test,https://www.wga.hu/html/p/pissarro/camille/5/12figure.html,"PISSARRO, Camille","Woman in the Orchard. Spring Sunshine in a Field, Eragny",1887.0,19,French,landscape,Huile,400.0,329.0,1.21580547112462,0.08814589665653494,data/raw/images/p/pissarro/camille/5/12figure.jpg
p__pissarro__camille__5__13figure,images/p__pissarro__camille__5__13figure.png,train,https://www.wga.hu/html/p/pissarro/camille/5/13figure.html,"PISSARRO, Camille","Woman in an Orchard, Spring Sunshine",1887.0,19,French,landscape,Huile,400.0,323.0,1.238390092879257,0.07120743034055721,data/raw/images/p/pissarro/camille/5/13figure.jpg
p__pissarro__georges__harbour,images/p__pissarro__georges__harbour.png,train,https://www.wga.hu/html/p/pissarro/georges/harbour.html,"PISSARRO, Georges",The Harbour at Rouen,1898.0,19,French,landscape,Huile,400.0,330.0,1.2121212121212122,0.09090909090909083,data/raw/images/p/pissarro/georges/harbour.jpg
p__pissarro__lucien__gisors,images/p__pissarro__lucien__gisors.png,train,https://www.wga.hu/html/p/pissarro/lucien/gisors.html,"PISSARRO, Lucien",The Church at Gisors,1888.0,19,French,landscape,Huile,400.0,323.0,1.238390092879257,0.07120743034055721,data/raw/images/p/pissarro/lucien/gisors.jpg
p__pissarro__lucien__the_deaf,images/p__pissarro__lucien__the_deaf.png,train,https://www.wga.hu/html/p/pissarro/lucien/the_deaf.html,"PISSARRO, Lucien",The Deaf Woman's House,1888.0,19,French,landscape,Huile,400.0,319.0,1.2539184952978057,0.059561128526645635,data/raw/images/p/pissarro/lucien/the_deaf.jpg
p__pocock__landscap,images/p__pocock__landscap.png,train,https://www.wga.hu/html/p/pocock/landscap.html,"POCOCK, Nicholas",Landscape with a Figure on Horse,1787.0,18,English,landscape,Huile,400.0,269.0,1.486988847583643,0.10333333333333328,data/raw/images/p/pocock/landscap.jpg
p__podesta__putti_la,images/p__podesta__putti_la.png,test,https://www.wga.hu/html/p/podesta/putti_la.html,"PODESTA, Giovanni Andrea",Putti in a Landscape,,17,Italian,landscape,Huile,400.0,316.0,1.2658227848101267,0.050632911392405,data/raw/images/p/podesta/putti_la.jpg
p__podkowin__lupins,images/p__podkowin__lupins.png,train,https://www.wga.hu/html/p/podkowin/lupins.html,"PODKOWINSKI, Wladyslaw",Field of Lupins,1891.0,19,Polish,landscape,Huile,400.0,321.0,1.2461059190031152,0.06542056074766356,data/raw/images/p/podkowin/lupins.jpg
p__poel__1explosi,images/p__poel__1explosi.png,train,https://www.wga.hu/html/p/poel/1explosi.html,"POEL, Egbert van der",View of Delft after the Explosion of 1654,1654.0,17,Dutch,landscape,Huile,400.0,303.0,1.3201320132013201,0.00990099009900991,data/raw/images/p/poel/1explosi.jpg
p__poel__2explosi,images/p__poel__2explosi.png,train,https://www.wga.hu/html/p/poel/2explosi.html,"POEL, Egbert van der",The Explosion of the Delft Magazine,1654.0,17,Dutch,landscape,Huile,400.0,312.0,1.2820512820512822,0.038461538461538325,data/raw/images/p/poel/2explosi.jpg
p__poel__4moonlig,images/p__poel__4moonlig.png,train,https://www.wga.hu/html/p/poel/4moonlig.html,"POEL, Egbert van der",Seashore by Moonlight,1662.0,17,Dutch,landscape,Huile,400.0,340.0,1.1764705882352942,0.11764705882352933,data/raw/images/p/poel/4moonlig.jpg
p__poel__5fire,images/p__poel__5fire.png,train,https://www.wga.hu/html/p/poel/5fire.html,"POEL, Egbert van der",Fire in a Village,,17,Dutch,landscape,Huile,400.0,316.0,1.2658227848101267,0.050632911392405,data/raw/images/p/poel/5fire.jpg
p__poelenbu__figuresd,images/p__poelenbu__figuresd.png,train,https://www.wga.hu/html/p/poelenbu/figuresd.html,"POELENBURGH, Cornelis van",Figures Dancing near Ruin,1624.0,17,Dutch,landscape,Huile,400.0,309.0,1.2944983818770226,0.029126213592232997,data/raw/images/p/poelenbu/figuresd.jpg
p__poelenbu__italiana,images/p__poelenbu__italiana.png,train,https://www.wga.hu/html/p/poelenbu/italiana.html,"POELENBURGH, Cornelis van",Italianate Landscape with Dancing Figures,,17,Dutch,landscape,Huile,400.0,306.0,1.3071895424836601,0.019607843137254832,data/raw/images/p/poelenbu/italiana.jpg
p__poelenbu__landiana,images/p__poelenbu__landiana.png,train,https://www.wga.hu/html/p/poelenbu/landiana.html,"POELENBURGH, Cornelis van",Landscape with Diana and Callisto,,17,Dutch,landscape,Huile,400.0,261.0,1.5325670498084292,0.13000000000000012,data/raw/images/p/poelenbu/landiana.jpg
p__poelenbu__lanymphs,images/p__poelenbu__lanymphs.png,test,https://www.wga.hu/html/p/poelenbu/lanymphs.html,"POELENBURGH, Cornelis van",Landscape with Nymphs,1650.0,17,Dutch,landscape,Huile,400.0,308.0,1.2987012987012987,0.025974025974025983,data/raw/images/p/poelenbu/lanymphs.jpg
p__poelenbu__nymphs1,images/p__poelenbu__nymphs1.png,train,https://www.wga.hu/html/p/poelenbu/nymphs1.html,"POELENBURGH, Cornelis van",Landscape with Nymphs near a Grotto,,17,Dutch,landscape,Huile,400.0,291.0,1.3745704467353952,0.030000000000000027,data/raw/images/p/poelenbu/nymphs1.jpg
p__poelenbu__romanrui,images/p__poelenbu__romanrui.png,train,https://www.wga.hu/html/p/poelenbu/romanrui.html,"POELENBURGH, Cornelis van",Roman Ruins,1620.0,17,Dutch,landscape,Huile,400.0,302.0,1.3245033112582782,0.0066225165562913135,data/raw/images/p/poelenbu/romanrui.jpg
p__poelenbu__romecapr,images/p__poelenbu__romecapr.png,train,https://www.wga.hu/html/p/poelenbu/romecapr.html,"POELENBURGH, Cornelis van",Capriccio View of Rome with the Martyrdom of St Lawrence,1623.5,17,Dutch,landscape,Huile,400.0,234.0,1.7094017094017093,0.21999999999999997,data/raw/images/p/poelenbu/romecapr.jpg
p__poelenbu__ruinrome,images/p__poelenbu__ruinrome.png,train,https://www.wga.hu/html/p/poelenbu/ruinrome.html,"POELENBURGH, Cornelis van",Ruins of Ancient Rome,1620.0,17,Dutch,landscape,Huile,400.0,283.0,1.4134275618374559,0.056666666666666754,data/raw/images/p/poelenbu/ruinrome.jpg
p__poelenbu__vaccino,images/p__poelenbu__vaccino.png,train,https://www.wga.hu/html/p/poelenbu/vaccino.html,"POELENBURGH, Cornelis van",View of the Campo Vaccino,1620.0,17,Dutch,landscape,Huile,400.0,290.0,1.3793103448275863,0.03333333333333344,data/raw/images/p/poelenbu/vaccino.jpg
p__polenov__moscow,images/p__polenov__moscow.png,train,https://www.wga.hu/html/p/polenov/moscow.html,"POLENOV, Vasily Dmitrievich",A Yard in Moscow,1878.0,19,Russian,landscape,Huile,400.0,329.0,1.21580547112462,0.08814589665653494,data/raw/images/p/polenov/moscow.jpg
p__porcelli__jan__seascape,images/p__porcelli__jan__seascape.png,train,https://www.wga.hu/html/p/porcelli/jan/seascape.html,"PORCELLIS, Jan",Seascape,1630.0,17,Dutch,landscape,Huile,400.0,297.0,1.3468013468013469,0.01000000000000012,data/raw/images/p/porcelli/jan/seascape.jpg
p__porcelli__jan__vessels,images/p__porcelli__jan__vessels.png,train,https://www.wga.hu/html/p/porcelli/jan/vessels.html,"PORCELLIS, Jan",Vessels in a Strong Wind,1630.0,17,Dutch,landscape,Huile,400.0,261.0,1.5325670498084292,0.13000000000000012,data/raw/images/p/porcelli/jan/vessels.jpg
p__porcelli__julius__calm_sea,images/p__porcelli__julius__calm_sea.png,train,https://www.wga.hu/html/p/porcelli/julius/calm_sea.html,"PORCELLIS, Julius",Calm Sea with a Man of War and a Fishing Boat,1642.5,17,Dutch,landscape,Huile,400.0,303.0,1.3201320132013201,0.00990099009900991,data/raw/images/p/porcelli/julius/calm_sea.jpg
p__post__frans__brazilia,images/p__post__frans__brazilia.png,train,https://www.wga.hu/html/p/post/frans/brazilia.html,"POST, Frans",Brazilian Landscape,1650.0,17,Dutch,landscape,Huile,400.0,255.0,1.5686274509803921,0.15000000000000002,data/raw/images/p/post/frans/brazilia.jpg
p__post__frans__brazland,images/p__post__frans__brazland.png,train,https://www.wga.hu/html/p/post/frans/brazland.html,"POST, Frans",A Brazilian Landscape,1672.5,17,Dutch,landscape,Huile,400.0,330.0,1.2121212121212122,0.09090909090909083,data/raw/images/p/post/frans/brazland.jpg
p__post__frans__brazlanx,images/p__post__frans__brazlanx.png,train,https://www.wga.hu/html/p/post/frans/brazlanx.html,"POST, Frans",Brazilian Landscape with Anteater,1649.0,17,Dutch,landscape,Huile,400.0,308.0,1.2987012987012987,0.025974025974025983,data/raw/images/p/post/frans/brazlanx.jpg
p__post__frans__brazlany,images/p__post__frans__brazlany.png,train,https://www.wga.hu/html/p/post/frans/brazlany.html,"POST, Frans",Brazilian Landscape with Labourers,1670.0,17,Dutch,landscape,Huile,400.0,346.0,1.1560693641618498,0.1329479768786126,data/raw/images/p/post/frans/brazlany.jpg
p__post__frans__hacienda,images/p__post__frans__hacienda.png,train,https://www.wga.hu/html/p/post/frans/hacienda.html,"POST, Frans",Hacienda,1652.0,17,Dutch,landscape,Huile,400.0,262.0,1.5267175572519085,0.12666666666666682,data/raw/images/p/post/frans/hacienda.jpg
p__post__frans__igaracu,images/p__post__frans__igaracu.png,train,https://www.wga.hu/html/p/post/frans/igaracu.html,"POST, Frans","The Church of Sts Cosmas and Damian and the Franciscan Monastery at Igaraçu, Brazil",1664.5,17,Dutch,landscape,Huile,400.0,285.0,1.4035087719298245,0.050000000000000044,data/raw/images/p/post/frans/igaracu.jpg
p__post__frans__labrador,images/p__post__frans__labrador.png,train,https://www.wga.hu/html/p/post/frans/labrador.html,"POST, Frans","The Home of a ""Labrador"" in Brazil",1652.5,17,Dutch,landscape,Huile,400.0,306.0,1.3071895424836601,0.019607843137254832,data/raw/images/p/post/frans/labrador.jpg
p__post__frans__landbraz,images/p__post__frans__landbraz.png,train,https://www.wga.hu/html/p/post/frans/landbraz.html,"POST, Frans",Landscape in Brazil,1668.5,17,Dutch,landscape,Huile,400.0,314.0,1.2738853503184713,0.04458598726114649,data/raw/images/p/post/frans/landbraz.jpg
p__post__frans__olinda,images/p__post__frans__olinda.png,train,https://www.wga.hu/html/p/post/frans/olinda.html,"POST, Frans","View of Olinda, Brazil",1662.0,17,Dutch,landscape,Huile,400.0,259.0,1.5444015444015444,0.13666666666666671,data/raw/images/p/post/frans/olinda.jpg
p__post__frans__olinda2,images/p__post__frans__olinda2.png,train,https://www.wga.hu/html/p/post/frans/olinda2.html,"POST, Frans","View of the Ruins of Olinda, Brazil",1665.0,17,Dutch,landscape,Huile,400.0,284.0,1.408450704225352,0.053333333333333344,data/raw/images/p/post/frans/olinda2.jpg
p__post__frans__ox_cart,images/p__post__frans__ox_cart.png,train,https://www.wga.hu/html/p/post/frans/ox_cart.html,"POST, Frans",The Ox Cart,1638.0,17,Dutch,landscape,Huile,400.0,251.0,1.593625498007968,0.16333333333333333,data/raw/images/p/post/frans/ox_cart.jpg
p__post__frans__paraiba,images/p__post__frans__paraiba.png,train,https://www.wga.hu/html/p/post/frans/paraiba.html,"POST, Frans","View of Frederiksstad in Paraiba, Brazil",1638.0,17,Dutch,landscape,Huile,400.0,284.0,1.408450704225352,0.053333333333333344,data/raw/images/p/post/frans/paraiba.jpg
p__potemont__viewrive,images/p__potemont__viewrive.png,train,https://www.wga.hu/html/p/potemont/viewrive.html,"POTÉMONT, Adolphe Martial","View of a River, Probably in Madagascar",,19,French,landscape,Huile,400.0,273.0,1.465201465201465,0.08999999999999997,data/raw/images/p/potemont/viewrive.jpg
p__potter__paulus__cattlepa,images/p__potter__paulus__cattlepa.png,train,https://www.wga.hu/html/p/potter/paulus/cattlepa.html,"POTTER, Paulus",Driving the Cattle to Pasture in the Morning,1647.0,17,Dutch,landscape,Huile,400.0,307.0,1.3029315960912051,0.0228013029315961,data/raw/images/p/potter/paulus/cattlepa.jpg
p__potter__paulus__cows_med,images/p__potter__paulus__cows_med.png,train,https://www.wga.hu/html/p/potter/paulus/cows_med.html,"POTTER, Paulus",Cows in a Meadow,,17,Dutch,landscape,Huile,400.0,327.0,1.2232415902140672,0.0825688073394496,data/raw/images/p/potter/paulus/cows_med.jpg
p__potter__paulus__cowsmead,images/p__potter__paulus__cowsmead.png,train,https://www.wga.hu/html/p/potter/paulus/cowsmead.html,"POTTER, Paulus",Cows in a Meadow by a Farm,1653.0,17,Dutch,landscape,Huile,400.0,347.0,1.1527377521613833,0.13544668587896247,data/raw/images/p/potter/paulus/cowsmead.jpg
p__potter__paulus__cowwater,images/p__potter__paulus__cowwater.png,train,https://www.wga.hu/html/p/potter/paulus/cowwater.html,"POTTER, Paulus",Cows Reflected in the Water,1648.0,17,Dutch,landscape,Huile,400.0,275.0,1.4545454545454546,0.08333333333333337,data/raw/images/p/potter/paulus/cowwater.jpg
p__potter__paulus__fourbull,images/p__potter__paulus__fourbull.png,train,https://www.wga.hu/html/p/potter/paulus/fourbull.html,"POTTER, Paulus",Four Bulls,,17,Dutch,landscape,Huile,400.0,314.0,1.2738853503184713,0.04458598726114649,data/raw/images/p/potter/paulus/fourbull.jpg
p__potter__paulus__horses_f,images/p__potter__paulus__horses_f.png,train,https://www.wga.hu/html/p/potter/paulus/horses_f.html,"POTTER, Paulus",Horses in a Field,1649.0,17,Dutch,landscape,Huile,400.0,304.0,1.3157894736842106,0.013157894736842035,data/raw/images/p/potter/paulus/horses_f.jpg
p__potter__paulus__husherd,images/p__potter__paulus__husherd.png,train,https://www.wga.hu/html/p/potter/paulus/husherd.html,"POTTER, Paulus",A Husbandman with His Herd,1648.0,17,Dutch,landscape,Huile,400.0,267.0,1.4981273408239701,0.1100000000000001,data/raw/images/p/potter/paulus/husherd.jpg
p__potter__paulus__land2cow,images/p__potter__paulus__land2cow.png,train,https://www.wga.hu/html/p/potter/paulus/land2cow.html,"POTTER, Paulus",Landscape with Two Cows and a Goat,1652.0,17,Dutch,landscape,Huile,400.0,358.0,1.1173184357541899,0.16201117318435754,data/raw/images/p/potter/paulus/land2cow.jpg
p__potter__paulus__restherd,images/p__potter__paulus__restherd.png,train,https://www.wga.hu/html/p/potter/paulus/restherd.html,"POTTER, Paulus",Resting Herd,1652.0,17,Dutch,landscape,Huile,400.0,305.0,1.3114754098360655,0.016393442622950838,data/raw/images/p/potter/paulus/restherd.jpg
p__potter__paulus__shepherd,images/p__potter__paulus__shepherd.png,train,https://www.wga.hu/html/p/potter/paulus/shepherd.html,"POTTER, Paulus",Landscape with Shepherdess and Shepherd Playing Flute,1643.0,17,Dutch,landscape,Huile,400.0,227.0,1.7621145374449338,0.2433333333333333,data/raw/images/p/potter/paulus/shepherd.jpg
p__potter__paulus__spotted,images/p__potter__paulus__spotted.png,train,https://www.wga.hu/html/p/potter/paulus/spotted.html,"POTTER, Paulus",The Spotted Horse,1653.0,17,Dutch,landscape,Huile,400.0,292.0,1.36986301369863,0.026666666666666616,data/raw/images/p/potter/paulus/spotted.jpg
p__potter__paulus__the_farm,images/p__potter__paulus__the_farm.png,train,https://www.wga.hu/html/p/potter/paulus/the_farm.html,"POTTER, Paulus",The Farm,1649.0,17,Dutch,landscape,Huile,400.0,279.0,1.4336917562724014,0.07000000000000006,data/raw/images/p/potter/paulus/the_farm.jpg
p__poussin__2a__13landsc,images/p__poussin__2a__13landsc.png,train,https://www.wga.hu/html/p/poussin/2a/13landsc.html,"POUSSIN, Nicolas",Landscape with Saint Jerome,1637.0,17,French,landscape,Huile,400.0,260.0,1.5384615384615385,0.13333333333333341,data/raw/images/p/poussin/2a/13landsc.jpg
p__poussin__3__03landsc,images/p__poussin__3__03landsc.png,train,https://www.wga.hu/html/p/poussin/3/03landsc.html,"POUSSIN, Nicolas",Landscape with St Matthew and the Angel,1645.0,17,French,landscape,Huile,400.0,291.0,1.3745704467353952,0.030000000000000027,data/raw/images/p/poussin/3/03landsc.jpg
p__poussin__3__04landsc,images/p__poussin__3__04landsc.png,train,https://www.wga.hu/html/p/poussin/3/04landsc.html,"POUSSIN, Nicolas",Ideal Landscape,1647.5,17,French,landscape,Huile,400.0,257.0,1.556420233463035,0.14333333333333342,data/raw/images/p/poussin/3/04landsc.jpg
p__poussin__3__05landsc,images/p__poussin__3__05landsc.png,train,https://www.wga.hu/html/p/poussin/3/05landsc.html,"POUSSIN, Nicolas",Landscape with Diogenes,1647.0,17,French,landscape,Huile,400.0,289.0,1.3840830449826989,0.036666666666666625,data/raw/images/p/poussin/3/05landsc.jpg
p__poussin__3__06landsc,images/p__poussin__3__06landsc.png,train,https://www.wga.hu/html/p/poussin/3/06landsc.html,"POUSSIN, Nicolas",Landscape with Polyphemus,1648.0,17,French,landscape,Huile,400.0,297.0,1.3468013468013469,0.01000000000000012,data/raw/images/p/poussin/3/06landsc.jpg
p__poussin__3__07landsc,images/p__poussin__3__07landsc.png,train,https://www.wga.hu/html/p/poussin/3/07landsc.html,"POUSSIN, Nicolas",Landscape with a Man Killed by a Snake,1648.0,17,French,landscape,Huile,400.0,243.0,1.646090534979424,0.19000000000000006,data/raw/images/p/poussin/3/07landsc.jpg
p__poussin__3__08landsc,images/p__poussin__3__08landsc.png,train,https://www.wga.hu/html/p/poussin/3/08landsc.html,"POUSSIN, Nicolas",Landscape with Orpheus and Euridice,1648.0,17,French,landscape,Huile,400.0,248.0,1.6129032258064515,0.17333333333333334,data/raw/images/p/poussin/3/08landsc.jpg
p__poussin__3__13phoci1,images/p__poussin__3__13phoci1.png,train,https://www.wga.hu/html/p/poussin/3/13phoci1.html,"POUSSIN, Nicolas",Landscape with the Funeral of Phocion,1648.0,17,French,landscape,Huile,400.0,268.0,1.492537313432836,0.1066666666666668,data/raw/images/p/poussin/3/13phoci1.jpg
p__poussin__3__14phoci2,images/p__poussin__3__14phoci2.png,train,https://www.wga.hu/html/p/poussin/3/14phoci2.html,"POUSSIN, Nicolas",Landscape with the Gathering of the Ashes of Phocion by his Widow,1648.0,17,French,landscape,Huile,400.0,258.0,1.550387596899225,0.14000000000000012,data/raw/images/p/poussin/3/14phoci2.jpg
p__poussin__3__17roman,images/p__poussin__3__17roman.png,train,https://www.wga.hu/html/p/poussin/3/17roman.html,"POUSSIN, Nicolas",A Roman Road,1648.0,17,French,landscape,Huile,400.0,283.0,1.4134275618374559,0.056666666666666754,data/raw/images/p/poussin/3/17roman.jpg
p__poussin__4__05landsc,images/p__poussin__4__05landsc.png,train,https://www.wga.hu/html/p/poussin/4/05landsc.html,"POUSSIN, Nicolas",Stormy Landscape with Pyramus and Thisbe,1651.0,17,French,landscape,Huile,400.0,279.0,1.4336917562724014,0.07000000000000006,data/raw/images/p/poussin/4/05landsc.jpg
p__poussin__4__13lands,images/p__poussin__4__13lands.png,train,https://www.wga.hu/html/p/poussin/4/13lands.html,"POUSSIN, Nicolas",Landscape with Diana and Orion,1658.0,17,French,landscape,Huile,400.0,261.0,1.5325670498084292,0.13000000000000012,data/raw/images/p/poussin/4/13lands.jpg
p__poussin__4__13landsc,images/p__poussin__4__13landsc.png,train,https://www.wga.hu/html/p/poussin/4/13landsc.html,"POUSSIN, Nicolas",Landscape with Diana and Orion,1662.0,17,French,landscape,Huile,400.0,257.0,1.556420233463035,0.14333333333333342,data/raw/images/p/poussin/4/13landsc.jpg
p__poussin__4__15summer,images/p__poussin__4__15summer.png,train,https://www.wga.hu/html/p/poussin/4/15summer.html,"POUSSIN, Nicolas",Summer (Ruth and Boaz),1662.0,17,French,landscape,Huile,400.0,291.0,1.3745704467353952,0.030000000000000027,data/raw/images/p/poussin/4/15summer.jpg
p__poussin__4__16autumn,images/p__poussin__4__16autumn.png,train,https://www.wga.hu/html/p/poussin/4/16autumn.html,"POUSSIN, Nicolas",Autumn,1662.0,17,French,landscape,Huile,400.0,305.0,1.3114754098360655,0.016393442622950838,data/raw/images/p/poussin/4/16autumn.jpg
p__poussin__4__17winter,images/p__poussin__4__17winter.png,train,https://www.wga.hu/html/p/poussin/4/17winter.html,"POUSSIN, Nicolas",Winter (The Deluge),1662.0,17,French,landscape,Huile,400.0,291.0,1.3745704467353952,0.030000000000000027,data/raw/images/p/poussin/4/17winter.jpg
p__prenderg__new_york,images/p__prenderg__new_york.png,train,https://www.wga.hu/html/p/prenderg/new_york.html,"PRENDERGAST, Maurice Brazil","Central Park, New York",1901.0,19,American,landscape,Techniques sur papier,400.0,259.0,1.5444015444015444,0.13666666666666671,data/raw/images/p/prenderg/new_york.jpg
p__prenderg__shore,images/p__prenderg__shore.png,train,https://www.wga.hu/html/p/prenderg/shore.html,"PRENDERGAST, Maurice Brazil",Along the Shore,1914.5,19,American,landscape,Huile,400.0,269.0,1.486988847583643,0.10333333333333328,data/raw/images/p/prenderg/shore.jpg
p__prenderg__venice1,images/p__prenderg__venice1.png,train,https://www.wga.hu/html/p/prenderg/venice1.html,"PRENDERGAST, Maurice Brazil",Umbrellas in the Rain,1898.5,19,American,landscape,Techniques sur papier,400.0,258.0,1.550387596899225,0.14000000000000012,data/raw/images/p/prenderg/venice1.jpg
p__pugh__windsor,images/p__pugh__windsor.png,test,https://www.wga.hu/html/p/pugh/windsor.html,"PUGH, Herbert",View of Windsor Castle,1765.0,18,Irish,landscape,Huile,400.0,278.0,1.4388489208633093,0.07333333333333336,data/raw/images/p/pugh/windsor.jpg
p__pynacker__ferry,images/p__pynacker__ferry.png,train,https://www.wga.hu/html/p/pynacker/ferry.html,"PYNACKER, Adam",The Ferryboat,1657.0,17,Dutch,landscape,Huile,400.0,344.0,1.1627906976744187,0.12790697674418594,data/raw/images/p/pynacker/ferry.jpg
p__pynacker__goatherd,images/p__pynacker__goatherd.png,train,https://www.wga.hu/html/p/pynacker/goatherd.html,"PYNACKER, Adam",Landscape with a Goatherd,1651.5,17,Dutch,landscape,Huile,400.0,262.0,1.5267175572519085,0.12666666666666682,data/raw/images/p/pynacker/goatherd.jpg
q__quaglio__cathedra,images/q__quaglio__cathedra.png,train,https://www.wga.hu/html/q/quaglio/cathedra.html,"QUAGLIO, Domenico","The Cathedral of Notre-Dame, Reims with a Procession of Communicants",1827.0,19,Italian,landscape,Huile,400.0,297.0,1.3468013468013469,0.01000000000000012,data/raw/images/q/quaglio/cathedra.jpg
q__quaglio__residenz,images/q__quaglio__residenz.png,train,https://www.wga.hu/html/q/quaglio/residenz.html,"QUAGLIO, Domenico",Residenzstrasse Looking Towards Max-Joseph-Platz in 1826,1826.0,19,Italian,landscape,Huile,400.0,298.0,1.342281879194631,0.006666666666666821,data/raw/images/q/quaglio/residenz.jpg
r__raffaeli__bankoise,images/r__raffaeli__bankoise.png,test,https://www.wga.hu/html/r/raffaeli/bankoise.html,"RAFFAËLLI, Jean-François",Houses on the Banks of the Oise,,19,French,landscape,Huile,400.0,302.0,1.3245033112582782,0.0066225165562913135,data/raw/images/r/raffaeli/bankoise.jpg
r__raffaeli__banksei,images/r__raffaeli__banksei.png,train,https://www.wga.hu/html/r/raffaeli/banksei.html,"RAFFAËLLI, Jean-François",Fisherman on the Bank of Seine,,19,French,landscape,Huile,400.0,279.0,1.4336917562724014,0.07000000000000006,data/raw/images/r/raffaeli/banksei.jpg
r__raffaeli__banksein,images/r__raffaeli__banksein.png,train,https://www.wga.hu/html/r/raffaeli/banksein.html,"RAFFAËLLI, Jean-François",The Banks of the Seine Near Paris,,19,French,landscape,Huile,400.0,261.0,1.5325670498084292,0.13000000000000012,data/raw/images/r/raffaeli/banksein.jpg
r__raffaeli__carrefou,images/r__raffaeli__carrefou.png,train,https://www.wga.hu/html/r/raffaeli/carrefou.html,"RAFFAËLLI, Jean-François",Carrefour Drouot,,19,French,landscape,Huile,400.0,285.0,1.4035087719298245,0.050000000000000044,data/raw/images/r/raffaeli/carrefou.jpg
r__rasmusse__fjord,images/r__rasmusse__fjord.png,train,https://www.wga.hu/html/r/rasmusse/fjord.html,"RASMUSSEN, Georg Anton",Fjord in Norway,1891.0,19,Norwegian,landscape,Huile,400.0,240.0,1.6666666666666667,0.20000000000000007,data/raw/images/r/rasmusse/fjord.jpg
r__ravier__crepuscu,images/r__ravier__crepuscu.png,train,https://www.wga.hu/html/r/ravier/crepuscu.html,"RAVIER, Auguste",Crépuscule,,19,French,landscape,Huile,400.0,276.0,1.4492753623188406,0.08000000000000007,data/raw/images/r/ravier/crepuscu.jpg
r__rebell__portici,images/r__rebell__portici.png,train,https://www.wga.hu/html/r/rebell/portici.html,"REBELL, Joseph",The Mole at Portici,1818.0,19,Austrian,landscape,Huile,400.0,273.0,1.465201465201465,0.08999999999999997,data/raw/images/r/rebell/portici.jpg
r__regoyos__el_darro,images/r__regoyos__el_darro.png,train,https://www.wga.hu/html/r/regoyos/el_darro.html,"REGOYOS Y VALDÉS, Dario de",El Darro,1910.5,19,Spanish,landscape,Huile,400.0,328.0,1.2195121951219512,0.08536585365853655,data/raw/images/r/regoyos/el_darro.jpg
r__regoyos__laconcha,images/r__regoyos__laconcha.png,train,https://www.wga.hu/html/r/regoyos/laconcha.html,"REGOYOS Y VALDÉS, Dario de",La Concha at night,1906.0,19,Spanish,landscape,Huile,400.0,336.0,1.1904761904761905,0.1071428571428571,data/raw/images/r/regoyos/laconcha.jpg
r__reinagle__ramsay__italian,images/r__reinagle__ramsay__italian.png,train,https://www.wga.hu/html/r/reinagle/ramsay/italian.html,"REINAGLE, Ramsay Richard",Italian Landscape with Lake,,19,English,landscape,Huile,400.0,280.0,1.4285714285714286,0.06666666666666676,data/raw/images/r/reinagle/ramsay/italian.jpg
r__reinhold__sorrento,images/r__reinhold__sorrento.png,train,https://www.wga.hu/html/r/reinhold/sorrento.html,"REINHOLD, Heinrich",Terrace of the Capucin Priory in Sorrento,1823.5,19,German,landscape,Huile,400.0,300.0,1.3333333333333333,0.0,data/raw/images/r/reinhold/sorrento.jpg
r__rembrand__31landsc__01landsc,images/r__rembrand__31landsc__01landsc.png,train,https://www.wga.hu/html/r/rembrand/31landsc/01landsc.html,REMBRANDT Harmenszoon van Rijn,Landscape with a Stone Bridge,1638.0,17,Dutch,landscape,Huile,400.0,281.0,1.4234875444839858,0.06333333333333346,data/raw/images/r/rembrand/31landsc/01landsc.jpg
r__rembrand__31landsc__04landsc,images/r__rembrand__31landsc__04landsc.png,train,https://www.wga.hu/html/r/rembrand/31landsc/04landsc.html,REMBRANDT Harmenszoon van Rijn,Landscape with the Good Samaritan,1638.0,17,Dutch,landscape,Huile,400.0,274.0,1.4598540145985401,0.08666666666666667,data/raw/images/r/rembrand/31landsc/04landsc.jpg
r__rembrand__31landsc__05landsc,images/r__rembrand__31landsc__05landsc.png,train,https://www.wga.hu/html/r/rembrand/31landsc/05landsc.html,REMBRANDT Harmenszoon van Rijn,Stormy Landscape,1638.0,17,Dutch,landscape,Huile,400.0,282.0,1.4184397163120568,0.06000000000000005,data/raw/images/r/rembrand/31landsc/05landsc.jpg
r__rembrand__31landsc__06landsc,images/r__rembrand__31landsc__06landsc.png,test,https://www.wga.hu/html/r/rembrand/31landsc/06landsc.html,REMBRANDT Harmenszoon van Rijn,River Valley with Ruins,1638.5,17,Dutch,landscape,Huile,400.0,297.0,1.3468013468013469,0.01000000000000012,data/raw/images/r/rembrand/31landsc/06landsc.jpg
r__rembrand__31landsc__07landsc,images/r__rembrand__31landsc__07landsc.png,train,https://www.wga.hu/html/r/rembrand/31landsc/07landsc.html,REMBRANDT Harmenszoon van Rijn,Landscape with Buildings,1644.0,17,Dutch,landscape,Huile,400.0,295.0,1.3559322033898304,0.01666666666666672,data/raw/images/r/rembrand/31landsc/07landsc.jpg
r__rembrand__31landsc__08landsc,images/r__rembrand__31landsc__08landsc.png,test,https://www.wga.hu/html/r/rembrand/31landsc/08landsc.html,REMBRANDT Harmenszoon van Rijn,Winter Landscape,1646.0,17,Dutch,landscape,Huile,400.0,296.0,1.3513513513513513,0.013333333333333308,data/raw/images/r/rembrand/31landsc/08landsc.jpg
r__rembrand__31landsc__09landsc,images/r__rembrand__31landsc__09landsc.png,train,https://www.wga.hu/html/r/rembrand/31landsc/09landsc.html,REMBRANDT Harmenszoon van Rijn,The Mill,1650.0,17,Dutch,landscape,Huile,400.0,335.0,1.1940298507462686,0.10447761194029859,data/raw/images/r/rembrand/31landsc/09landsc.jpg
r__rembrand__91nonrem__07noremb,images/r__rembrand__91nonrem__07noremb.png,train,https://www.wga.hu/html/r/rembrand/91nonrem/07noremb.html,REMBRANDT Harmenszoon van Rijn,Landscape with a Seven-Arched Bridge,1638.0,17,Dutch,landscape,Huile,400.0,286.0,1.3986013986013985,0.046666666666666634,data/raw/images/r/rembrand/91nonrem/07noremb.jpg
r__remond__tivoli,images/r__remond__tivoli.png,train,https://www.wga.hu/html/r/remond/tivoli.html,"RÉMOND, Jean-Charles-Joseph",View of Tivoli from a Grotto,1823.0,19,French,landscape,Huile,400.0,298.0,1.342281879194631,0.006666666666666821,data/raw/images/r/remond/tivoli.jpg
r__renoir__1__1renoi04,images/r__renoir__1__1renoi04.png,train,https://www.wga.hu/html/r/renoir/1/1renoi04.html,"RENOIR, Pierre-Auguste","The Pont des Arts, Paris",1867.0,19,French,landscape,Huile,400.0,240.0,1.6666666666666667,0.20000000000000007,data/raw/images/r/renoir/1/1renoi04.jpg
r__renoir__1__1renoi17,images/r__renoir__1__1renoi17.png,train,https://www.wga.hu/html/r/renoir/1/1renoi17.html,"RENOIR, Pierre-Auguste",Pont Neuf in Paris,1872.0,19,French,landscape,Huile,400.0,314.0,1.2738853503184713,0.04458598726114649,data/raw/images/r/renoir/1/1renoi17.jpg
r__renoir__2__2renoi01,images/r__renoir__2__2renoi01.png,train,https://www.wga.hu/html/r/renoir/2/2renoi01.html,"RENOIR, Pierre-Auguste",Garden in Fontenay,1874.0,19,French,landscape,Huile,400.0,322.0,1.2422360248447204,0.06832298136645965,data/raw/images/r/renoir/2/2renoi01.jpg
r__renoir__2__2renoi04,images/r__renoir__2__2renoi04.png,train,https://www.wga.hu/html/r/renoir/2/2renoi04.html,"RENOIR, Pierre-Auguste",The Seine at Argenteuil,1874.0,19,French,landscape,Huile,400.0,311.0,1.2861736334405145,0.03536977491961413,data/raw/images/r/renoir/2/2renoi04.jpg
r__renoir__2__2renoi06,images/r__renoir__2__2renoi06.png,train,https://www.wga.hu/html/r/renoir/2/2renoi06.html,"RENOIR, Pierre-Auguste",Snowy Landscape,1875.0,19,French,landscape,Huile,400.0,310.0,1.2903225806451613,0.032258064516129004,data/raw/images/r/renoir/2/2renoi06.jpg
r__renoir__2__2renoi10,images/r__renoir__2__2renoi10.png,train,https://www.wga.hu/html/r/renoir/2/2renoi10.html,"RENOIR, Pierre-Auguste",Path through the High Grass,1875.0,19,French,landscape,Huile,400.0,318.0,1.2578616352201257,0.05660377358490565,data/raw/images/r/renoir/2/2renoi10.jpg
r__renoir__2__2renoi11,images/r__renoir__2__2renoi11.png,train,https://www.wga.hu/html/r/renoir/2/2renoi11.html,"RENOIR, Pierre-Auguste",The Skiff (La Yole),1875.0,19,French,landscape,Huile,400.0,300.0,1.3333333333333333,0.0,data/raw/images/r/renoir/2/2renoi11.jpg
r__renoir__2__2renoi23,images/r__renoir__2__2renoi23.png,train,https://www.wga.hu/html/r/renoir/2/2renoi23.html,"RENOIR, Pierre-Auguste",Banks of the Seine at Champrosay,1876.0,19,French,landscape,Huile,400.0,328.0,1.2195121951219512,0.08536585365853655,data/raw/images/r/renoir/2/2renoi23.jpg
r__renoir__3__3renoi03,images/r__renoir__3__3renoi03.png,train,https://www.wga.hu/html/r/renoir/3/3renoi03.html,"RENOIR, Pierre-Auguste",Near the Lake,1880.0,19,French,landscape,Huile,400.0,334.0,1.1976047904191616,0.10179640718562877,data/raw/images/r/renoir/3/3renoi03.jpg
r__renoir__3__3renoi05,images/r__renoir__3__3renoi05.png,train,https://www.wga.hu/html/r/renoir/3/3renoi05.html,"RENOIR, Pierre-Auguste",Blossoming Chestnut Tree,1881.0,19,French,landscape,Huile,400.0,311.0,1.2861736334405145,0.03536977491961413,data/raw/images/r/renoir/3/3renoi05.jpg
r__renoir__3__3renoi09,images/r__renoir__3__3renoi09.png,train,https://www.wga.hu/html/r/renoir/3/3renoi09.html,"RENOIR, Pierre-Auguste",The Palazzo Ducale in Venice,1881.0,19,French,landscape,Huile,400.0,332.0,1.2048192771084338,0.09638554216867457,data/raw/images/r/renoir/3/3renoi09.jpg
r__renoir__3__3renoi10,images/r__renoir__3__3renoi10.png,train,https://www.wga.hu/html/r/renoir/3/3renoi10.html,"RENOIR, Pierre-Auguste",Piazza San Marco in Venice,1881.0,19,French,landscape,Huile,400.0,321.0,1.2461059190031152,0.06542056074766356,data/raw/images/r/renoir/3/3renoi10.jpg
r__renoir__4__4renoi02,images/r__renoir__4__4renoi02.png,train,https://www.wga.hu/html/r/renoir/4/4renoi02.html,"RENOIR, Pierre-Auguste",Girls Picking Flowers in a Meadow,1890.0,19,French,landscape,Huile,400.0,315.0,1.2698412698412698,0.04761904761904767,data/raw/images/r/renoir/4/4renoi02.jpg
r__renoir__4__4renoi09,images/r__renoir__4__4renoi09.png,train,https://www.wga.hu/html/r/renoir/4/4renoi09.html,"RENOIR, Pierre-Auguste",Landscape,1902.0,19,French,landscape,Huile,400.0,290.0,1.3793103448275863,0.03333333333333344,data/raw/images/r/renoir/4/4renoi09.jpg
r__renoir__4__4renoi11,images/r__renoir__4__4renoi11.png,train,https://www.wga.hu/html/r/renoir/4/4renoi11.html,"RENOIR, Pierre-Auguste",Terrace at Cagnes,1905.0,19,French,landscape,Huile,400.0,331.0,1.2084592145015105,0.09365558912386707,data/raw/images/r/renoir/4/4renoi11.jpg
r__ricci__marco__capricc,images/r__ricci__marco__capricc.png,train,https://www.wga.hu/html/r/ricci/marco/capricc.html,"RICCI, Marco",A Capriccio Landscape with a Domed Church,1714.5,18,Italian,landscape,Huile,400.0,238.0,1.680672268907563,0.20666666666666678,data/raw/images/r/ricci/marco/capricc.jpg
r__ricci__marco__coastal,images/r__ricci__marco__coastal.png,test,https://www.wga.hu/html/r/ricci/marco/coastal.html,"RICCI, Marco",Coastal View with Tower,1717.5,18,Italian,landscape,Huile,400.0,282.0,1.4184397163120568,0.06000000000000005,data/raw/images/r/ricci/marco/coastal.jpg
r__ricci__marco__fig_ruin,images/r__ricci__marco__fig_ruin.png,train,https://www.wga.hu/html/r/ricci/marco/fig_ruin.html,"RICCI, Marco",Figures among Ruins,,18,Italian,landscape,Techniques sur papier,400.0,288.0,1.3888888888888888,0.040000000000000036,data/raw/images/r/ricci/marco/fig_ruin.jpg
r__ricci__marco__l_horses,images/r__ricci__marco__l_horses.png,train,https://www.wga.hu/html/r/ricci/marco/l_horses.html,"RICCI, Marco",Landscape with Watering Horses,1720.0,18,Italian,landscape,Huile,400.0,264.0,1.5151515151515151,0.12,data/raw/images/r/ricci/marco/l_horses.jpg
r__ricci__marco__l_river,images/r__ricci__marco__l_river.png,train,https://www.wga.hu/html/r/ricci/marco/l_river.html,"RICCI, Marco",Landscape with River and Figures,1720.0,18,Italian,landscape,Huile,400.0,273.0,1.465201465201465,0.08999999999999997,data/raw/images/r/ricci/marco/l_river.jpg
r__ricci__marco__landsc1,images/r__ricci__marco__landsc1.png,train,https://www.wga.hu/html/r/ricci/marco/landsc1.html,"RICCI, Marco",Villa in a Park Setting,1724.5,18,Italian,landscape,Tempera,400.0,256.0,1.5625,0.14666666666666672,data/raw/images/r/ricci/marco/landsc1.jpg
r__ricci__marco__landsc2,images/r__ricci__marco__landsc2.png,train,https://www.wga.hu/html/r/ricci/marco/landsc2.html,"RICCI, Marco",Landscape with Woodcutters and Two Horsemen,1724.5,18,Italian,landscape,Tempera,400.0,263.0,1.520912547528517,0.1233333333333333,data/raw/images/r/ricci/marco/landsc2.jpg
r__ricci__marco__landsca1,images/r__ricci__marco__landsca1.png,train,https://www.wga.hu/html/r/ricci/marco/landsca1.html,"RICCI, Marco",Landscape,1700.0,18,Italian,landscape,Huile,400.0,245.0,1.6326530612244898,0.18333333333333335,data/raw/images/r/ricci/marco/landsca1.jpg
r__ricci__marco__landscap,images/r__ricci__marco__landscap.png,train,https://www.wga.hu/html/r/ricci/marco/landscap.html,"RICCI, Marco",Landscape,1724.5,18,Italian,landscape,Huile,400.0,288.0,1.3888888888888888,0.040000000000000036,data/raw/images/r/ricci/marco/landscap.jpg
r__ricci__marco__southern,images/r__ricci__marco__southern.png,train,https://www.wga.hu/html/r/ricci/marco/southern.html,"RICCI, Marco",Southern Landscape at Twilight,,18,Italian,landscape,Huile,400.0,314.0,1.2738853503184713,0.04458598726114649,data/raw/images/r/ricci/marco/southern.jpg
r__richet__barbizon,images/r__richet__barbizon.png,train,https://www.wga.hu/html/r/richet/barbizon.html,"RICHET, Léon",Trees in Barbizon,,19,French,landscape,Huile,400.0,267.0,1.4981273408239701,0.1100000000000001,data/raw/images/r/richet/barbizon.jpg
r__richet__pond,images/r__richet__pond.png,train,https://www.wga.hu/html/r/richet/pond.html,"RICHET, Léon",Washerwomen by a Pond,,19,French,landscape,Huile,400.0,314.0,1.2738853503184713,0.04458598726114649,data/raw/images/r/richet/pond.jpg
r__richtera__processi,images/r__richtera__processi.png,test,https://www.wga.hu/html/r/richtera/processi.html,"RICHTER, Adrian Ludwig",Bridal Procession in a Spring Landscape,1847.0,19,German,landscape,Huile,400.0,233.0,1.7167381974248928,0.22333333333333338,data/raw/images/r/richtera/processi.jpg
r__richtera__riesenge,images/r__richtera__riesenge.png,train,https://www.wga.hu/html/r/richtera/riesenge.html,"RICHTER, Adrian Ludwig",Pool in the Riesengebirge,1839.0,19,German,landscape,Huile,400.0,279.0,1.4336917562724014,0.07000000000000006,data/raw/images/r/richtera/riesenge.jpg
r__richter__giudecc,images/r__richter__giudecc.png,train,https://www.wga.hu/html/r/richter/giudecc.html,"RICHTER, Johan",View of the Giudecca Canal,1734.5,18,Swedish,landscape,Huile,400.0,279.0,1.4336917562724014,0.07000000000000006,data/raw/images/r/richter/giudecc.jpg
r__richter__s_marco,images/r__richter__s_marco.png,train,https://www.wga.hu/html/r/richter/s_marco.html,"RICHTER, Johan",The Bacino di San Marco,1740.0,18,Swedish,landscape,Huile,400.0,281.0,1.4234875444839858,0.06333333333333346,data/raw/images/r/richter/s_marco.jpg
r__rico__venice,images/r__rico__venice.png,train,https://www.wga.hu/html/r/rico/venice.html,"RICO Y ORTEGA, Martín",View of Venice,,19,Spanish,landscape,Huile,400.0,228.0,1.7543859649122806,0.24,data/raw/images/r/rico/venice.jpg
r__riedel__salerno,images/r__riedel__salerno.png,train,https://www.wga.hu/html/r/riedel/salerno.html,"RIEDEL, August",View of the Bay of Salerno from Behind,1836.0,19,German,landscape,Huile,400.0,284.0,1.408450704225352,0.053333333333333344,data/raw/images/r/riedel/salerno.jpg
r__rippl-ro__02rippl,images/r__rippl-ro__02rippl.png,train,https://www.wga.hu/html/r/rippl-ro/02rippl.html,"RIPPL-RÓNAI, József",Inn at Pont-Aven,1889.0,19,Hungarian,landscape,Huile,400.0,293.0,1.3651877133105803,0.023333333333333428,data/raw/images/r/rippl-ro/02rippl.jpg
r__rippl-ro__07rippl,images/r__rippl-ro__07rippl.png,train,https://www.wga.hu/html/r/rippl-ro/07rippl.html,"RIPPL-RÓNAI, József",Cemetery in the Great Plain,1894.0,19,Hungarian,landscape,Huile,400.0,267.0,1.4981273408239701,0.1100000000000001,data/raw/images/r/rippl-ro/07rippl.jpg
r__rippl-ro__13rippl,images/r__rippl-ro__13rippl.png,train,https://www.wga.hu/html/r/rippl-ro/13rippl.html,"RIPPL-RÓNAI, József",Banyuls-sur-Mer,1899.0,19,Hungarian,landscape,Huile,400.0,295.0,1.3559322033898304,0.01666666666666672,data/raw/images/r/rippl-ro/13rippl.jpg
r__rippl-ro__19rippl,images/r__rippl-ro__19rippl.png,test,https://www.wga.hu/html/r/rippl-ro/19rippl.html,"RIPPL-RÓNAI, József",Parc Monceau,1910.0,19,Hungarian,landscape,Huile,400.0,278.0,1.4388489208633093,0.07333333333333336,data/raw/images/r/rippl-ro/19rippl.jpg
r__rippl-ro__21rippl,images/r__rippl-ro__21rippl.png,train,https://www.wga.hu/html/r/rippl-ro/21rippl.html,"RIPPL-RÓNAI, József",Park with Nudes,1910.0,19,Hungarian,landscape,Huile,400.0,279.0,1.4336917562724014,0.07000000000000006,data/raw/images/r/rippl-ro/21rippl.jpg
r__robert__1__aldobran,images/r__robert__1__aldobran.png,test,https://www.wga.hu/html/r/robert/1/aldobran.html,"ROBERT, Hubert",The Teatro delle Acque in the Garden of the Villa Aldobrandini,,18,French,landscape,Huile,400.0,290.0,1.3793103448275863,0.03333333333333344,data/raw/images/r/robert/1/aldobran.jpg
r__robert__1__capricc1,images/r__robert__1__capricc1.png,train,https://www.wga.hu/html/r/robert/1/capricc1.html,"ROBERT, Hubert",An Architectural Capriccio,1782.0,18,French,landscape,Huile,400.0,294.0,1.3605442176870748,0.020000000000000018,data/raw/images/r/robert/1/capricc1.jpg
r__robert__1__farnese,images/r__robert__1__farnese.png,train,https://www.wga.hu/html/r/robert/1/farnese.html,"ROBERT, Hubert","A Scene in the Grounds of the Villa Farnese, Rome",1765.0,18,French,landscape,Huile,400.0,290.0,1.3793103448275863,0.03333333333333344,data/raw/images/r/robert/1/farnese.jpg
r__robert__1__farnese2,images/r__robert__1__farnese2.png,train,https://www.wga.hu/html/r/robert/1/farnese2.html,"ROBERT, Hubert",Villa Farnese with Gardens at Caprarola,1764.0,18,French,landscape,Huile,400.0,250.0,1.6,0.16666666666666674,data/raw/images/r/robert/1/farnese2.jpg
r__robert__1__fountain,images/r__robert__1__fountain.png,train,https://www.wga.hu/html/r/robert/1/fountain.html,"ROBERT, Hubert",Fountain on a Palace Terrace,,18,French,landscape,Huile,400.0,271.0,1.4760147601476015,0.09666666666666668,data/raw/images/r/robert/1/fountain.jpg
r__robert__1__greatarc,images/r__robert__1__greatarc.png,train,https://www.wga.hu/html/r/robert/1/greatarc.html,"ROBERT, Hubert",The Great Archway,,18,French,landscape,Huile,400.0,317.0,1.2618296529968454,0.05362776025236593,data/raw/images/r/robert/1/greatarc.jpg
r__robert__1__pontesol,images/r__robert__1__pontesol.png,train,https://www.wga.hu/html/r/robert/1/pontesol.html,"ROBERT, Hubert",The Ponte Solario,1775.0,18,French,landscape,Huile,400.0,295.0,1.3559322033898304,0.01666666666666672,data/raw/images/r/robert/1/pontesol.jpg
r__robert__1__ripetta,images/r__robert__1__ripetta.png,train,https://www.wga.hu/html/r/robert/1/ripetta.html,"ROBERT, Hubert",View of Ripetta,1766.0,18,French,landscape,Huile,400.0,327.0,1.2232415902140672,0.0825688073394496,data/raw/images/r/robert/1/ripetta.jpg
r__robert__1__roman1,images/r__robert__1__roman1.png,train,https://www.wga.hu/html/r/robert/1/roman1.html,"ROBERT, Hubert",Roman Figures under an Arcade,1757.5,18,French,landscape,Huile,400.0,246.0,1.6260162601626016,0.18000000000000005,data/raw/images/r/robert/1/roman1.jpg
r__robert__1__roman2,images/r__robert__1__roman2.png,train,https://www.wga.hu/html/r/robert/1/roman2.html,"ROBERT, Hubert",Roman Figures in a Cave,1757.5,18,French,landscape,Huile,400.0,245.0,1.6326530612244898,0.18333333333333335,data/raw/images/r/robert/1/roman2.jpg
r__robert__1__washerw,images/r__robert__1__washerw.png,train,https://www.wga.hu/html/r/robert/1/washerw.html,"ROBERT, Hubert",Washerwomen in an Imaginary Landscape,,18,French,landscape,Huile,400.0,346.0,1.1560693641618498,0.1329479768786126,data/raw/images/r/robert/1/washerw.jpg
r__robert__1__washerwo,images/r__robert__1__washerwo.png,train,https://www.wga.hu/html/r/robert/1/washerwo.html,"ROBERT, Hubert",Ancient Roman Bath with Women Washing Laundry,,18,French,landscape,Huile,400.0,323.0,1.238390092879257,0.07120743034055721,data/raw/images/r/robert/1/washerwo.jpg
r__robert__2__labievre,images/r__robert__2__labievre.png,train,https://www.wga.hu/html/r/robert/2/labievre.html,"ROBERT, Hubert",La Bièvre,1768.0,18,French,landscape,Huile,400.0,295.0,1.3559322033898304,0.01666666666666672,data/raw/images/r/robert/2/labievre.jpg
r__robert__2__lancanal,images/r__robert__2__lancanal.png,train,https://www.wga.hu/html/r/robert/2/lancanal.html,"ROBERT, Hubert",Architectural Landscape with a Canal,1783.0,18,French,landscape,Huile,400.0,279.0,1.4336917562724014,0.07000000000000006,data/raw/images/r/robert/2/lancanal.jpg
r__robert__2__nimes,images/r__robert__2__nimes.png,train,https://www.wga.hu/html/r/robert/2/nimes.html,"ROBERT, Hubert",Ruins at Nimes,,18,French,landscape,Huile,400.0,262.0,1.5267175572519085,0.12666666666666682,data/raw/images/r/robert/2/nimes.jpg
r__robert__2__nimes1,images/r__robert__2__nimes1.png,train,https://www.wga.hu/html/r/robert/2/nimes1.html,"ROBERT, Hubert",The Maison Carée in Nimes,1783.0,18,French,landscape,Huile,400.0,272.0,1.4705882352941178,0.09333333333333349,data/raw/images/r/robert/2/nimes1.jpg
r__robert__2__painters,images/r__robert__2__painters.png,train,https://www.wga.hu/html/r/robert/2/painters.html,"ROBERT, Hubert",Painters,1794.5,18,French,landscape,Huile,400.0,300.0,1.3333333333333333,0.0,data/raw/images/r/robert/2/painters.jpg
r__robert__2__provenc1,images/r__robert__2__provenc1.png,train,https://www.wga.hu/html/r/robert/2/provenc1.html,"ROBERT, Hubert",The Pont du Gard,1787.0,18,French,landscape,Huile,400.0,395.0,1.0126582278481013,0.240506329113924,data/raw/images/r/robert/2/provenc1.jpg
r__robert__2__provenc2,images/r__robert__2__provenc2.png,train,https://www.wga.hu/html/r/robert/2/provenc2.html,"ROBERT, Hubert",The Arc de Triomphe and the Theatre of Orange,1787.0,18,French,landscape,Huile,400.0,384.0,1.0416666666666667,0.2187499999999999,data/raw/images/r/robert/2/provenc2.jpg
r__robert__2__provenc3,images/r__robert__2__provenc3.png,test,https://www.wga.hu/html/r/robert/2/provenc3.html,"ROBERT, Hubert","The Maison Carrée, the Arenas and the Magne Tower in Nimes",1787.0,18,French,landscape,Huile,400.0,391.0,1.0230179028132993,0.23273657289002547,data/raw/images/r/robert/2/provenc3.jpg
r__robert__2__pub_bath,images/r__robert__2__pub_bath.png,train,https://www.wga.hu/html/r/robert/2/pub_bath.html,"ROBERT, Hubert",Ancient Ruins Used as Public Baths,1798.0,18,French,landscape,Huile,400.0,273.0,1.465201465201465,0.08999999999999997,data/raw/images/r/robert/2/pub_bath.jpg
r__robert__2__washerwo,images/r__robert__2__washerwo.png,train,https://www.wga.hu/html/r/robert/2/washerwo.html,"ROBERT, Hubert",Washerwomen below a Bridge,,18,French,landscape,Huile,400.0,292.0,1.36986301369863,0.026666666666666616,data/raw/images/r/robert/2/washerwo.jpg
r__roberts__castle,images/r__roberts__castle.png,train,https://www.wga.hu/html/r/roberts/castle.html,"ROBERTS, David",The Castle of Alcalá de Guadaira,1834.5,19,Scottish,landscape,Huile,400.0,322.0,1.2422360248447204,0.06832298136645965,data/raw/images/r/roberts/castle.jpg
r__roberts__venice1,images/r__roberts__venice1.png,train,https://www.wga.hu/html/r/roberts/venice1.html,"ROBERTS, David","Venice, Approach to the Grand Canal",1855.0,19,Scottish,landscape,Huile,400.0,238.0,1.680672268907563,0.20666666666666678,data/raw/images/r/roberts/venice1.jpg
r__roehn__adolphe__onaboat,images/r__roehn__adolphe__onaboat.png,train,https://www.wga.hu/html/r/roehn/adolphe/onaboat.html,"ROEHN, Adolphe-Eugène-Gabriel",Louis-Philippe and his Family on a Boat in Neuilly,1822.0,19,French,landscape,Huile,400.0,307.0,1.3029315960912051,0.0228013029315961,data/raw/images/r/roehn/adolphe/onaboat.jpg
r__roghman__extensiv,images/r__roghman__extensiv.png,train,https://www.wga.hu/html/r/roghman/extensiv.html,"ROGHMAN, Roelandt",An Extensive Landscape with Figures along a Path,,17,Dutch,landscape,Huile,400.0,266.0,1.5037593984962405,0.11333333333333329,data/raw/images/r/roghman/extensiv.jpg
r__roghman__landscap,images/r__roghman__landscap.png,train,https://www.wga.hu/html/r/roghman/landscap.html,"ROGHMAN, Roelandt",Landscape,1654.5,17,Dutch,landscape,Huile,400.0,331.0,1.2084592145015105,0.09365558912386707,data/raw/images/r/roghman/landscap.jpg
r__roghman__traveler,images/r__roghman__traveler.png,train,https://www.wga.hu/html/r/roghman/traveler.html,"ROGHMAN, Roelandt",Valley with Travellers,1664.5,17,Dutch,landscape,Huile,400.0,274.0,1.4598540145985401,0.08666666666666667,data/raw/images/r/roghman/traveler.jpg
r__rombauer__young_la,images/r__rombauer__young_la.png,train,https://www.wga.hu/html/r/rombauer/young_la.html,"ROMBAUER, János",Young Man in a Landscape,1804.0,19,Hungarian,landscape,Huile,400.0,335.0,1.1940298507462686,0.10447761194029859,data/raw/images/r/rombauer/young_la.jpg
r__rombout__gillis__woodland,images/r__rombout__gillis__woodland.png,train,https://www.wga.hu/html/r/rombout/gillis/woodland.html,"ROMBOUTS, Gillis",Wooded Landscape with Horseman,1660.0,17,Dutch,landscape,Huile,400.0,249.0,1.606425702811245,0.17000000000000004,data/raw/images/r/rombout/gillis/woodland.jpg
r__rombout__salomon__beach,images/r__rombout__salomon__beach.png,test,https://www.wga.hu/html/r/rombout/salomon/beach.html,"ROMBOUTS, Salomon",Coast at Scheveningen,1684.5,17,Dutch,landscape,Huile,400.0,226.0,1.7699115044247788,0.2466666666666667,data/raw/images/r/rombout/salomon/beach.jpg
r__rombout__salomon__village,images/r__rombout__salomon__village.png,train,https://www.wga.hu/html/r/rombout/salomon/village.html,"ROMBOUTS, Salomon",A Village Street Scene,,17,Dutch,landscape,Huile,400.0,320.0,1.25,0.0625,data/raw/images/r/rombout/salomon/village.jpg
r__rombout__salomon__woodedla,images/r__rombout__salomon__woodedla.png,train,https://www.wga.hu/html/r/rombout/salomon/woodedla.html,"ROMBOUTS, Salomon",Wooded Landscape,,17,Dutch,landscape,Huile,400.0,308.0,1.2987012987012987,0.025974025974025983,data/raw/images/r/rombout/salomon/woodedla.jpg
r__romeijn__cowgoats,images/r__romeijn__cowgoats.png,train,https://www.wga.hu/html/r/romeijn/cowgoats.html,"ROMEIJN, Willem","Cow, Goats and Sheep in a Meadow",,17,Dutch,landscape,Huile,400.0,287.0,1.3937282229965158,0.043333333333333446,data/raw/images/r/romeijn/cowgoats.jpg
r__romeijn__italian1,images/r__romeijn__italian1.png,train,https://www.wga.hu/html/r/romeijn/italian1.html,"ROMEIJN, Willem",Italianate Landscape,,17,Dutch,landscape,Huile,400.0,328.0,1.2195121951219512,0.08536585365853655,data/raw/images/r/romeijn/italian1.jpg
r__romeijn__italian2,images/r__romeijn__italian2.png,train,https://www.wga.hu/html/r/romeijn/italian2.html,"ROMEIJN, Willem",Italianate Landscape,,17,Dutch,landscape,Huile,400.0,318.0,1.2578616352201257,0.05660377358490565,data/raw/images/r/romeijn/italian2.jpg
r__roos__johann__pastoral,images/r__roos__johann__pastoral.png,train,https://www.wga.hu/html/r/roos/johann/pastoral.html,"ROOS, Johann Heinrich",Pastoral Landscape,1684.0,17,German,landscape,Huile,400.0,289.0,1.3840830449826989,0.036666666666666625,data/raw/images/r/roos/johann/pastoral.jpg
r__roos__johann__shepherd,images/r__roos__johann__shepherd.png,train,https://www.wga.hu/html/r/roos/johann/shepherd.html,"ROOS, Johann Heinrich",Cow and Shepherd at Well,,17,German,landscape,Huile,400.0,268.0,1.492537313432836,0.1066666666666668,data/raw/images/r/roos/johann/shepherd.jpg
r__roos__philipp__goasheep,images/r__roos__philipp__goasheep.png,train,https://www.wga.hu/html/r/roos/philipp/goasheep.html,"ROOS, Philipp Peter",Italianate Landscape with a Goat and Sheep,,17,German,landscape,Huile,400.0,325.0,1.2307692307692308,0.07692307692307687,data/raw/images/r/roos/philipp/goasheep.jpg
r__roos__philipp__goats3,images/r__roos__philipp__goats3.png,train,https://www.wga.hu/html/r/roos/philipp/goats3.html,"ROOS, Philipp Peter",Southern Landscape with Goats and Sheep,,17,German,landscape,Huile,400.0,342.0,1.1695906432748537,0.1228070175438597,data/raw/images/r/roos/philipp/goats3.jpg
r__roos__philipp__pastoral,images/r__roos__philipp__pastoral.png,train,https://www.wga.hu/html/r/roos/philipp/pastoral.html,"ROOS, Philipp Peter",Pastoral Landscape,,17,German,landscape,Huile,400.0,258.0,1.550387596899225,0.14000000000000012,data/raw/images/r/roos/philipp/pastoral.jpg
r__rorbye__athens,images/r__rorbye__athens.png,train,https://www.wga.hu/html/r/rorbye/athens.html,"RØRBYE, Martinus",The Tower of the Winds and the Acropolis in Athens,1839.0,19,Danish,landscape,Huile,400.0,293.0,1.3651877133105803,0.023333333333333428,data/raw/images/r/rorbye/athens.jpg
r__rorbye__prison,images/r__rorbye__prison.png,train,https://www.wga.hu/html/r/rorbye/prison.html,"RØRBYE, Martinus",The Prison of Copenhagen,1831.0,19,Danish,landscape,Huile,400.0,297.0,1.3468013468013469,0.01000000000000012,data/raw/images/r/rorbye/prison.jpg
r__rosa__evening,images/r__rosa__evening.png,train,https://www.wga.hu/html/r/rosa/evening.html,"ROSA, Salvator",Evening Landscape,1641.5,17,Italian,landscape,Huile,400.0,260.0,1.5384615384615385,0.13333333333333341,data/raw/images/r/rosa/evening.jpg
r__rosa__harbour,images/r__rosa__harbour.png,train,https://www.wga.hu/html/r/rosa/harbour.html,"ROSA, Salvator",Harbour with Ruins,1640.0,17,Italian,landscape,Huile,400.0,312.0,1.2820512820512822,0.038461538461538325,data/raw/images/r/rosa/harbour.jpg
r__rosa__harbour1,images/r__rosa__harbour1.png,train,https://www.wga.hu/html/r/rosa/harbour1.html,"ROSA, Salvator",Rocky Landscape with Waterfall,1640.0,17,Italian,landscape,Huile,400.0,308.0,1.2987012987012987,0.025974025974025983,data/raw/images/r/rosa/harbour1.jpg
r__rosa__marine,images/r__rosa__marine.png,train,https://www.wga.hu/html/r/rosa/marine.html,"ROSA, Salvator",Marine Landscape with Towers,1645.0,17,Italian,landscape,Huile,400.0,323.0,1.238390092879257,0.07120743034055721,data/raw/images/r/rosa/marine.jpg
r__rosa__river_la,images/r__rosa__river_la.png,train,https://www.wga.hu/html/r/rosa/river_la.html,"ROSA, Salvator",River Landscape with Apollo and the Cumean Sibyl,1655.0,17,Italian,landscape,Huile,400.0,266.0,1.5037593984962405,0.11333333333333329,data/raw/images/r/rosa/river_la.jpg
r__rosa__view_sal,images/r__rosa__view_sal.png,train,https://www.wga.hu/html/r/rosa/view_sal.html,"ROSA, Salvator",View of the Gulf of Salerno,1642.5,17,Italian,landscape,Huile,400.0,258.0,1.550387596899225,0.14000000000000012,data/raw/images/r/rosa/view_sal.jpg
r__rosa__warriors,images/r__rosa__warriors.png,train,https://www.wga.hu/html/r/rosa/warriors.html,"ROSA, Salvator",Rocky Landscape with a Huntsman and Warriors,1670.0,17,Italian,landscape,Huile,400.0,293.0,1.3651877133105803,0.023333333333333428,data/raw/images/r/rosa/warriors.jpg
r__rottmann__cefalu,images/r__rottmann__cefalu.png,train,https://www.wga.hu/html/r/rottmann/cefalu.html,"ROTTMANN, Carl",Cefalu,1830.0,19,German,landscape,Huile,400.0,311.0,1.2861736334405145,0.03536977491961413,data/raw/images/r/rottmann/cefalu.jpg
r__rottmann__corinth,images/r__rottmann__corinth.png,train,https://www.wga.hu/html/r/rottmann/corinth.html,"ROTTMANN, Carl",Corinth with Akrocorinth,1847.0,19,German,landscape,Autre,400.0,311.0,1.2861736334405145,0.03536977491961413,data/raw/images/r/rottmann/corinth.jpg
r__rottmann__eibsee,images/r__rottmann__eibsee.png,train,https://www.wga.hu/html/r/rottmann/eibsee.html,"ROTTMANN, Carl",View of the Eibsee,1825.0,19,German,landscape,Huile,400.0,302.0,1.3245033112582782,0.0066225165562913135,data/raw/images/r/rottmann/eibsee.jpg
r__rottmann__maratho,images/r__rottmann__maratho.png,train,https://www.wga.hu/html/r/rottmann/maratho.html,"ROTTMANN, Carl",The Battlefield at Marathon,1849.0,19,German,landscape,Huile,400.0,391.0,1.0230179028132993,0.23273657289002547,data/raw/images/r/rottmann/maratho.jpg
r__rottmann__marathon,images/r__rottmann__marathon.png,test,https://www.wga.hu/html/r/rottmann/marathon.html,"ROTTMANN, Carl",Marathon,1848.0,19,German,landscape,Autre,400.0,301.0,1.3289036544850499,0.0033222591362125353,data/raw/images/r/rottmann/marathon.jpg
r__rottmann__olympia,images/r__rottmann__olympia.png,train,https://www.wga.hu/html/r/rottmann/olympia.html,"ROTTMANN, Carl",Olympia,1839.0,19,German,landscape,Autre,400.0,315.0,1.2698412698412698,0.04761904761904767,data/raw/images/r/rottmann/olympia.jpg
r__rouart__terrace,images/r__rouart__terrace.png,train,https://www.wga.hu/html/r/rouart/terrace.html,"ROUART, Henri Stanislas",Terrace on the Banks of the Seine at Melun,1880.0,19,French,landscape,Huile,400.0,280.0,1.4285714285714286,0.06666666666666676,data/raw/images/r/rouart/terrace.jpg
r__roussea__luxembou,images/r__roussea__luxembou.png,train,https://www.wga.hu/html/r/roussea/luxembou.html,"ROUSSEAU, Henri",The Jardin du Luxembourg,1909.0,19,French,landscape,Huile,400.0,334.0,1.1976047904191616,0.10179640718562877,data/raw/images/r/roussea/luxembou.jpg
r__roussea__tropical,images/r__roussea__tropical.png,train,https://www.wga.hu/html/r/roussea/tropical.html,"ROUSSEAU, Henri",In a Tropical Forest,1908.5,19,French,landscape,Huile,400.0,335.0,1.1940298507462686,0.10447761194029859,data/raw/images/r/roussea/tropical.jpg
r__roussea__viewfort,images/r__roussea__viewfort.png,train,https://www.wga.hu/html/r/roussea/viewfort.html,"ROUSSEAU, Henri",View of the Fortifications to the Left of the Porte de Vanves,1909.0,19,French,landscape,Huile,400.0,318.0,1.2578616352201257,0.05660377358490565,data/raw/images/r/roussea/viewfort.jpg
r__rousseaj__perspec2,images/r__rousseaj__perspec2.png,test,https://www.wga.hu/html/r/rousseaj/perspec2.html,"ROUSSEAU, Jacques",Architectural Perspective : A Temple,1673.0,17,French,landscape,Huile,400.0,271.0,1.4760147601476015,0.09666666666666668,data/raw/images/r/rousseaj/perspec2.jpg
r__rousseau__big_tree,images/r__rousseau__big_tree.png,train,https://www.wga.hu/html/r/rousseau/big_tree.html,"ROUSSEAU, Théodore",The Big Tree,,19,French,landscape,Huile,400.0,258.0,1.550387596899225,0.14000000000000012,data/raw/images/r/rousseau/big_tree.jpg
r__rousseau__edgefore,images/r__rousseau__edgefore.png,train,https://www.wga.hu/html/r/rousseau/edgefore.html,"ROUSSEAU, Théodore","Edge of the Forest at Fontainebleau, Setting Sun",1850.0,19,French,landscape,Huile,400.0,273.0,1.465201465201465,0.08999999999999997,data/raw/images/r/rousseau/edgefore.jpg
r__rousseau__lanbridge,images/r__rousseau__lanbridge.png,train,https://www.wga.hu/html/r/rousseau/lanbridge.html,"ROUSSEAU, Théodore",Landscape with a Bridge,1851.0,19,French,landscape,Huile,400.0,303.0,1.3201320132013201,0.00990099009900991,data/raw/images/r/rousseau/lanbridge.jpg
r__rousseau__lanplowm,images/r__rousseau__lanplowm.png,train,https://www.wga.hu/html/r/rousseau/lanplowm.html,"ROUSSEAU, Théodore",Landscape with a Plowman,1861.0,19,French,landscape,Huile,400.0,282.0,1.4184397163120568,0.06000000000000005,data/raw/images/r/rousseau/lanplowm.jpg
r__rousseau__market,images/r__rousseau__market.png,train,https://www.wga.hu/html/r/rousseau/market.html,"ROUSSEAU, Théodore",Market-Place in Normandy,1834.5,19,French,landscape,Huile,400.0,309.0,1.2944983818770226,0.029126213592232997,data/raw/images/r/rousseau/market.jpg
r__rousseau__marshlan,images/r__rousseau__marshlan.png,train,https://www.wga.hu/html/r/rousseau/marshlan.html,"ROUSSEAU, Théodore",Marsh in the Landes,1853.0,19,French,landscape,Huile,400.0,245.0,1.6326530612244898,0.18333333333333335,data/raw/images/r/rousseau/marshlan.jpg
r__rousseau__qakgrove,images/r__rousseau__qakgrove.png,test,https://www.wga.hu/html/r/rousseau/qakgrove.html,"ROUSSEAU, Théodore","Oak Grove, Apremont",1855.0,19,French,landscape,Huile,400.0,244.0,1.639344262295082,0.18666666666666676,data/raw/images/r/rousseau/qakgrove.jpg
r__rubens__22mythol__30mythom,images/r__rubens__22mythol__30mythom.png,train,https://www.wga.hu/html/r/rubens/22mythol/30mythom.html,"RUBENS, Peter Paul",Landscape with Pan and Syrinx,1626.0,17,Flemish,landscape,Huile,400.0,242.0,1.6528925619834711,0.19333333333333336,data/raw/images/r/rubens/22mythol/30mythom.jpg
r__rubens__5landsca__01landsc,images/r__rubens__5landsca__01landsc.png,train,https://www.wga.hu/html/r/rubens/5landsca/01landsc.html,"RUBENS, Peter Paul",Landscape with the Ruins of Mount Palatine in Rome,1608.0,17,Flemish,landscape,Huile,400.0,273.0,1.465201465201465,0.08999999999999997,data/raw/images/r/rubens/5landsca/01landsc.jpg
r__rubens__5landsca__02landsc,images/r__rubens__5landsca__02landsc.png,train,https://www.wga.hu/html/r/rubens/5landsca/02landsc.html,"RUBENS, Peter Paul",Return of the Prodigal Son,1618.0,17,Flemish,landscape,Huile,400.0,283.0,1.4134275618374559,0.056666666666666754,data/raw/images/r/rubens/5landsca/02landsc.jpg
r__rubens__5landsca__03landsc,images/r__rubens__5landsca__03landsc.png,train,https://www.wga.hu/html/r/rubens/5landsca/03landsc.html,"RUBENS, Peter Paul",Farm at Laken,1618.0,17,Flemish,landscape,Huile,400.0,267.0,1.4981273408239701,0.1100000000000001,data/raw/images/r/rubens/5landsca/03landsc.jpg
r__rubens__5landsca__041lands,images/r__rubens__5landsca__041lands.png,train,https://www.wga.hu/html/r/rubens/5landsca/041lands.html,"RUBENS, Peter Paul",Landscape with Stone Carriers,1620.0,17,Flemish,landscape,Huile,400.0,271.0,1.4760147601476015,0.09666666666666668,data/raw/images/r/rubens/5landsca/041lands.jpg
r__rubens__5landsca__04landsc,images/r__rubens__5landsca__04landsc.png,train,https://www.wga.hu/html/r/rubens/5landsca/04landsc.html,"RUBENS, Peter Paul",Summer,1624.5,17,Flemish,landscape,Huile,400.0,253.0,1.5810276679841897,0.15666666666666673,data/raw/images/r/rubens/5landsca/04landsc.jpg
r__rubens__5landsca__05landsc,images/r__rubens__5landsca__05landsc.png,train,https://www.wga.hu/html/r/rubens/5landsca/05landsc.html,"RUBENS, Peter Paul",Stormy Landscape,1625.0,17,Flemish,landscape,Huile,400.0,283.0,1.4134275618374559,0.056666666666666754,data/raw/images/r/rubens/5landsca/05landsc.jpg
r__rubens__5landsca__06landsc,images/r__rubens__5landsca__06landsc.png,train,https://www.wga.hu/html/r/rubens/5landsca/06landsc.html,"RUBENS, Peter Paul",Landscape with Saint George and the Dragon,1630.0,17,Flemish,landscape,Huile,400.0,264.0,1.5151515151515151,0.12,data/raw/images/r/rubens/5landsca/06landsc.jpg
r__rubens__5landsca__07landsc,images/r__rubens__5landsca__07landsc.png,test,https://www.wga.hu/html/r/rubens/5landsca/07landsc.html,"RUBENS, Peter Paul",Landscape with Cows and Wildfowlers,1630.0,17,Flemish,landscape,Huile,400.0,258.0,1.550387596899225,0.14000000000000012,data/raw/images/r/rubens/5landsca/07landsc.jpg
r__rubens__5landsca__08landsc,images/r__rubens__5landsca__08landsc.png,train,https://www.wga.hu/html/r/rubens/5landsca/08landsc.html,"RUBENS, Peter Paul",Landscape with a Rainbow,1633.5,17,Flemish,landscape,Huile,400.0,262.0,1.5267175572519085,0.12666666666666682,data/raw/images/r/rubens/5landsca/08landsc.jpg
r__rubens__5landsca__08landsd,images/r__rubens__5landsca__08landsd.png,train,https://www.wga.hu/html/r/rubens/5landsca/08landsd.html,"RUBENS, Peter Paul",A Forest at Dawn with a Deer Hunt,1635.0,17,Flemish,landscape,Huile,400.0,274.0,1.4598540145985401,0.08666666666666667,data/raw/images/r/rubens/5landsca/08landsd.jpg
r__rubens__5landsca__09landsc,images/r__rubens__5landsca__09landsc.png,train,https://www.wga.hu/html/r/rubens/5landsca/09landsc.html,"RUBENS, Peter Paul",An Autumn Landscape with a View of Het Steen,1635.0,17,Flemish,landscape,Huile,400.0,229.0,1.7467248908296944,0.2366666666666667,data/raw/images/r/rubens/5landsca/09landsc.jpg
r__rubens__5landsca__10landsc,images/r__rubens__5landsca__10landsc.png,train,https://www.wga.hu/html/r/rubens/5landsca/10landsc.html,"RUBENS, Peter Paul",Landscape with Cows,1636.0,17,Flemish,landscape,Huile,400.0,272.0,1.4705882352941178,0.09333333333333349,data/raw/images/r/rubens/5landsca/10landsc.jpg
r__rubens__5landsca__11landsc,images/r__rubens__5landsca__11landsc.png,train,https://www.wga.hu/html/r/rubens/5landsca/11landsc.html,"RUBENS, Peter Paul",The Village Fête (Flemish Kermis),1636.5,17,Flemish,landscape,Huile,400.0,226.0,1.7699115044247788,0.2466666666666667,data/raw/images/r/rubens/5landsca/11landsc.jpg
r__rubens__5landsca__13landsc,images/r__rubens__5landsca__13landsc.png,train,https://www.wga.hu/html/r/rubens/5landsca/13landsc.html,"RUBENS, Peter Paul",Landscape with a Rainbow,1636.0,17,Flemish,landscape,Huile,400.0,313.0,1.2779552715654952,0.04153354632587858,data/raw/images/r/rubens/5landsca/13landsc.jpg
r__rubens__5landsca__14landsc,images/r__rubens__5landsca__14landsc.png,train,https://www.wga.hu/html/r/rubens/5landsca/14landsc.html,"RUBENS, Peter Paul",Dance of Italian Villagers,1636.0,17,Flemish,landscape,Huile,400.0,279.0,1.4336917562724014,0.07000000000000006,data/raw/images/r/rubens/5landsca/14landsc.jpg
r__rubens__5landsca__15landsc,images/r__rubens__5landsca__15landsc.png,train,https://www.wga.hu/html/r/rubens/5landsca/15landsc.html,"RUBENS, Peter Paul",Tournament in front of Castle Steen,1636.0,17,Flemish,landscape,Huile,400.0,273.0,1.465201465201465,0.08999999999999997,data/raw/images/r/rubens/5landsca/15landsc.jpg
r__rubens__5landsca__16landsc,images/r__rubens__5landsca__16landsc.png,train,https://www.wga.hu/html/r/rubens/5landsca/16landsc.html,"RUBENS, Peter Paul",Landscape with a Rainbow,1638.0,17,Flemish,landscape,Huile,400.0,226.0,1.7699115044247788,0.2466666666666667,data/raw/images/r/rubens/5landsca/16landsc.jpg
r__rubens__5landsca__17landsc,images/r__rubens__5landsca__17landsc.png,train,https://www.wga.hu/html/r/rubens/5landsca/17landsc.html,"RUBENS, Peter Paul",Return from the Fields,1640.0,17,Flemish,landscape,Huile,400.0,253.0,1.5810276679841897,0.15666666666666673,data/raw/images/r/rubens/5landsca/17landsc.jpg
r__ruysdael__isaack__pl_fence,images/r__ruysdael__isaack__pl_fence.png,train,https://www.wga.hu/html/r/ruysdael/isaack/pl_fence.html,"RUISDAEL, Isaack van",The Plank Fence,,17,Dutch,landscape,Huile,400.0,268.0,1.492537313432836,0.1066666666666668,data/raw/images/r/ruysdael/isaack/pl_fence.jpg
r__ruysdael__jacob__1__2watermi,images/r__ruysdael__jacob__1__2watermi.png,train,https://www.wga.hu/html/r/ruysdael/jacob/1/2watermi.html,"RUISDAEL, Jacob Isaackszon van",Two Watermills and an Open Sluice near Singraven,1651.0,17,Dutch,landscape,Huile,400.0,309.0,1.2944983818770226,0.029126213592232997,data/raw/images/r/ruysdael/jacob/1/2watermi.jpg
r__ruysdael__jacob__1__benthei,images/r__ruysdael__jacob__1__benthei.png,train,https://www.wga.hu/html/r/ruysdael/jacob/1/benthei.html,"RUISDAEL, Jacob Isaackszon van",Bentheim Castle,1653.0,17,Dutch,landscape,Huile,400.0,301.0,1.3289036544850499,0.0033222591362125353,data/raw/images/r/ruysdael/jacob/1/benthei.jpg
r__ruysdael__jacob__1__bentheij,images/r__ruysdael__jacob__1__bentheij.png,train,https://www.wga.hu/html/r/ruysdael/jacob/1/bentheij.html,"RUISDAEL, Jacob Isaackszon van",View of Bentheim Castle from the North-West,1652.0,17,Dutch,landscape,Huile,400.0,304.0,1.3157894736842106,0.013157894736842035,data/raw/images/r/ruysdael/jacob/1/bentheij.jpg
r__ruysdael__jacob__1__forestro,images/r__ruysdael__jacob__1__forestro.png,test,https://www.wga.hu/html/r/ruysdael/jacob/1/forestro.html,"RUISDAEL, Jacob Isaackszon van",Road through an Oak Forest,1646.5,17,Dutch,landscape,Huile,400.0,311.0,1.2861736334405145,0.03536977491961413,data/raw/images/r/ruysdael/jacob/1/forestro.jpg
r__ruysdael__jacob__1__greatoak,images/r__ruysdael__jacob__1__greatoak.png,train,https://www.wga.hu/html/r/ruysdael/jacob/1/greatoak.html,"RUISDAEL, Jacob Isaackszon van",The Great Oak,1652.0,17,Dutch,landscape,Huile,400.0,322.0,1.2422360248447204,0.06832298136645965,data/raw/images/r/ruysdael/jacob/1/greatoak.jpg
r__ruysdael__jacob__1__grove,images/r__ruysdael__jacob__1__grove.png,train,https://www.wga.hu/html/r/ruysdael/jacob/1/grove.html,"RUISDAEL, Jacob Isaackszon van",Landscape with a House in the Grove,1646.0,17,Dutch,landscape,Huile,400.0,256.0,1.5625,0.14666666666666672,data/raw/images/r/ruysdael/jacob/1/grove.jpg
r__ruysdael__jacob__1__land_vil,images/r__ruysdael__jacob__1__land_vil.png,train,https://www.wga.hu/html/r/ruysdael/jacob/1/land_vil.html,"RUISDAEL, Jacob Isaackszon van",Landscape with a Village in the Distance,1646.0,17,Dutch,landscape,Huile,400.0,271.0,1.4760147601476015,0.09666666666666668,data/raw/images/r/ruysdael/jacob/1/land_vil.jpg
r__ruysdael__jacob__1__landtrav,images/r__ruysdael__jacob__1__landtrav.png,train,https://www.wga.hu/html/r/ruysdael/jacob/1/landtrav.html,"RUISDAEL, Jacob Isaackszon van",Landscape with a Traveller,1650.0,17,Dutch,landscape,Huile,400.0,288.0,1.3888888888888888,0.040000000000000036,data/raw/images/r/ruysdael/jacob/1/landtrav.jpg
r__ruysdael__jacob__1__thicket,images/r__ruysdael__jacob__1__thicket.png,train,https://www.wga.hu/html/r/ruysdael/jacob/1/thicket.html,"RUISDAEL, Jacob Isaackszon van",The Thicket (Path in the Haarlem Dunes),1649.0,17,Dutch,landscape,Huile,400.0,336.0,1.1904761904761905,0.1071428571428571,data/raw/images/r/ruysdael/jacob/1/thicket.jpg
r__ruysdael__jacob__1__village,images/r__ruysdael__jacob__1__village.png,train,https://www.wga.hu/html/r/ruysdael/jacob/1/village.html,"RUISDAEL, Jacob Isaackszon van",Village at the Wood's Edge,1651.0,17,Dutch,landscape,Huile,400.0,314.0,1.2738853503184713,0.04458598726114649,data/raw/images/r/ruysdael/jacob/1/village.jpg
r__ruysdael__jacob__1__water_m,images/r__ruysdael__jacob__1__water_m.png,train,https://www.wga.hu/html/r/ruysdael/jacob/1/water_m.html,"RUISDAEL, Jacob Isaackszon van",Two Watermills and an Open Sluice,1653.0,17,Dutch,landscape,Huile,400.0,305.0,1.3114754098360655,0.016393442622950838,data/raw/images/r/ruysdael/jacob/1/water_m.jpg
r__ruysdael__jacob__1__water_m1,images/r__ruysdael__jacob__1__water_m1.png,train,https://www.wga.hu/html/r/ruysdael/jacob/1/water_m1.html,"RUISDAEL, Jacob Isaackszon van",Two Undershot Watermills with Men Opening a Sluice,1654.5,17,Dutch,landscape,Huile,400.0,318.0,1.2578616352201257,0.05660377358490565,data/raw/images/r/ruysdael/jacob/1/water_m1.jpg
r__ruysdael__jacob__1__waterfal,images/r__ruysdael__jacob__1__waterfal.png,train,https://www.wga.hu/html/r/ruysdael/jacob/1/waterfal.html,"RUISDAEL, Jacob Isaackszon van",Rocky Landscape with a Waterfall,1657.5,17,Dutch,landscape,Huile,400.0,311.0,1.2861736334405145,0.03536977491961413,data/raw/images/r/ruysdael/jacob/1/waterfal.jpg
r__ruysdael__jacob__1__windmill,images/r__ruysdael__jacob__1__windmill.png,train,https://www.wga.hu/html/r/ruysdael/jacob/1/windmill.html,"RUISDAEL, Jacob Isaackszon van",Evening Landscape: A Windmill by a Stream,1657.0,17,Dutch,landscape,Huile,400.0,307.0,1.3029315960912051,0.0228013029315961,data/raw/images/r/ruysdael/jacob/1/windmill.jpg
r__ruysdael__jacob__2__cloister,images/r__ruysdael__jacob__2__cloister.png,train,https://www.wga.hu/html/r/ruysdael/jacob/2/cloister.html,"RUISDAEL, Jacob Isaackszon van",The Cloister,1652.5,17,Dutch,landscape,Huile,400.0,308.0,1.2987012987012987,0.025974025974025983,data/raw/images/r/ruysdael/jacob/2/cloister.jpg
r__ruysdael__jacob__2__damsquar,images/r__ruysdael__jacob__2__damsquar.png,train,https://www.wga.hu/html/r/ruysdael/jacob/2/damsquar.html,"RUISDAEL, Jacob Isaackszon van",The Dam Square in Amsterdam,1670.0,17,Dutch,landscape,Huile,400.0,317.0,1.2618296529968454,0.05362776025236593,data/raw/images/r/ruysdael/jacob/2/damsquar.jpg
r__ruysdael__jacob__2__f_stream,images/r__ruysdael__jacob__2__f_stream.png,test,https://www.wga.hu/html/r/ruysdael/jacob/2/f_stream.html,"RUISDAEL, Jacob Isaackszon van",The Forest Stream,1660.0,17,Dutch,landscape,Huile,400.0,298.0,1.342281879194631,0.006666666666666821,data/raw/images/r/ruysdael/jacob/2/f_stream.jpg
r__ruysdael__jacob__2__jewish,images/r__ruysdael__jacob__2__jewish.png,train,https://www.wga.hu/html/r/ruysdael/jacob/2/jewish.html,"RUISDAEL, Jacob Isaackszon van",The Jewish Cemetery,1657.5,17,Dutch,landscape,Huile,400.0,362.0,1.1049723756906078,0.1712707182320441,data/raw/images/r/ruysdael/jacob/2/jewish.jpg
r__ruysdael__jacob__2__jewish_c,images/r__ruysdael__jacob__2__jewish_c.png,train,https://www.wga.hu/html/r/ruysdael/jacob/2/jewish_c.html,"RUISDAEL, Jacob Isaackszon van",The Jewish Cemetery,1657.0,17,Dutch,landscape,Huile,400.0,313.0,1.2779552715654952,0.04153354632587858,data/raw/images/r/ruysdael/jacob/2/jewish_c.jpg
r__ruysdael__jacob__2__kostverl,images/r__ruysdael__jacob__2__kostverl.png,train,https://www.wga.hu/html/r/ruysdael/jacob/2/kostverl.html,"RUISDAEL, Jacob Isaackszon van",Huis Kostverloren on the Amstel River,1664.0,17,Dutch,landscape,Huile,400.0,323.0,1.238390092879257,0.07120743034055721,data/raw/images/r/ruysdael/jacob/2/kostverl.jpg
r__ruysdael__jacob__2__l_forest,images/r__ruysdael__jacob__2__l_forest.png,train,https://www.wga.hu/html/r/ruysdael/jacob/2/l_forest.html,"RUISDAEL, Jacob Isaackszon van",The Large Forest,,17,Dutch,landscape,Huile,400.0,308.0,1.2987012987012987,0.025974025974025983,data/raw/images/r/ruysdael/jacob/2/l_forest.jpg
r__ruysdael__jacob__2__lanbridg,images/r__ruysdael__jacob__2__lanbridg.png,train,https://www.wga.hu/html/r/ruysdael/jacob/2/lanbridg.html,"RUISDAEL, Jacob Isaackszon van","Landscape with Bridge, Cattle, and Figures",1660.0,17,Dutch,landscape,Huile,400.0,297.0,1.3468013468013469,0.01000000000000012,data/raw/images/r/ruysdael/jacob/2/lanbridg.jpg
r__ruysdael__jacob__2__lancattl,images/r__ruysdael__jacob__2__lancattl.png,train,https://www.wga.hu/html/r/ruysdael/jacob/2/lancattl.html,"RUISDAEL, Jacob Isaackszon van",Landscape with Cattle,1666.0,17,Dutch,landscape,Huile,400.0,310.0,1.2903225806451613,0.032258064516129004,data/raw/images/r/ruysdael/jacob/2/lancattl.jpg
r__ruysdael__jacob__2__landscap,images/r__ruysdael__jacob__2__landscap.png,train,https://www.wga.hu/html/r/ruysdael/jacob/2/landscap.html,"RUISDAEL, Jacob Isaackszon van",Landscape with Church and Village,1667.5,17,Dutch,landscape,Huile,400.0,316.0,1.2658227848101267,0.050632911392405,data/raw/images/r/ruysdael/jacob/2/landscap.jpg
r__ruysdael__jacob__2__marsh,images/r__ruysdael__jacob__2__marsh.png,train,https://www.wga.hu/html/r/ruysdael/jacob/2/marsh.html,"RUISDAEL, Jacob Isaackszon van",The Marsh in a Forest,1665.0,17,Dutch,landscape,Huile,400.0,295.0,1.3559322033898304,0.01666666666666672,data/raw/images/r/ruysdael/jacob/2/marsh.jpg
r__ruysdael__jacob__2__marsh1,images/r__ruysdael__jacob__2__marsh1.png,train,https://www.wga.hu/html/r/ruysdael/jacob/2/marsh1.html,"RUISDAEL, Jacob Isaackszon van",A Marsh in a Forest at Dusk,1660.0,17,Dutch,landscape,Huile,400.0,334.0,1.1976047904191616,0.10179640718562877,data/raw/images/r/ruysdael/jacob/2/marsh1.jpg
r__ruysdael__jacob__2__ray_sunl,images/r__ruysdael__jacob__2__ray_sunl.png,train,https://www.wga.hu/html/r/ruysdael/jacob/2/ray_sunl.html,"RUISDAEL, Jacob Isaackszon van",The Ray of Sunlight,1660.0,17,Dutch,landscape,Huile,400.0,312.0,1.2820512820512822,0.038461538461538325,data/raw/images/r/ruysdael/jacob/2/ray_sunl.jpg
r__ruysdael__jacob__2__roadcorn,images/r__ruysdael__jacob__2__roadcorn.png,train,https://www.wga.hu/html/r/ruysdael/jacob/2/roadcorn.html,"RUISDAEL, Jacob Isaackszon van",Road through Corn Fields near the Zuider Zee,1661.0,17,Dutch,landscape,Huile,400.0,330.0,1.2121212121212122,0.09090909090909083,data/raw/images/r/ruysdael/jacob/2/roadcorn.jpg
r__ruysdael__jacob__2__ruined_c,images/r__ruysdael__jacob__2__ruined_c.png,train,https://www.wga.hu/html/r/ruysdael/jacob/2/ruined_c.html,"RUISDAEL, Jacob Isaackszon van",An Extensive Landscape with a Ruined Castle and a Village Church,1668.5,17,Dutch,landscape,Huile,400.0,304.0,1.3157894736842106,0.013157894736842035,data/raw/images/r/ruysdael/jacob/2/ruined_c.jpg
r__ruysdael__jacob__2__stormyse,images/r__ruysdael__jacob__2__stormyse.png,train,https://www.wga.hu/html/r/ruysdael/jacob/2/stormyse.html,"RUISDAEL, Jacob Isaackszon van",Stormy Sea with Sailing Boats,1668.0,17,Dutch,landscape,Huile,400.0,321.0,1.2461059190031152,0.06542056074766356,data/raw/images/r/ruysdael/jacob/2/stormyse.jpg
r__ruysdael__jacob__2__view_hab,images/r__ruysdael__jacob__2__view_hab.png,train,https://www.wga.hu/html/r/ruysdael/jacob/2/view_hab.html,"RUISDAEL, Jacob Isaackszon van",Landscape with a View of Haarlem,1672.5,17,Dutch,landscape,Huile,400.0,317.0,1.2618296529968454,0.05362776025236593,data/raw/images/r/ruysdael/jacob/2/view_hab.jpg
r__ruysdael__jacob__2__view_had,images/r__ruysdael__jacob__2__view_had.png,train,https://www.wga.hu/html/r/ruysdael/jacob/2/view_had.html,"RUISDAEL, Jacob Isaackszon van",View of Haarlem with Bleaching Grounds,1672.5,17,Dutch,landscape,Huile,400.0,354.0,1.1299435028248588,0.15254237288135586,data/raw/images/r/ruysdael/jacob/2/view_had.jpg
r__ruysdael__jacob__2__woodland,images/r__ruysdael__jacob__2__woodland.png,train,https://www.wga.hu/html/r/ruysdael/jacob/2/woodland.html,"RUISDAEL, Jacob Isaackszon van",Woodland Scene with Lake,1657.0,17,Dutch,landscape,Huile,400.0,319.0,1.2539184952978057,0.059561128526645635,data/raw/images/r/ruysdael/jacob/2/woodland.jpg
r__ruysdael__jacob__3__egmond,images/r__ruysdael__jacob__3__egmond.png,train,https://www.wga.hu/html/r/ruysdael/jacob/3/egmond.html,"RUISDAEL, Jacob Isaackszon van",The Shore at Egmond-an-Zee,1675.0,17,Dutch,landscape,Huile,400.0,309.0,1.2944983818770226,0.029126213592232997,data/raw/images/r/ruysdael/jacob/3/egmond.jpg
r__ruysdael__jacob__3__grain_fi,images/r__ruysdael__jacob__3__grain_fi.png,train,https://www.wga.hu/html/r/ruysdael/jacob/3/grain_fi.html,"RUISDAEL, Jacob Isaackszon van",Grainfields,1666.5,17,Dutch,landscape,Huile,400.0,326.0,1.2269938650306749,0.07975460122699385,data/raw/images/r/ruysdael/jacob/3/grain_fi.jpg
r__ruysdael__jacob__3__landshep,images/r__ruysdael__jacob__3__landshep.png,train,https://www.wga.hu/html/r/ruysdael/jacob/3/landshep.html,"RUISDAEL, Jacob Isaackszon van",Landscape with Shepherds and Peasants,1664.5,17,Dutch,landscape,Huile,400.0,346.0,1.1560693641618498,0.1329479768786126,data/raw/images/r/ruysdael/jacob/3/landshep.jpg
r__ruysdael__jacob__3__oakslake,images/r__ruysdael__jacob__3__oakslake.png,train,https://www.wga.hu/html/r/ruysdael/jacob/3/oakslake.html,"RUISDAEL, Jacob Isaackszon van",Oaks by a Lake with Waterlilies,1667.0,17,Dutch,landscape,Huile,400.0,325.0,1.2307692307692308,0.07692307692307687,data/raw/images/r/ruysdael/jacob/3/oakslake.jpg
r__ruysdael__jacob__3__storm,images/r__ruysdael__jacob__3__storm.png,train,https://www.wga.hu/html/r/ruysdael/jacob/3/storm.html,"RUISDAEL, Jacob Isaackszon van",The Breakwater,1671.0,17,Dutch,landscape,Huile,400.0,275.0,1.4545454545454546,0.08333333333333337,data/raw/images/r/ruysdael/jacob/3/storm.jpg
r__ruysdael__jacob__3__water_fx,images/r__ruysdael__jacob__3__water_fx.png,train,https://www.wga.hu/html/r/ruysdael/jacob/3/water_fx.html,"RUISDAEL, Jacob Isaackszon van",Waterfall in Norway,1670.0,17,Dutch,landscape,Huile,400.0,295.0,1.3559322033898304,0.01666666666666672,data/raw/images/r/ruysdael/jacob/3/water_fx.jpg
r__ruysdael__jacob__3__waterfa,images/r__ruysdael__jacob__3__waterfa.png,train,https://www.wga.hu/html/r/ruysdael/jacob/3/waterfa.html,"RUISDAEL, Jacob Isaackszon van",Landscape with Waterfall,1670.0,17,Dutch,landscape,Huile,400.0,284.0,1.408450704225352,0.053333333333333344,data/raw/images/r/ruysdael/jacob/3/waterfa.jpg
r__ruysdael__jacob__3__waterfai,images/r__ruysdael__jacob__3__waterfai.png,train,https://www.wga.hu/html/r/ruysdael/jacob/3/waterfai.html,"RUISDAEL, Jacob Isaackszon van",Landscape with Waterfall,1670.0,17,Dutch,landscape,Huile,400.0,287.0,1.3937282229965158,0.043333333333333446,data/raw/images/r/ruysdael/jacob/3/waterfai.jpg
r__ruysdael__jacob__3__waterfak,images/r__ruysdael__jacob__3__waterfak.png,train,https://www.wga.hu/html/r/ruysdael/jacob/3/waterfak.html,"RUISDAEL, Jacob Isaackszon van",Waterfall by a Church,1668.5,17,Dutch,landscape,Huile,400.0,331.0,1.2084592145015105,0.09365558912386707,data/raw/images/r/ruysdael/jacob/3/waterfak.jpg
r__ruysdael__jacob__3__waterfam,images/r__ruysdael__jacob__3__waterfam.png,train,https://www.wga.hu/html/r/ruysdael/jacob/3/waterfam.html,"RUISDAEL, Jacob Isaackszon van",Low Waterfall in a Hilly Landscape,1670.0,17,Dutch,landscape,Huile,400.0,338.0,1.183431952662722,0.11242603550295849,data/raw/images/r/ruysdael/jacob/3/waterfam.jpg
r__ruysdael__jacob__3__wheat_f,images/r__ruysdael__jacob__3__wheat_f.png,train,https://www.wga.hu/html/r/ruysdael/jacob/3/wheat_f.html,"RUISDAEL, Jacob Isaackszon van",Wheat Fields,1674.5,17,Dutch,landscape,Huile,400.0,304.0,1.3157894736842106,0.013157894736842035,data/raw/images/r/ruysdael/jacob/3/wheat_f.jpg
r__ruysdael__jacob__3__windmill,images/r__ruysdael__jacob__3__windmill.png,train,https://www.wga.hu/html/r/ruysdael/jacob/3/windmill.html,"RUISDAEL, Jacob Isaackszon van",The Windmill at Wijk bij Duurstede,1670.0,17,Dutch,landscape,Huile,400.0,325.0,1.2307692307692308,0.07692307692307687,data/raw/images/r/ruysdael/jacob/3/windmill.jpg
r__ruysdael__jacob__3__winter_l,images/r__ruysdael__jacob__3__winter_l.png,test,https://www.wga.hu/html/r/ruysdael/jacob/3/winter_l.html,"RUISDAEL, Jacob Isaackszon van",Winter Landscape,1670.0,17,Dutch,landscape,Huile,400.0,330.0,1.2121212121212122,0.09090909090909083,data/raw/images/r/ruysdael/jacob/3/winter_l.jpg
r__ruysdael__jacob__3__winterla,images/r__ruysdael__jacob__3__winterla.png,test,https://www.wga.hu/html/r/ruysdael/jacob/3/winterla.html,"RUISDAEL, Jacob Isaackszon van",Winter Landscape,1670.0,17,Dutch,landscape,Huile,400.0,275.0,1.4545454545454546,0.08333333333333337,data/raw/images/r/ruysdael/jacob/3/winterla.jpg
r__rusinol__aranjuez,images/r__rusinol__aranjuez.png,train,https://www.wga.hu/html/r/rusinol/aranjuez.html,"RUSIÑOL Y PRATS, Santiago",A Garden in Aranjuez,1908.0,19,Catalan,landscape,Huile,400.0,304.0,1.3157894736842106,0.013157894736842035,data/raw/images/r/rusinol/aranjuez.jpg
r__ruysdael__salomon__1__after_ra,images/r__ruysdael__salomon__1__after_ra.png,train,https://www.wga.hu/html/r/ruysdael/salomon/1/after_ra.html,"RUYSDAEL, Salomon van","Road in the Dunes with a Passenger Coach (""After the Rain"")",1631.0,17,Dutch,landscape,Huile,400.0,253.0,1.5810276679841897,0.15666666666666673,data/raw/images/r/ruysdael/salomon/1/after_ra.jpg
r__ruysdael__salomon__1__crossing,images/r__ruysdael__salomon__1__crossing.png,train,https://www.wga.hu/html/r/ruysdael/salomon/1/crossing.html,"RUYSDAEL, Salomon van",The Crossing at Nimwegen,1647.0,17,Dutch,landscape,Huile,400.0,310.0,1.2903225806451613,0.032258064516129004,data/raw/images/r/ruysdael/salomon/1/crossing.jpg
r__ruysdael__salomon__1__egmond,images/r__ruysdael__salomon__1__egmond.png,train,https://www.wga.hu/html/r/ruysdael/salomon/1/egmond.html,"RUYSDAEL, Salomon van",View of Egmond aan Zee,1640.0,17,Dutch,landscape,Huile,400.0,280.0,1.4285714285714286,0.06666666666666676,data/raw/images/r/ruysdael/salomon/1/egmond.jpg
r__ruysdael__salomon__1__ferrybo,images/r__ruysdael__salomon__1__ferrybo.png,train,https://www.wga.hu/html/r/ruysdael/salomon/1/ferrybo.html,"RUYSDAEL, Salomon van",The Ferryboat,1647.0,17,Dutch,landscape,Huile,400.0,271.0,1.4760147601476015,0.09666666666666668,data/raw/images/r/ruysdael/salomon/1/ferrybo.jpg
r__ruysdael__salomon__1__ferrygo1,images/r__ruysdael__salomon__1__ferrygo1.png,train,https://www.wga.hu/html/r/ruysdael/salomon/1/ferrygo1.html,"RUYSDAEL, Salomon van",Ferry near Gorinchem,1646.0,17,Dutch,landscape,Huile,400.0,318.0,1.2578616352201257,0.05660377358490565,data/raw/images/r/ruysdael/salomon/1/ferrygo1.jpg
r__ruysdael__salomon__1__market_s,images/r__ruysdael__salomon__1__market_s.png,train,https://www.wga.hu/html/r/ruysdael/salomon/1/market_s.html,"RUYSDAEL, Salomon van",Market by the Seashore,1637.0,17,Dutch,landscape,Huile,400.0,241.0,1.6597510373443984,0.19666666666666677,data/raw/images/r/ruysdael/salomon/1/market_s.jpg
r__ruysdael__salomon__1__river_l,images/r__ruysdael__salomon__1__river_l.png,train,https://www.wga.hu/html/r/ruysdael/salomon/1/river_l.html,"RUYSDAEL, Salomon van",River Landscape,1640.0,17,Dutch,landscape,Huile,400.0,324.0,1.2345679012345678,0.07407407407407407,data/raw/images/r/ruysdael/salomon/1/river_l.jpg
r__ruysdael__salomon__1__river_l1,images/r__ruysdael__salomon__1__river_l1.png,train,https://www.wga.hu/html/r/ruysdael/salomon/1/river_l1.html,"RUYSDAEL, Salomon van",River Landscape,,17,Dutch,landscape,Huile,400.0,239.0,1.6736401673640167,0.20333333333333337,data/raw/images/r/ruysdael/salomon/1/river_l1.jpg
r__ruysdael__salomon__1__river_l2,images/r__ruysdael__salomon__1__river_l2.png,train,https://www.wga.hu/html/r/ruysdael/salomon/1/river_l2.html,"RUYSDAEL, Salomon van",River Landscape,1644.0,17,Dutch,landscape,Huile,400.0,263.0,1.520912547528517,0.1233333333333333,data/raw/images/r/ruysdael/salomon/1/river_l2.jpg
r__ruysdael__salomon__1__river_l3,images/r__ruysdael__salomon__1__river_l3.png,train,https://www.wga.hu/html/r/ruysdael/salomon/1/river_l3.html,"RUYSDAEL, Salomon van",River Landscape with Boats and Liesvelt Castle,1641.0,17,Dutch,landscape,Huile,400.0,277.0,1.444043321299639,0.07666666666666677,data/raw/images/r/ruysdael/salomon/1/river_l3.jpg
r__ruysdael__salomon__1__river_l4,images/r__ruysdael__salomon__1__river_l4.png,train,https://www.wga.hu/html/r/ruysdael/salomon/1/river_l4.html,"RUYSDAEL, Salomon van",River Landscape,1647.0,17,Dutch,landscape,Huile,400.0,289.0,1.3840830449826989,0.036666666666666625,data/raw/images/r/ruysdael/salomon/1/river_l4.jpg
r__ruysdael__salomon__1__river_sc,images/r__ruysdael__salomon__1__river_sc.png,train,https://www.wga.hu/html/r/ruysdael/salomon/1/river_sc.html,"RUYSDAEL, Salomon van",River Scene,1632.0,17,Dutch,landscape,Huile,400.0,250.0,1.6,0.16666666666666674,data/raw/images/r/ruysdael/salomon/1/river_sc.jpg
r__ruysdael__salomon__1__riverboa,images/r__ruysdael__salomon__1__riverboa.png,train,https://www.wga.hu/html/r/ruysdael/salomon/1/riverboa.html,"RUYSDAEL, Salomon van",River Landscape with Boats,1640.0,17,Dutch,landscape,Huile,400.0,381.0,1.0498687664041995,0.21259842519685035,data/raw/images/r/ruysdael/salomon/1/riverboa.jpg
r__ruysdael__salomon__1__riverfar,images/r__ruysdael__salomon__1__riverfar.png,train,https://www.wga.hu/html/r/ruysdael/salomon/1/riverfar.html,"RUYSDAEL, Salomon van",River Scene with Farmstead,1647.0,17,Dutch,landscape,Huile,400.0,299.0,1.3377926421404682,0.0033333333333334103,data/raw/images/r/ruysdael/salomon/1/riverfar.jpg
r__ruysdael__salomon__1__riverlan,images/r__ruysdael__salomon__1__riverlan.png,train,https://www.wga.hu/html/r/ruysdael/salomon/1/riverlan.html,"RUYSDAEL, Salomon van",River Landscape at Arnheim,1642.0,17,Dutch,landscape,Huile,400.0,279.0,1.4336917562724014,0.07000000000000006,data/raw/images/r/ruysdael/salomon/1/riverlan.jpg
r__ruysdael__salomon__1__valkhof,images/r__ruysdael__salomon__1__valkhof.png,train,https://www.wga.hu/html/r/ruysdael/salomon/1/valkhof.html,"RUYSDAEL, Salomon van",View of the Valkhof at Nijmegen,1647.0,17,Dutch,landscape,Huile,400.0,285.0,1.4035087719298245,0.050000000000000044,data/raw/images/r/ruysdael/salomon/1/valkhof.jpg
r__ruysdael__salomon__1__valkhof1,images/r__ruysdael__salomon__1__valkhof1.png,train,https://www.wga.hu/html/r/ruysdael/salomon/1/valkhof1.html,"RUYSDAEL, Salomon van",The Valkhof at Nijmegen,1654.5,17,Dutch,landscape,Huile,400.0,282.0,1.4184397163120568,0.06000000000000005,data/raw/images/r/ruysdael/salomon/1/valkhof1.jpg
r__ruysdael__salomon__1__winterla,images/r__ruysdael__salomon__1__winterla.png,train,https://www.wga.hu/html/r/ruysdael/salomon/1/winterla.html,"RUYSDAEL, Salomon van",A Winter Landscape,1654.5,17,Dutch,landscape,Huile,400.0,286.0,1.3986013986013985,0.046666666666666634,data/raw/images/r/ruysdael/salomon/1/winterla.jpg
r__ruysdael__salomon__2__alkmaar1,images/r__ruysdael__salomon__2__alkmaar1.png,test,https://www.wga.hu/html/r/ruysdael/salomon/2/alkmaar1.html,"RUYSDAEL, Salomon van",View of the Town of Alkmaar,1647.5,17,Dutch,landscape,Huile,400.0,242.0,1.6528925619834711,0.19333333333333336,data/raw/images/r/ruysdael/salomon/2/alkmaar1.jpg
r__ruysdael__salomon__2__countryr,images/r__ruysdael__salomon__2__countryr.png,train,https://www.wga.hu/html/r/ruysdael/salomon/2/countryr.html,"RUYSDAEL, Salomon van",A Country Road,1648.0,17,Dutch,landscape,Huile,400.0,286.0,1.3986013986013985,0.046666666666666634,data/raw/images/r/ruysdael/salomon/2/countryr.jpg
r__ruysdael__salomon__2__deventer,images/r__ruysdael__salomon__2__deventer.png,train,https://www.wga.hu/html/r/ruysdael/salomon/2/deventer.html,"RUYSDAEL, Salomon van",View of Deventer Seen from the North-West,1657.0,17,Dutch,landscape,Huile,400.0,269.0,1.486988847583643,0.10333333333333328,data/raw/images/r/ruysdael/salomon/2/deventer.jpg
r__ruysdael__salomon__2__drawinge,images/r__ruysdael__salomon__2__drawinge.png,train,https://www.wga.hu/html/r/ruysdael/salomon/2/drawinge.html,"RUYSDAEL, Salomon van",Drawing the Eel,1650.0,17,Dutch,landscape,Huile,400.0,276.0,1.4492753623188406,0.08000000000000007,data/raw/images/r/ruysdael/salomon/2/drawinge.jpg
r__ruysdael__salomon__2__ferry,images/r__ruysdael__salomon__2__ferry.png,train,https://www.wga.hu/html/r/ruysdael/salomon/2/ferry.html,"RUYSDAEL, Salomon van",A Ferry Boat near Arnheim,1651.0,17,Dutch,landscape,Huile,400.0,320.0,1.25,0.0625,data/raw/images/r/ruysdael/salomon/2/ferry.jpg
r__ruysdael__salomon__2__ferry1,images/r__ruysdael__salomon__2__ferry1.png,train,https://www.wga.hu/html/r/ruysdael/salomon/2/ferry1.html,"RUYSDAEL, Salomon van",River Landscape with Ferry,1649.0,17,Dutch,landscape,Huile,400.0,299.0,1.3377926421404682,0.0033333333333334103,data/raw/images/r/ruysdael/salomon/2/ferry1.jpg
r__ruysdael__salomon__2__fishingb,images/r__ruysdael__salomon__2__fishingb.png,train,https://www.wga.hu/html/r/ruysdael/salomon/2/fishingb.html,"RUYSDAEL, Salomon van",Fishing Boats on a River,1662.0,17,Dutch,landscape,Huile,400.0,262.0,1.5267175572519085,0.12666666666666682,data/raw/images/r/ruysdael/salomon/2/fishingb.jpg
r__ruysdael__salomon__2__marine,images/r__ruysdael__salomon__2__marine.png,train,https://www.wga.hu/html/r/ruysdael/salomon/2/marine.html,"RUYSDAEL, Salomon van",Marine,1650.0,17,Dutch,landscape,Huile,400.0,311.0,1.2861736334405145,0.03536977491961413,data/raw/images/r/ruysdael/salomon/2/marine.jpg
r__ruysdael__salomon__2__may_tree,images/r__ruysdael__salomon__2__may_tree.png,train,https://www.wga.hu/html/r/ruysdael/salomon/2/may_tree.html,"RUYSDAEL, Salomon van",Tavern with May Tree,1664.0,17,Dutch,landscape,Huile,400.0,290.0,1.3793103448275863,0.03333333333333344,data/raw/images/r/ruysdael/salomon/2/may_tree.jpg
r__ruysdael__salomon__2__riverfis,images/r__ruysdael__salomon__2__riverfis.png,train,https://www.wga.hu/html/r/ruysdael/salomon/2/riverfis.html,"RUYSDAEL, Salomon van",River with Fishermen,1660.0,17,Dutch,landscape,Huile,400.0,241.0,1.6597510373443984,0.19666666666666677,data/raw/images/r/ruysdael/salomon/2/riverfis.jpg
r__ruysdael__salomon__2__riversce,images/r__ruysdael__salomon__2__riversce.png,train,https://www.wga.hu/html/r/ruysdael/salomon/2/riversce.html,"RUYSDAEL, Salomon van",River Scene,1660.0,17,Dutch,landscape,Huile,400.0,276.0,1.4492753623188406,0.08000000000000007,data/raw/images/r/ruysdael/salomon/2/riversce.jpg
r__ruysdael__salomon__2__sailboat,images/r__ruysdael__salomon__2__sailboat.png,train,https://www.wga.hu/html/r/ruysdael/salomon/2/sailboat.html,"RUYSDAEL, Salomon van",Sailboats on the Wijkermeer,1648.0,17,Dutch,landscape,Huile,400.0,257.0,1.556420233463035,0.14333333333333342,data/raw/images/r/ruysdael/salomon/2/sailboat.jpg
r__ruysdael__salomon__2__tavern,images/r__ruysdael__salomon__2__tavern.png,train,https://www.wga.hu/html/r/ruysdael/salomon/2/tavern.html,"RUYSDAEL, Salomon van",Halt at an Inn,1649.0,17,Dutch,landscape,Huile,400.0,260.0,1.5384615384615385,0.13333333333333341,data/raw/images/r/ruysdael/salomon/2/tavern.jpg
r__ruysdael__salomon__2__tower_r,images/r__ruysdael__salomon__2__tower_r.png,train,https://www.wga.hu/html/r/ruysdael/salomon/2/tower_r.html,"RUYSDAEL, Salomon van",Tower at the Road,,17,Dutch,landscape,Huile,400.0,320.0,1.25,0.0625,data/raw/images/r/ruysdael/salomon/2/tower_r.jpg
r__ruysdael__salomon__2__travelle,images/r__ruysdael__salomon__2__travelle.png,train,https://www.wga.hu/html/r/ruysdael/salomon/2/travelle.html,"RUYSDAEL, Salomon van",Two Seated Travellers,,17,Dutch,landscape,Huile,400.0,249.0,1.606425702811245,0.17000000000000004,data/raw/images/r/ruysdael/salomon/2/travelle.jpg
r__ryckaert__maerten__alpine,images/r__ryckaert__maerten__alpine.png,train,https://www.wga.hu/html/r/ryckaert/maerten/alpine.html,"RYCKAERT, Maerten",Alpine Landscape with an Iron Foundry and Blast Furnace,,17,Flemish,landscape,Huile,400.0,299.0,1.3377926421404682,0.0033333333333334103,data/raw/images/r/ryckaert/maerten/alpine.jpg
r__ryckaert__maerten__coastal,images/r__ryckaert__maerten__coastal.png,train,https://www.wga.hu/html/r/ryckaert/maerten/coastal.html,"RYCKAERT, Maerten",Coastal Landscape of the Rhine Valley,1610.0,17,Flemish,landscape,Huile,400.0,271.0,1.4760147601476015,0.09666666666666668,data/raw/images/r/ryckaert/maerten/coastal.jpg
r__ryckaert__maerten__pastoral,images/r__ryckaert__maerten__pastoral.png,train,https://www.wga.hu/html/r/ryckaert/maerten/pastoral.html,"RYCKAERT, Maerten",Pastoral Landscape,,17,Flemish,landscape,Huile,400.0,277.0,1.444043321299639,0.07666666666666677,data/raw/images/r/ryckaert/maerten/pastoral.jpg
r__ryckaert__maerten__rockylan,images/r__ryckaert__maerten__rockylan.png,train,https://www.wga.hu/html/r/ryckaert/maerten/rockylan.html,"RYCKAERT, Maerten",Rocky Pastoral Landscape,,17,Flemish,landscape,Huile,400.0,250.0,1.6,0.16666666666666674,data/raw/images/r/ryckaert/maerten/rockylan.jpg
r__rysselbe__clouds,images/r__rysselbe__clouds.png,train,https://www.wga.hu/html/r/rysselbe/clouds.html,"RYSSELBERGHE, Théo van","Heavy Clouds, Christiania Fjord",1893.0,19,Belgian,landscape,Huile,400.0,329.0,1.21580547112462,0.08814589665653494,data/raw/images/r/rysselbe/clouds.jpg
r__rysselbe__man_helm,images/r__rysselbe__man_helm.png,train,https://www.wga.hu/html/r/rysselbe/man_helm.html,"RYSSELBERGHE, Théo van",The Man at the Helm,1892.0,19,Belgian,landscape,Huile,400.0,295.0,1.3559322033898304,0.01666666666666672,data/raw/images/r/rysselbe/man_helm.jpg
r__rysselbe__readpark,images/r__rysselbe__readpark.png,train,https://www.wga.hu/html/r/rysselbe/readpark.html,"RYSSELBERGHE, Théo van",Reading in the Park,1902.0,19,Belgian,landscape,Huile,400.0,252.0,1.5873015873015872,0.16000000000000003,data/raw/images/r/rysselbe/readpark.jpg
r__rysselbe__sttropez,images/r__rysselbe__sttropez.png,train,https://www.wga.hu/html/r/rysselbe/sttropez.html,"RYSSELBERGHE, Théo van",Pointe Saint-Pierre at Saint-Tropez,1896.0,19,Belgian,landscape,Huile,400.0,313.0,1.2779552715654952,0.04153354632587858,data/raw/images/r/rysselbe/sttropez.jpg
s__saenreda__pieter__3utrech5,images/s__saenreda__pieter__3utrech5.png,train,https://www.wga.hu/html/s/saenreda/pieter/3utrech5.html,"SAENREDAM, Pieter Jansz",St Mary's Square and St Mary's Church at Utrecht,1662.0,17,Dutch,landscape,Huile,400.0,313.0,1.2779552715654952,0.04153354632587858,data/raw/images/s/saenreda/pieter/3utrech5.jpg
s__saenreda__pieter__4amster1,images/s__saenreda__pieter__4amster1.png,train,https://www.wga.hu/html/s/saenreda/pieter/4amster1.html,"SAENREDAM, Pieter Jansz",The Old Town Hall in Amsterdam,1657.0,17,Dutch,landscape,Huile,400.0,310.0,1.2903225806451613,0.032258064516129004,data/raw/images/s/saenreda/pieter/4amster1.jpg
s__saftleve__cornelis__farmstea,images/s__saftleve__cornelis__farmstea.png,train,https://www.wga.hu/html/s/saftleve/cornelis/farmstea.html,"SAFTLEVEN, Cornelis",A Farmstead Near a Stream,,17,Dutch,landscape,Huile,400.0,270.0,1.4814814814814814,0.09999999999999998,data/raw/images/s/saftleve/cornelis/farmstea.jpg
s__saftleve__cornelis__huntsman,images/s__saftleve__cornelis__huntsman.png,train,https://www.wga.hu/html/s/saftleve/cornelis/huntsman.html,"SAFTLEVEN, Cornelis",Huntsman Feeding His Dogs,1652.0,17,Dutch,landscape,Huile,400.0,274.0,1.4598540145985401,0.08666666666666667,data/raw/images/s/saftleve/cornelis/huntsman.jpg
s__saftleve__herman__hunter,images/s__saftleve__herman__hunter.png,train,https://www.wga.hu/html/s/saftleve/herman/hunter.html,"SAFTLEVEN, Herman",Hunter Sleeping on a Hillside,,17,Dutch,landscape,Huile,400.0,300.0,1.3333333333333333,0.0,data/raw/images/s/saftleve/herman/hunter.jpg
s__saftleve__herman__landscap,images/s__saftleve__herman__landscap.png,train,https://www.wga.hu/html/s/saftleve/herman/landscap.html,"SAFTLEVEN, Herman",Mountainous Landscape,1646.0,17,Dutch,landscape,Huile,400.0,317.0,1.2618296529968454,0.05362776025236593,data/raw/images/s/saftleve/herman/landscap.jpg
s__saftleve__herman__mediterr,images/s__saftleve__herman__mediterr.png,test,https://www.wga.hu/html/s/saftleve/herman/mediterr.html,"SAFTLEVEN, Herman",Mediterranean Coastal Scene,1642.0,17,Dutch,landscape,Huile,400.0,293.0,1.3651877133105803,0.023333333333333428,data/raw/images/s/saftleve/herman/mediterr.jpg
s__saftleve__herman__rhenish,images/s__saftleve__herman__rhenish.png,train,https://www.wga.hu/html/s/saftleve/herman/rhenish.html,"SAFTLEVEN, Herman",An Extensive Rhenish River Landscape,1664.0,17,Dutch,landscape,Huile,400.0,279.0,1.4336917562724014,0.07000000000000006,data/raw/images/s/saftleve/herman/rhenish.jpg
s__saftleve__herman__rhinelan,images/s__saftleve__herman__rhinelan.png,train,https://www.wga.hu/html/s/saftleve/herman/rhinelan.html,"SAFTLEVEN, Herman",Rhineland Fantasy View,1650.0,17,Dutch,landscape,Huile,400.0,304.0,1.3157894736842106,0.013157894736842035,data/raw/images/s/saftleve/herman/rhinelan.jpg
s__saftleve__herman__river_la,images/s__saftleve__herman__river_la.png,test,https://www.wga.hu/html/s/saftleve/herman/river_la.html,"SAFTLEVEN, Herman",Rhenish River Landscape Capriccio,1676.0,17,Dutch,landscape,Huile,400.0,319.0,1.2539184952978057,0.059561128526645635,data/raw/images/s/saftleve/herman/river_la.jpg
s__saftleve__herman__shepherd,images/s__saftleve__herman__shepherd.png,train,https://www.wga.hu/html/s/saftleve/herman/shepherd.html,"SAFTLEVEN, Herman",Landscape with Shepherds Playing Music,1630.0,17,Dutch,landscape,Huile,400.0,289.0,1.3840830449826989,0.036666666666666625,data/raw/images/s/saftleve/herman/shepherd.jpg
s__saftleve__herman__viewlinz,images/s__saftleve__herman__viewlinz.png,train,https://www.wga.hu/html/s/saftleve/herman/viewlinz.html,"SAFTLEVEN, Herman",A View of Linz am Rhein,1663.0,17,Dutch,landscape,Huile,400.0,289.0,1.3840830449826989,0.036666666666666625,data/raw/images/s/saftleve/herman/viewlinz.jpg
s__salmon__aground,images/s__salmon__aground.png,train,https://www.wga.hu/html/s/salmon/aground.html,"SALMON, Robert",Ship Aground,1827.0,19,American,landscape,Huile,400.0,274.0,1.4598540145985401,0.08666666666666667,data/raw/images/s/salmon/aground.jpg
s__salmon__cutter,images/s__salmon__cutter.png,train,https://www.wga.hu/html/s/salmon/cutter.html,"SALMON, Robert",A Naval Cutter,,19,American,landscape,Huile,400.0,253.0,1.5810276679841897,0.15666666666666673,data/raw/images/s/salmon/cutter.jpg
s__salmon__estridge,images/s__salmon__estridge.png,train,https://www.wga.hu/html/s/salmon/estridge.html,"SALMON, Robert",The Estridge off Dover,1800.0,19,American,landscape,Huile,400.0,250.0,1.6,0.16666666666666674,data/raw/images/s/salmon/estridge.jpg
s__salmon__storm,images/s__salmon__storm.png,train,https://www.wga.hu/html/s/salmon/storm.html,"SALMON, Robert",Ship in Storm,1828.0,19,American,landscape,Huile,400.0,279.0,1.4336917562724014,0.07000000000000006,data/raw/images/s/salmon/storm.jpg
s__salucci__harbour,images/s__salucci__harbour.png,train,https://www.wga.hu/html/s/salucci/harbour.html,"SALUCCI, Alessandro",Harbour View with Triumphal Arch,1650.0,17,Italian,landscape,Huile,400.0,255.0,1.5686274509803921,0.15000000000000002,data/raw/images/s/salucci/harbour.jpg
s__sarazin1__pol_leon,images/s__sarazin1__pol_leon.png,train,https://www.wga.hu/html/s/sarazin1/pol_leon.html,"SARAZIN DE BELMONT, Louise Joséphine",View of Saint-Pol-de-Léon,,19,French,landscape,Huile,400.0,277.0,1.444043321299639,0.07666666666666677,data/raw/images/s/sarazin1/pol_leon.jpg
s__sarazin1__sasso,images/s__sarazin1__sasso.png,test,https://www.wga.hu/html/s/sarazin1/sasso.html,"SARAZIN DE BELMONT, Louise Joséphine","Santa Maria del Sasso, near Bibbiena",1844.5,19,French,landscape,Huile,400.0,267.0,1.4981273408239701,0.1100000000000001,data/raw/images/s/sarazin1/sasso.jpg
s__sargent__luxembou,images/s__sargent__luxembou.png,train,https://www.wga.hu/html/s/sargent/luxembou.html,"SARGENT, John Singer",In the Luxembourg Gardens,1879.0,19,American,landscape,Huile,400.0,277.0,1.444043321299639,0.07666666666666677,data/raw/images/s/sargent/luxembou.jpg
s__sargent__monetpai,images/s__sargent__monetpai.png,train,https://www.wga.hu/html/s/sargent/monetpai.html,"SARGENT, John Singer",Claude Monet Painting at the Edge of a Wood,1887.0,19,American,landscape,Huile,400.0,339.0,1.1799410029498525,0.11504424778761058,data/raw/images/s/sargent/monetpai.jpg
s__sartoriu__georgewi__birdfowl,images/s__sartoriu__georgewi__birdfowl.png,test,https://www.wga.hu/html/s/sartoriu/georgewi/birdfowl.html,"SARTORIUS, George William",Birds and Fowl in a Landscape,,18,English,landscape,Huile,400.0,308.0,1.2987012987012987,0.025974025974025983,data/raw/images/s/sartoriu/georgewi/birdfowl.jpg
s__savery__roelandt__gardened,images/s__savery__roelandt__gardened.png,train,https://www.wga.hu/html/s/savery/roelandt/gardened.html,"SAVERY, Roelandt",The Garden of Eden,,17,Dutch,landscape,Huile,400.0,230.0,1.7391304347826086,0.2333333333333334,data/raw/images/s/savery/roelandt/gardened.jpg
s__savery__roelandt__horsesox,images/s__savery__roelandt__horsesox.png,train,https://www.wga.hu/html/s/savery/roelandt/horsesox.html,"SAVERY, Roelandt",Horses and Oxen Attacked by Wolves,,17,Dutch,landscape,Huile,400.0,269.0,1.486988847583643,0.10333333333333328,data/raw/images/s/savery/roelandt/horsesox.jpg
s__savery__roelandt__la_birds,images/s__savery__roelandt__la_birds.png,test,https://www.wga.hu/html/s/savery/roelandt/la_birds.html,"SAVERY, Roelandt",Landscape with Birds,1628.0,17,Dutch,landscape,Huile,400.0,281.0,1.4234875444839858,0.06333333333333346,data/raw/images/s/savery/roelandt/la_birds.jpg
s__savery__roelandt__landhunt,images/s__savery__roelandt__landhunt.png,train,https://www.wga.hu/html/s/savery/roelandt/landhunt.html,"SAVERY, Roelandt",Landscape with Hunters,1608.0,17,Flemish,landscape,Huile,400.0,311.0,1.2861736334405145,0.03536977491961413,data/raw/images/s/savery/roelandt/landhunt.jpg
s__savery__roelandt__landsc_a,images/s__savery__roelandt__landsc_a.png,train,https://www.wga.hu/html/s/savery/roelandt/landsc_a.html,"SAVERY, Roelandt",Landscape with Animals,,17,Dutch,landscape,Huile,400.0,248.0,1.6129032258064515,0.17333333333333334,data/raw/images/s/savery/roelandt/landsc_a.jpg
s__savery__roelandt__landscap,images/s__savery__roelandt__landscap.png,test,https://www.wga.hu/html/s/savery/roelandt/landscap.html,"SAVERY, Roelandt",Landscape with Wild Beasts,1629.0,17,Dutch,landscape,Huile,400.0,278.0,1.4388489208633093,0.07333333333333336,data/raw/images/s/savery/roelandt/landscap.jpg
s__savery__roelandt__latona,images/s__savery__roelandt__latona.png,train,https://www.wga.hu/html/s/savery/roelandt/latona.html,"SAVERY, Roelandt",Landscape with Latona Turning the Lycian Peasants into Frogs,1603.0,17,Flemish,landscape,Huile,400.0,232.0,1.7241379310344827,0.22666666666666668,data/raw/images/s/savery/roelandt/latona.jpg
s__savery__roelandt__mountain,images/s__savery__roelandt__mountain.png,train,https://www.wga.hu/html/s/savery/roelandt/mountain.html,"SAVERY, Roelandt",Mountainous Landscape with a Castle,1609.0,17,Dutch,landscape,Huile,400.0,300.0,1.3333333333333333,0.0,data/raw/images/s/savery/roelandt/mountain.jpg
s__savery__roelandt__paradise,images/s__savery__roelandt__paradise.png,train,https://www.wga.hu/html/s/savery/roelandt/paradise.html,"SAVERY, Roelandt",The Paradise,1626.0,17,Dutch,landscape,Huile,400.0,230.0,1.7391304347826086,0.2333333333333334,data/raw/images/s/savery/roelandt/paradise.jpg
s__savery__roelandt__rocky_la,images/s__savery__roelandt__rocky_la.png,train,https://www.wga.hu/html/s/savery/roelandt/rocky_la.html,"SAVERY, Roelandt",Rocky Landscape,,17,Dutch,landscape,Huile,400.0,293.0,1.3651877133105803,0.023333333333333428,data/raw/images/s/savery/roelandt/rocky_la.jpg
s__savery__roelandt__threesta,images/s__savery__roelandt__threesta.png,train,https://www.wga.hu/html/s/savery/roelandt/threesta.html,"SAVERY, Roelandt",Three Stags in a Landscape,,17,Flemish,landscape,Huile,400.0,334.0,1.1976047904191616,0.10179640718562877,data/raw/images/s/savery/roelandt/threesta.jpg
s__schalck__extensiv,images/s__schalck__extensiv.png,train,https://www.wga.hu/html/s/schalck/extensiv.html,"SCHALCKE, Cornelis Symonsz. van der",An Extensive River Landscape,1659.0,17,Dutch,landscape,Huile,400.0,267.0,1.4981273408239701,0.1100000000000001,data/raw/images/s/schalck/extensiv.jpg
s__schalck__riverlan,images/s__schalck__riverlan.png,train,https://www.wga.hu/html/s/schalck/riverlan.html,"SCHALCKE, Cornelis Symonsz. van der",River Landscape with a Ferry,1649.0,17,Dutch,landscape,Huile,400.0,263.0,1.520912547528517,0.1233333333333333,data/raw/images/s/schalck/riverlan.jpg
s__schiavon__landscap,images/s__schiavon__landscap.png,train,https://www.wga.hu/html/s/schiavon/landscap.html,"SCHIAVONE, Andrea",Landscape with Jupiter and Io,,16,Italian,landscape,Huile,400.0,293.0,1.3651877133105803,0.023333333333333428,data/raw/images/s/schiavon/landscap.jpg
s__schiele__4landcs1,images/s__schiele__4landcs1.png,train,https://www.wga.hu/html/s/schiele/4landcs1.html,"SCHIELE, Egon",Krumau - Crescent of Houses (The Small City V),1915.0,19,Austrian,landscape,Huile,400.0,316.0,1.2658227848101267,0.050632911392405,data/raw/images/s/schiele/4landcs1.jpg
s__schiele__4landcs2,images/s__schiele__4landcs2.png,train,https://www.wga.hu/html/s/schiele/4landcs2.html,"SCHIELE, Egon",Landscape at Krumau,1916.0,19,Austrian,landscape,Huile,400.0,312.0,1.2820512820512822,0.038461538461538325,data/raw/images/s/schiele/4landcs2.jpg
s__schiele__4landcs3,images/s__schiele__4landcs3.png,test,https://www.wga.hu/html/s/schiele/4landcs3.html,"SCHIELE, Egon",Crescent of Houses II (Island Town),1915.0,19,Austrian,landscape,Huile,400.0,313.0,1.2779552715654952,0.04153354632587858,data/raw/images/s/schiele/4landcs3.jpg
s__schinkel__1__b_spree,images/s__schinkel__1__b_spree.png,test,https://www.wga.hu/html/s/schinkel/1/b_spree.html,"SCHINKEL, Karl Friedrich",The Banks of the Spree near Stralau,1817.0,19,German,landscape,Huile,400.0,320.0,1.25,0.0625,data/raw/images/s/schinkel/1/b_spree.jpg
s__schinkel__1__gothic_c,images/s__schinkel__1__gothic_c.png,train,https://www.wga.hu/html/s/schinkel/1/gothic_c.html,"SCHINKEL, Karl Friedrich",Gothic Cathedral with Imperial Palace,1815.0,19,German,landscape,Huile,400.0,268.0,1.492537313432836,0.1066666666666668,data/raw/images/s/schinkel/1/gothic_c.jpg
s__schinkel__1__medieval,images/s__schinkel__1__medieval.png,train,https://www.wga.hu/html/s/schinkel/1/medieval.html,"SCHINKEL, Karl Friedrich",Medieval Town by Water,1813.0,19,German,landscape,Huile,400.0,298.0,1.342281879194631,0.006666666666666821,data/raw/images/s/schinkel/1/medieval.jpg
s__schinkel__1__morning,images/s__schinkel__1__morning.png,train,https://www.wga.hu/html/s/schinkel/1/morning.html,"SCHINKEL, Karl Friedrich",Morning,1813.0,19,German,landscape,Huile,400.0,291.0,1.3745704467353952,0.030000000000000027,data/raw/images/s/schinkel/1/morning.jpg
s__schodlbe__ideal1,images/s__schodlbe__ideal1.png,train,https://www.wga.hu/html/s/schodlbe/ideal1.html,"SCHÖDLBERGER, Johann Nepomuk",Ideal Landscape: Morning,1817.0,19,Austrian,landscape,Huile,400.0,305.0,1.3114754098360655,0.016393442622950838,data/raw/images/s/schodlbe/ideal1.jpg
s__schodlbe__ideal2,images/s__schodlbe__ideal2.png,train,https://www.wga.hu/html/s/schodlbe/ideal2.html,"SCHÖDLBERGER, Johann Nepomuk",Ideal Landscape: Evening,1817.0,19,Austrian,landscape,Huile,400.0,302.0,1.3245033112582782,0.0066225165562913135,data/raw/images/s/schodlbe/ideal2.jpg
s__schonfel__capricci,images/s__schonfel__capricci.png,train,https://www.wga.hu/html/s/schonfel/capricci.html,"SCHÖNFELD, Johann Heinrich",Roman Capriccio,1635.0,17,German,landscape,Huile,400.0,365.0,1.095890410958904,0.17808219178082196,data/raw/images/s/schonfel/capricci.jpg
s__schreyer__horseman,images/s__schreyer__horseman.png,train,https://www.wga.hu/html/s/schreyer/horseman.html,"SCHREYER, Christian Adolf",Horseman on the Russian Steppe,1869.0,19,German,landscape,Huile,400.0,294.0,1.3605442176870748,0.020000000000000018,data/raw/images/s/schreyer/horseman.jpg
s__schreyer__watering,images/s__schreyer__watering.png,train,https://www.wga.hu/html/s/schreyer/watering.html,"SCHREYER, Christian Adolf",Arab Horsemen at Watering Hole,,19,German,landscape,Huile,400.0,288.0,1.3888888888888888,0.040000000000000036,data/raw/images/s/schreyer/watering.jpg
s__schuffen__coveconc,images/s__schuffen__coveconc.png,train,https://www.wga.hu/html/s/schuffen/coveconc.html,"SCHUFFENECKER, Emile",A Cove at Concarneau,1887.0,19,French,landscape,Huile,400.0,269.0,1.486988847583643,0.10333333333333328,data/raw/images/s/schuffen/coveconc.jpg
s__scott__oldbridg,images/s__scott__oldbridg.png,train,https://www.wga.hu/html/s/scott/oldbridg.html,"SCOTT, Samuel",Part of Old Westminster Bridge,1750.0,18,English,landscape,Huile,400.0,269.0,1.486988847583643,0.10333333333333328,data/raw/images/s/scott/oldbridg.jpg
s__scott__shipping,images/s__scott__shipping.png,train,https://www.wga.hu/html/s/scott/shipping.html,"SCOTT, Samuel","Shipping at Anchor in the Thames Estuary, near Wapping",,18,English,landscape,Huile,400.0,374.0,1.0695187165775402,0.19786096256684482,data/raw/images/s/scott/shipping.jpg
s__seddon__pyramids,images/s__seddon__pyramids.png,test,https://www.wga.hu/html/s/seddon/pyramids.html,"SEDDON, Thomas III","Pyramids of Gizeh, Sunset Afterglow",1854.0,19,English,landscape,Huile,400.0,274.0,1.4598540145985401,0.08666666666666667,data/raw/images/s/seddon/pyramids.jpg
s__seghers__hercules__armedmen,images/s__seghers__hercules__armedmen.png,train,https://www.wga.hu/html/s/seghers/hercules/armedmen.html,"SEGHERS, Hercules",Landscape with Armed Men,1630.0,17,Dutch,landscape,Huile,400.0,279.0,1.4336917562724014,0.07000000000000006,data/raw/images/s/seghers/hercules/armedmen.jpg
s__seghers__hercules__landscap,images/s__seghers__hercules__landscap.png,train,https://www.wga.hu/html/s/seghers/hercules/landscap.html,"SEGHERS, Hercules",Landscape with City on a River,1628.0,17,Dutch,landscape,Huile,400.0,294.0,1.3605442176870748,0.020000000000000018,data/raw/images/s/seghers/hercules/landscap.jpg
s__seghers__hercules__rhenen,images/s__seghers__hercules__rhenen.png,test,https://www.wga.hu/html/s/seghers/hercules/rhenen.html,"SEGHERS, Hercules",View of Rhenen,1627.5,17,Dutch,landscape,Huile,400.0,263.0,1.520912547528517,0.1233333333333333,data/raw/images/s/seghers/hercules/rhenen.jpg
s__seghers__hercules__river_va,images/s__seghers__hercules__river_va.png,train,https://www.wga.hu/html/s/seghers/hercules/river_va.html,"SEGHERS, Hercules",A River Valley with a Group of Houses,1625.0,17,Dutch,landscape,Huile,400.0,328.0,1.2195121951219512,0.08536585365853655,data/raw/images/s/seghers/hercules/river_va.jpg
s__seghers__hercules__viewbrus,images/s__seghers__hercules__viewbrus.png,train,https://www.wga.hu/html/s/seghers/hercules/viewbrus.html,"SEGHERS, Hercules",View of Brussels from the North-East,1625.0,17,Dutch,landscape,Huile,400.0,251.0,1.593625498007968,0.16333333333333333,data/raw/images/s/seghers/hercules/viewbrus.jpg
s__seurat__figures__jatte,images/s__seurat__figures__jatte.png,train,https://www.wga.hu/html/s/seurat/figures/jatte.html,"SEURAT, Georges",A Sunday Afternoon on the Ile de la Grande Jatte,1885.0,19,French,landscape,Huile,400.0,268.0,1.492537313432836,0.1066666666666668,data/raw/images/s/seurat/figures/jatte.jpg
s__seurat__figures__jatte6,images/s__seurat__figures__jatte6.png,train,https://www.wga.hu/html/s/seurat/figures/jatte6.html,"SEURAT, Georges",L'Ile de la Grande Jatte,1884.0,19,French,landscape,Huile,400.0,321.0,1.2461059190031152,0.06542056074766356,data/raw/images/s/seurat/figures/jatte6.jpg
s__seurat__landscap__becduhoc,images/s__seurat__landscap__becduhoc.png,train,https://www.wga.hu/html/s/seurat/landscap/becduhoc.html,"SEURAT, Georges","Bec du Hoc, Grandcamp",1885.0,19,French,landscape,Huile,400.0,312.0,1.2820512820512822,0.038461538461538325,data/raw/images/s/seurat/landscap/becduhoc.jpg
s__seurat__landscap__honfleu,images/s__seurat__landscap__honfleu.png,test,https://www.wga.hu/html/s/seurat/landscap/honfleu.html,"SEURAT, Georges",The Beach at Bas-Butin near Honfleur,1886.0,19,French,landscape,Huile,400.0,317.0,1.2618296529968454,0.05362776025236593,data/raw/images/s/seurat/landscap/honfleu.jpg
s__seurat__landscap__honfleu2,images/s__seurat__landscap__honfleu2.png,train,https://www.wga.hu/html/s/seurat/landscap/honfleu2.html,"SEURAT, Georges","The ""Maria"", Honfleur",1886.0,19,French,landscape,Huile,400.0,328.0,1.2195121951219512,0.08536585365853655,data/raw/images/s/seurat/landscap/honfleu2.jpg
s__seurat__landscap__honfleu3,images/s__seurat__landscap__honfleu3.png,train,https://www.wga.hu/html/s/seurat/landscap/honfleu3.html,"SEURAT, Georges",The Lighthouse at Honfleur,1886.0,19,French,landscape,Huile,400.0,321.0,1.2461059190031152,0.06542056074766356,data/raw/images/s/seurat/landscap/honfleu3.jpg
s__seurat__landscap__portbes1,images/s__seurat__landscap__portbes1.png,train,https://www.wga.hu/html/s/seurat/landscap/portbes1.html,"SEURAT, Georges","Port-en-Bessin, The Outer Harbour at High Tide",1888.0,19,French,landscape,Huile,400.0,319.0,1.2539184952978057,0.059561128526645635,data/raw/images/s/seurat/landscap/portbes1.jpg
s__seurat__landscap__portbes2,images/s__seurat__landscap__portbes2.png,train,https://www.wga.hu/html/s/seurat/landscap/portbes2.html,"SEURAT, Georges",Port-en-Bessin,1888.0,19,French,landscape,Huile,400.0,309.0,1.2944983818770226,0.029126213592232997,data/raw/images/s/seurat/landscap/portbes2.jpg
s__shchedri__silvestr__1sorrent,images/s__shchedri__silvestr__1sorrent.png,train,https://www.wga.hu/html/s/shchedri/silvestr/1sorrent.html,"SHCHEDRIN, Sil'vestr Fedosyevich",Terrace at Sorrento,1826.0,19,Russian,landscape,Huile,400.0,280.0,1.4285714285714286,0.06666666666666676,data/raw/images/s/shchedri/silvestr/1sorrent.jpg
s__siberech__crossing,images/s__siberech__crossing.png,train,https://www.wga.hu/html/s/siberech/crossing.html,"SIBERECHTS, Jan",Crossing a Creek,1669.0,17,Flemish,landscape,Huile,400.0,331.0,1.2084592145015105,0.09365558912386707,data/raw/images/s/siberech/crossing.jpg
s__siberech__marketga,images/s__siberech__marketga.png,train,https://www.wga.hu/html/s/siberech/marketga.html,"SIBERECHTS, Jan",The Market Garden,1664.0,17,Flemish,landscape,Huile,400.0,260.0,1.5384615384615385,0.13333333333333341,data/raw/images/s/siberech/marketga.jpg
s__siberech__rainbow,images/s__siberech__rainbow.png,train,https://www.wga.hu/html/s/siberech/rainbow.html,"SIBERECHTS, Jan","Landscape with Rainbow, Henley-on-Thames",1690.0,17,Flemish,landscape,Huile,400.0,317.0,1.2618296529968454,0.05362776025236593,data/raw/images/s/siberech/rainbow.jpg
s__siberech__woodedla,images/s__siberech__woodedla.png,train,https://www.wga.hu/html/s/siberech/woodedla.html,"SIBERECHTS, Jan",Wooded Landscape,1668.0,17,Flemish,landscape,Huile,400.0,282.0,1.4184397163120568,0.06000000000000005,data/raw/images/s/siberech/woodedla.jpg
s__signac__1__cassis,images/s__signac__1__cassis.png,train,https://www.wga.hu/html/s/signac/1/cassis.html,"SIGNAC, Paul","View of the Bay of Cassis, Cap Canaille",1889.0,19,French,landscape,Huile,400.0,315.0,1.2698412698412698,0.04761904761904767,data/raw/images/s/signac/1/cassis.jpg
s__signac__1__concarn1,images/s__signac__1__concarn1.png,test,https://www.wga.hu/html/s/signac/1/concarn1.html,"SIGNAC, Paul","Evening Calm, Concarneau, Opus 220 (Allegro Maestoso)",1891.0,19,French,landscape,Huile,400.0,310.0,1.2903225806451613,0.032258064516129004,data/raw/images/s/signac/1/concarn1.jpg
s__signac__1__concarn2,images/s__signac__1__concarn2.png,train,https://www.wga.hu/html/s/signac/1/concarn2.html,"SIGNAC, Paul","Setting Sun, Sardine Fishing, Concarneau, op. 221 (Adagio)",1891.0,19,French,landscape,Huile,400.0,318.0,1.2578616352201257,0.05660377358490565,data/raw/images/s/signac/1/concarn2.jpg
s__signac__1__paris1,images/s__signac__1__paris1.png,train,https://www.wga.hu/html/s/signac/1/paris1.html,"SIGNAC, Paul",Outskirrts of Paris: the Road to Gennevilliers,1883.0,19,French,landscape,Huile,400.0,314.0,1.2738853503184713,0.04458598726114649,data/raw/images/s/signac/1/paris1.jpg
s__signac__1__paris2,images/s__signac__1__paris2.png,train,https://www.wga.hu/html/s/signac/1/paris2.html,"SIGNAC, Paul",The Railway at Bois-Colombe,1886.0,19,French,landscape,Huile,400.0,285.0,1.4035087719298245,0.050000000000000044,data/raw/images/s/signac/1/paris2.jpg
s__signac__1__paris3,images/s__signac__1__paris3.png,train,https://www.wga.hu/html/s/signac/1/paris3.html,"SIGNAC, Paul",Gasometers at Clichy,1886.0,19,French,landscape,Huile,400.0,313.0,1.2779552715654952,0.04153354632587858,data/raw/images/s/signac/1/paris3.jpg
s__signac__1__paris4,images/s__signac__1__paris4.png,test,https://www.wga.hu/html/s/signac/1/paris4.html,"SIGNAC, Paul","The River Bank, Petit-Andely",1886.0,19,French,landscape,Huile,400.0,320.0,1.25,0.0625,data/raw/images/s/signac/1/paris4.jpg
s__signac__1__paris5,images/s__signac__1__paris5.png,train,https://www.wga.hu/html/s/signac/1/paris5.html,"SIGNAC, Paul",Boulevard de Clichy under Snow,1886.0,19,French,landscape,Huile,400.0,277.0,1.444043321299639,0.07666666666666677,data/raw/images/s/signac/1/paris5.jpg
s__signac__1__paris6,images/s__signac__1__paris6.png,train,https://www.wga.hu/html/s/signac/1/paris6.html,"SIGNAC, Paul","Les Andelys, Riverbank",1886.0,19,French,landscape,Huile,400.0,313.0,1.2779552715654952,0.04153354632587858,data/raw/images/s/signac/1/paris6.jpg
s__signac__1__tropez1,images/s__signac__1__tropez1.png,train,https://www.wga.hu/html/s/signac/1/tropez1.html,"SIGNAC, Paul","Saint-Tropez, the Storm",1895.0,19,French,landscape,Huile,400.0,330.0,1.2121212121212122,0.09090909090909083,data/raw/images/s/signac/1/tropez1.jpg
s__signac__1__tropez2,images/s__signac__1__tropez2.png,train,https://www.wga.hu/html/s/signac/1/tropez2.html,"SIGNAC, Paul",The Port of Saint-Tropez,1898.0,19,French,landscape,Huile,400.0,311.0,1.2861736334405145,0.03536977491961413,data/raw/images/s/signac/1/tropez2.jpg
s__signac__1__tropez3,images/s__signac__1__tropez3.png,test,https://www.wga.hu/html/s/signac/1/tropez3.html,"SIGNAC, Paul",View of Saint-Tropez,1897.0,19,French,landscape,Huile,400.0,318.0,1.2578616352201257,0.05660377358490565,data/raw/images/s/signac/1/tropez3.jpg
s__signac__1__tropez6,images/s__signac__1__tropez6.png,test,https://www.wga.hu/html/s/signac/1/tropez6.html,"SIGNAC, Paul",Pine Tree at Saint-Tropez,1909.0,19,French,landscape,Huile,400.0,316.0,1.2658227848101267,0.050632911392405,data/raw/images/s/signac/1/tropez6.jpg
s__signac__1__zavignon,images/s__signac__1__zavignon.png,train,https://www.wga.hu/html/s/signac/1/zavignon.html,"SIGNAC, Paul",The Papal Palace in Avignon,1900.0,19,French,landscape,Huile,400.0,310.0,1.2903225806451613,0.032258064516129004,data/raw/images/s/signac/1/zavignon.jpg
s__signorin__portadri,images/s__signorin__portadri.png,train,https://www.wga.hu/html/s/signorin/portadri.html,"SIGNORINI, Telemaco","The Suburb of Porta Adriana, Ravenna",1875.0,19,Italian,landscape,Huile,400.0,254.0,1.5748031496062993,0.15333333333333343,data/raw/images/s/signorin/portadri.jpg
s__signorin__settigna,images/s__signorin__settigna.png,train,https://www.wga.hu/html/s/signorin/settigna.html,"SIGNORINI, Telemaco",September Morning in Settignano,1891.0,19,Italian,landscape,Huile,400.0,343.0,1.1661807580174928,0.12536443148688037,data/raw/images/s/signorin/settigna.jpg
s__silo__shipping,images/s__silo__shipping.png,train,https://www.wga.hu/html/s/silo/shipping.html,"SILO, Adam",A Dutch Whaler and Other Vessels in the Ice,1757.0,18,Dutch,landscape,Huile,400.0,284.0,1.408450704225352,0.053333333333333344,data/raw/images/s/silo/shipping.jpg
s__silo__vessels,images/s__silo__vessels.png,train,https://www.wga.hu/html/s/silo/vessels.html,"SILO, Adam",Sailing Vessels,1734.5,18,Dutch,landscape,Huile,400.0,261.0,1.5325670498084292,0.13000000000000012,data/raw/images/s/silo/vessels.jpg
s__simonini__battlesc,images/s__simonini__battlesc.png,train,https://www.wga.hu/html/s/simonini/battlesc.html,"SIMONINI, Francesco",Battle Scene with Raised Standard,,18,Italian,landscape,Techniques sur papier,400.0,238.0,1.680672268907563,0.20666666666666678,data/raw/images/s/simonini/battlesc.jpg
s__simonini__landscap,images/s__simonini__landscap.png,train,https://www.wga.hu/html/s/simonini/landscap.html,"SIMONINI, Francesco",Landscape,,18,Italian,landscape,Huile,400.0,254.0,1.5748031496062993,0.15333333333333343,data/raw/images/s/simonini/landscap.jpg
s__sisley__1winter__winter01,images/s__sisley__1winter__winter01.png,train,https://www.wga.hu/html/s/sisley/1winter/winter01.html,"SISLEY, Alfred",First Snow at Louveciennes,1870.5,19,French,landscape,Huile,400.0,288.0,1.3888888888888888,0.040000000000000036,data/raw/images/s/sisley/1winter/winter01.jpg
s__sisley__1winter__winter02,images/s__sisley__1winter__winter02.png,train,https://www.wga.hu/html/s/sisley/1winter/winter02.html,"SISLEY, Alfred",The Frost,1872.0,19,French,landscape,Huile,400.0,296.0,1.3513513513513513,0.013333333333333308,data/raw/images/s/sisley/1winter/winter02.jpg
s__sisley__1winter__winter03,images/s__sisley__1winter__winter03.png,train,https://www.wga.hu/html/s/sisley/1winter/winter03.html,"SISLEY, Alfred",Snow at Louveciennes,1873.0,19,French,landscape,Huile,400.0,309.0,1.2944983818770226,0.029126213592232997,data/raw/images/s/sisley/1winter/winter03.jpg
s__sisley__1winter__winter04,images/s__sisley__1winter__winter04.png,train,https://www.wga.hu/html/s/sisley/1winter/winter04.html,"SISLEY, Alfred",Snow Effect at Argenteuil,1874.0,19,French,landscape,Huile,400.0,330.0,1.2121212121212122,0.09090909090909083,data/raw/images/s/sisley/1winter/winter04.jpg
s__sisley__1winter__winter05,images/s__sisley__1winter__winter05.png,train,https://www.wga.hu/html/s/sisley/1winter/winter05.html,"SISLEY, Alfred",The Watering Place at Marly-le-Roi,1875.0,19,French,landscape,Huile,400.0,305.0,1.3114754098360655,0.016393442622950838,data/raw/images/s/sisley/1winter/winter05.jpg
s__sisley__1winter__winter06,images/s__sisley__1winter__winter06.png,train,https://www.wga.hu/html/s/sisley/1winter/winter06.html,"SISLEY, Alfred",The Watering Place at Mary-le-Roi with Hoarfrost,1876.0,19,French,landscape,Huile,400.0,271.0,1.4760147601476015,0.09666666666666668,data/raw/images/s/sisley/1winter/winter06.jpg
s__sisley__1winter__winter07,images/s__sisley__1winter__winter07.png,train,https://www.wga.hu/html/s/sisley/1winter/winter07.html,"SISLEY, Alfred","Winter at Marly-le-Roi, Snow Effect",1876.0,19,French,landscape,Huile,400.0,323.0,1.238390092879257,0.07120743034055721,data/raw/images/s/sisley/1winter/winter07.jpg
s__sisley__1winter__winter08,images/s__sisley__1winter__winter08.png,test,https://www.wga.hu/html/s/sisley/1winter/winter08.html,"SISLEY, Alfred",Snow Effect at Louveciennes,1876.0,19,French,landscape,Huile,400.0,323.0,1.238390092879257,0.07120743034055721,data/raw/images/s/sisley/1winter/winter08.jpg
s__sisley__1winter__winter11,images/s__sisley__1winter__winter11.png,train,https://www.wga.hu/html/s/sisley/1winter/winter11.html,"SISLEY, Alfred",Winter at Louveciennes,1876.0,19,French,landscape,Huile,400.0,322.0,1.2422360248447204,0.06832298136645965,data/raw/images/s/sisley/1winter/winter11.jpg
s__sisley__1winter__winter12,images/s__sisley__1winter__winter12.png,train,https://www.wga.hu/html/s/sisley/1winter/winter12.html,"SISLEY, Alfred","Rue Eugène Moussoir at Moret, Winter",1891.0,19,French,landscape,Huile,400.0,325.0,1.2307692307692308,0.07692307692307687,data/raw/images/s/sisley/1winter/winter12.jpg
s__sisley__1winter__winter13,images/s__sisley__1winter__winter13.png,train,https://www.wga.hu/html/s/sisley/1winter/winter13.html,"SISLEY, Alfred","Place du Chenil at Marly-le Roi, Snow",1876.0,19,French,landscape,Huile,400.0,317.0,1.2618296529968454,0.05362776025236593,data/raw/images/s/sisley/1winter/winter13.jpg
s__sisley__2other__argente2,images/s__sisley__2other__argente2.png,train,https://www.wga.hu/html/s/sisley/2other/argente2.html,"SISLEY, Alfred",The Footbridge at Argenteuil,1872.0,19,French,landscape,Huile,400.0,251.0,1.593625498007968,0.16333333333333333,data/raw/images/s/sisley/2other/argente2.jpg
s__sisley__2other__louveci1,images/s__sisley__2other__louveci1.png,test,https://www.wga.hu/html/s/sisley/2other/louveci1.html,"SISLEY, Alfred",Landscape at Louveciennes,1873.0,19,French,landscape,Huile,400.0,253.0,1.5810276679841897,0.15666666666666673,data/raw/images/s/sisley/2other/louveci1.jpg
s__sisley__2other__louveci2,images/s__sisley__2other__louveci2.png,train,https://www.wga.hu/html/s/sisley/2other/louveci2.html,"SISLEY, Alfred",Louveciennes,1876.0,19,French,landscape,Huile,400.0,275.0,1.4545454545454546,0.08333333333333337,data/raw/images/s/sisley/2other/louveci2.jpg
s__sisley__2other__louveci3,images/s__sisley__2other__louveci3.png,test,https://www.wga.hu/html/s/sisley/2other/louveci3.html,"SISLEY, Alfred",The Road to Montbuisson at Louveciennes,1875.0,19,French,landscape,Huile,400.0,304.0,1.3157894736842106,0.013157894736842035,data/raw/images/s/sisley/2other/louveci3.jpg
s__sisley__2other__marly2,images/s__sisley__2other__marly2.png,train,https://www.wga.hu/html/s/sisley/2other/marly2.html,"SISLEY, Alfred",Flood at Port-Marly,1876.0,19,French,landscape,Huile,400.0,292.0,1.36986301369863,0.026666666666666616,data/raw/images/s/sisley/2other/marly2.jpg
s__sisley__2other__marly3,images/s__sisley__2other__marly3.png,train,https://www.wga.hu/html/s/sisley/2other/marly3.html,"SISLEY, Alfred",Flood at Port-Marly,1876.0,19,French,landscape,Huile,400.0,327.0,1.2232415902140672,0.0825688073394496,data/raw/images/s/sisley/2other/marly3.jpg
s__sisley__2other__mist,images/s__sisley__2other__mist.png,train,https://www.wga.hu/html/s/sisley/2other/mist.html,"SISLEY, Alfred",Mist,1874.0,19,French,landscape,Huile,400.0,301.0,1.3289036544850499,0.0033222591362125353,data/raw/images/s/sisley/2other/mist.jpg
s__sisley__2other__moret1,images/s__sisley__2other__moret1.png,train,https://www.wga.hu/html/s/sisley/2other/moret1.html,"SISLEY, Alfred",Moret-sur-Loing in Morning Sun,1888.0,19,French,landscape,Huile,400.0,317.0,1.2618296529968454,0.05362776025236593,data/raw/images/s/sisley/2other/moret1.jpg
s__sisley__2other__moret2,images/s__sisley__2other__moret2.png,train,https://www.wga.hu/html/s/sisley/2other/moret2.html,"SISLEY, Alfred","The Church at Moret, Rainy Morning",1893.0,19,French,landscape,Huile,400.0,326.0,1.2269938650306749,0.07975460122699385,data/raw/images/s/sisley/2other/moret2.jpg
s__sisley__2other__moret5,images/s__sisley__2other__moret5.png,train,https://www.wga.hu/html/s/sisley/2other/moret5.html,"SISLEY, Alfred",The Bridge at Moret,1893.0,19,French,landscape,Huile,400.0,311.0,1.2861736334405145,0.03536977491961413,data/raw/images/s/sisley/2other/moret5.jpg
s__sisley__2other__moret6,images/s__sisley__2other__moret6.png,train,https://www.wga.hu/html/s/sisley/2other/moret6.html,"SISLEY, Alfred",Saint-Mammès-sur-le-Loing,1886.0,19,French,landscape,Huile,400.0,302.0,1.3245033112582782,0.0066225165562913135,data/raw/images/s/sisley/2other/moret6.jpg
s__sisley__2other__moret7,images/s__sisley__2other__moret7.png,train,https://www.wga.hu/html/s/sisley/2other/moret7.html,"SISLEY, Alfred",View of Moret-sur-Loing,1884.5,19,French,landscape,Huile,400.0,318.0,1.2578616352201257,0.05660377358490565,data/raw/images/s/sisley/2other/moret7.jpg
s__sisley__2other__paris1,images/s__sisley__2other__paris1.png,train,https://www.wga.hu/html/s/sisley/2other/paris1.html,"SISLEY, Alfred",Saint-Martin Canal in Paris,1870.0,19,French,landscape,Huile,400.0,293.0,1.3651877133105803,0.023333333333333428,data/raw/images/s/sisley/2other/paris1.jpg
s__sisley__2other__paris2,images/s__sisley__2other__paris2.png,train,https://www.wga.hu/html/s/sisley/2other/paris2.html,"SISLEY, Alfred",The Saint-Martin Canal,1872.0,19,French,landscape,Huile,400.0,324.0,1.2345679012345678,0.07407407407407407,data/raw/images/s/sisley/2other/paris2.jpg
s__sisley__2other__paris3,images/s__sisley__2other__paris3.png,train,https://www.wga.hu/html/s/sisley/2other/paris3.html,"SISLEY, Alfred",The Saint-Martin Canal in Paris,1870.0,19,French,landscape,Huile,400.0,308.0,1.2987012987012987,0.025974025974025983,data/raw/images/s/sisley/2other/paris3.jpg
s__sisley__2other__paris4,images/s__sisley__2other__paris4.png,test,https://www.wga.hu/html/s/sisley/2other/paris4.html,"SISLEY, Alfred",Montmartre,1869.0,19,French,landscape,Huile,400.0,239.0,1.6736401673640167,0.20333333333333337,data/raw/images/s/sisley/2other/paris4.jpg
s__sisley__2other__paris5,images/s__sisley__2other__paris5.png,train,https://www.wga.hu/html/s/sisley/2other/paris5.html,"SISLEY, Alfred",The Island of Saint-Denis,1872.0,19,French,landscape,Huile,400.0,306.0,1.3071895424836601,0.019607843137254832,data/raw/images/s/sisley/2other/paris5.jpg
s__sisley__2other__paris6,images/s__sisley__2other__paris6.png,train,https://www.wga.hu/html/s/sisley/2other/paris6.html,"SISLEY, Alfred",The River Bank at Saint-Mammes,1884.0,19,French,landscape,Huile,400.0,306.0,1.3071895424836601,0.019607843137254832,data/raw/images/s/sisley/2other/paris6.jpg
s__sisley__2other__paris7,images/s__sisley__2other__paris7.png,train,https://www.wga.hu/html/s/sisley/2other/paris7.html,"SISLEY, Alfred",The Canal at St. Mammes,1886.0,19,French,landscape,Huile,400.0,311.0,1.2861736334405145,0.03536977491961413,data/raw/images/s/sisley/2other/paris7.jpg
s__sisley__2other__seine1,images/s__sisley__2other__seine1.png,train,https://www.wga.hu/html/s/sisley/2other/seine1.html,"SISLEY, Alfred",The Seine at Suresnes,1877.0,19,French,landscape,Huile,400.0,325.0,1.2307692307692308,0.07692307692307687,data/raw/images/s/sisley/2other/seine1.jpg
s__sisley__2other__seine2,images/s__sisley__2other__seine2.png,train,https://www.wga.hu/html/s/sisley/2other/seine2.html,"SISLEY, Alfred","After the Debacle, the Seine at Pont de Suresnes",1880.0,19,French,landscape,Huile,400.0,274.0,1.4598540145985401,0.08666666666666667,data/raw/images/s/sisley/2other/seine2.jpg
s__sisley__2other__seine3,images/s__sisley__2other__seine3.png,train,https://www.wga.hu/html/s/sisley/2other/seine3.html,"SISLEY, Alfred",Unloading the Barges at Billancourt,1877.0,19,French,landscape,Huile,400.0,295.0,1.3559322033898304,0.01666666666666672,data/raw/images/s/sisley/2other/seine3.jpg
s__sisley__2other__villene1,images/s__sisley__2other__villene1.png,test,https://www.wga.hu/html/s/sisley/2other/villene1.html,"SISLEY, Alfred",The Bridge at Villeneuve-la-Garenne,1872.0,19,French,landscape,Huile,400.0,295.0,1.3559322033898304,0.01666666666666672,data/raw/images/s/sisley/2other/villene1.jpg
s__sisley__2other__villene2,images/s__sisley__2other__villene2.png,train,https://www.wga.hu/html/s/sisley/2other/villene2.html,"SISLEY, Alfred",View of Villeneuve-la-Garenne on the Seine,1872.0,19,French,landscape,Huile,400.0,288.0,1.3888888888888888,0.040000000000000036,data/raw/images/s/sisley/2other/villene2.jpg
s__sisley__2other__wales,images/s__sisley__2other__wales.png,train,https://www.wga.hu/html/s/sisley/2other/wales.html,"SISLEY, Alfred","On the Cliffs, Langland Bay, Wales",1897.0,19,French,landscape,Huile,400.0,282.0,1.4184397163120568,0.06000000000000005,data/raw/images/s/sisley/2other/wales.jpg
s__slavicek__prague,images/s__slavicek__prague.png,train,https://www.wga.hu/html/s/slavicek/prague.html,"SLAVÍCEK, Antonín","Elizabeth Bridge, Prague",1906.0,19,Bohemian,landscape,Huile,400.0,286.0,1.3986013986013985,0.046666666666666634,data/raw/images/s/slavicek/prague.jpg
s__slevogt__slevogt4,images/s__slevogt__slevogt4.png,train,https://www.wga.hu/html/s/slevogt/slevogt4.html,"SLEVOGT, Max",The Alster at Hamburg,1905.0,19,German,landscape,Huile,400.0,258.0,1.550387596899225,0.14000000000000012,data/raw/images/s/slevogt/slevogt4.jpg
s__slevogt__slevogt5,images/s__slevogt__slevogt5.png,test,https://www.wga.hu/html/s/slevogt/slevogt5.html,"SLEVOGT, Max",Garden at Neu-Cladow,1912.0,19,German,landscape,Huile,400.0,311.0,1.2861736334405145,0.03536977491961413,data/raw/images/s/slevogt/slevogt5.jpg
s__slevogt__slevogt6,images/s__slevogt__slevogt6.png,train,https://www.wga.hu/html/s/slevogt/slevogt6.html,"SLEVOGT, Max","Steinbart Villa, Berlin",1911.0,19,German,landscape,Huile,400.0,314.0,1.2738853503184713,0.04458598726114649,data/raw/images/s/slevogt/slevogt6.jpg
s__slewinsk__roughsea,images/s__slewinsk__roughsea.png,train,https://www.wga.hu/html/s/slewinsk/roughsea.html,"SLEWINSKI, Wladislaw",Rough Sea at Belle-Ile,1904.0,19,Polish,landscape,Huile,400.0,276.0,1.4492753623188406,0.08000000000000007,data/raw/images/s/slewinsk/roughsea.jpg
s__smit__shipping,images/s__smit__shipping.png,train,https://www.wga.hu/html/s/smit/shipping.html,"SMIT, Aernout",Shipping off a Coast in Choppy Water,1674.5,17,Dutch,landscape,Huile,400.0,296.0,1.3513513513513513,0.013333333333333308,data/raw/images/s/smit/shipping.jpg
s__smit__shipsmed,images/s__smit__shipsmed.png,train,https://www.wga.hu/html/s/smit/shipsmed.html,"SMIT, Aernout",Ships on a Mediterranean Coast,,17,Dutch,landscape,Huile,400.0,258.0,1.550387596899225,0.14000000000000012,data/raw/images/s/smit/shipsmed.jpg
s__smith__woodedla,images/s__smith__woodedla.png,train,https://www.wga.hu/html/s/smith/woodedla.html,"SMITH, George",Wooded Landscape,,18,English,landscape,Huile,400.0,264.0,1.5151515151515151,0.12,data/raw/images/s/smith/woodedla.jpg
s__snayers__cavalry,images/s__snayers__cavalry.png,test,https://www.wga.hu/html/s/snayers/cavalry.html,"SNAYERS, Pieter",A Cavalry Engagement,1618.0,17,Flemish,landscape,Huile,400.0,274.0,1.4598540145985401,0.08666666666666667,data/raw/images/s/snayers/cavalry.jpg
s__snayers__horsemen,images/s__snayers__horsemen.png,train,https://www.wga.hu/html/s/snayers/horsemen.html,"SNAYERS, Pieter",Halt of Horsemen in a Forest,1658.0,17,Flemish,landscape,Huile,400.0,279.0,1.4336917562724014,0.07000000000000006,data/raw/images/s/snayers/horsemen.jpg
s__snayers__woodland,images/s__snayers__woodland.png,train,https://www.wga.hu/html/s/snayers/woodland.html,"SNAYERS, Pieter",A Wooded Landscape with Travellers,,17,Flemish,landscape,Huile,400.0,280.0,1.4285714285714286,0.06666666666666676,data/raw/images/s/snayers/woodland.jpg
s__sodring__summersp,images/s__sodring__summersp.png,train,https://www.wga.hu/html/s/sodring/summersp.html,"SØDRING, Frederik Hansen","The ""Summer Spire"" on the Chalk Cliffs of the Island Møn. Moonlight",1831.0,19,Danish,landscape,Huile,400.0,277.0,1.444043321299639,0.07666666666666677,data/raw/images/s/sodring/summersp.jpg
s__sohlberg__street2,images/s__sohlberg__street2.png,test,https://www.wga.hu/html/s/sohlberg/street2.html,"SOHLBERG, Harald Oskar",Street in Røros in Winter,1903.0,19,Norwegian,landscape,Huile,400.0,265.0,1.509433962264151,0.11666666666666681,data/raw/images/s/sohlberg/street2.jpg
s__sohlberg__summerni,images/s__sohlberg__summerni.png,train,https://www.wga.hu/html/s/sohlberg/summerni.html,"SOHLBERG, Harald Oskar",Summer Night,1899.0,19,Norwegian,landscape,Huile,400.0,338.0,1.183431952662722,0.11242603550295849,data/raw/images/s/sohlberg/summerni.jpg
s__sohlberg__winterni,images/s__sohlberg__winterni.png,test,https://www.wga.hu/html/s/sohlberg/winterni.html,"SOHLBERG, Harald Oskar",Winter Night in the Mountains,1914.0,19,Norwegian,landscape,Huile,400.0,352.0,1.1363636363636365,0.1477272727272726,data/raw/images/s/sohlberg/winterni.jpg
s__sorgh__sailing,images/s__sorgh__sailing.png,train,https://www.wga.hu/html/s/sorgh/sailing.html,"SORGH, Hendrick Maertensz.",Sailing Vessels in a Strong Wind,1660.0,17,Dutch,landscape,Huile,400.0,309.0,1.2944983818770226,0.029126213592232997,data/raw/images/s/sorgh/sailing.jpg
s__sorolla__valencib,images/s__sorolla__valencib.png,train,https://www.wga.hu/html/s/sorolla/valencib.html,"SOROLLA Y BASTIDA, Joaquín",The Beach at Valencia,,19,Spanish,landscape,Huile,400.0,333.0,1.2012012012012012,0.09909909909909909,data/raw/images/s/sorolla/valencib.jpg
s__spierinc__italian,images/s__spierinc__italian.png,train,https://www.wga.hu/html/s/spierinc/italian.html,"SPIERINCKX, Pieter",Italian Landscape,,17,Flemish,landscape,Huile,400.0,283.0,1.4134275618374559,0.056666666666666754,data/raw/images/s/spierinc/italian.jpg
s__spierinc__landscap,images/s__spierinc__landscap.png,test,https://www.wga.hu/html/s/spierinc/landscap.html,"SPIERINCKX, Pieter",Landscape with Tavern and Roman Aqueduct,,17,Flemish,landscape,Huile,400.0,288.0,1.3888888888888888,0.040000000000000036,data/raw/images/s/spierinc/landscap.jpg
s__spitzweg__outing,images/s__spitzweg__outing.png,train,https://www.wga.hu/html/s/spitzweg/outing.html,"SPITZWEG, Carl",The Convent-School Outing,1860.0,19,German,landscape,Huile,400.0,234.0,1.7094017094017093,0.21999999999999997,data/raw/images/s/spitzweg/outing.jpg
s__stalbemt__forestla,images/s__stalbemt__forestla.png,train,https://www.wga.hu/html/s/stalbemt/forestla.html,"STALBEMT, Adriaen van",Forest Landscape with Peasants,,17,Flemish,landscape,Huile,400.0,307.0,1.3029315960912051,0.0228013029315961,data/raw/images/s/stalbemt/forestla.jpg
s__stalbemt__landscap,images/s__stalbemt__landscap.png,train,https://www.wga.hu/html/s/stalbemt/landscap.html,"STALBEMT, Adriaen van",Landscape with Fables,1620.0,17,Flemish,landscape,Huile,400.0,297.0,1.3468013468013469,0.01000000000000012,data/raw/images/s/stalbemt/landscap.jpg
s__stalbemt__river_la,images/s__stalbemt__river_la.png,train,https://www.wga.hu/html/s/stalbemt/river_la.html,"STALBEMT, Adriaen van",River landscape,,17,Flemish,landscape,Huile,400.0,321.0,1.2461059190031152,0.06542056074766356,data/raw/images/s/stalbemt/river_la.jpg
s__stalbemt__winterla,images/s__stalbemt__winterla.png,train,https://www.wga.hu/html/s/stalbemt/winterla.html,"STALBEMT, Adriaen van",Winter,,17,Flemish,landscape,Huile,400.0,262.0,1.5267175572519085,0.12666666666666682,data/raw/images/s/stalbemt/winterla.jpg
s__stanfiel__dutchbar,images/s__stanfiel__dutchbar.png,train,https://www.wga.hu/html/s/stanfiel/dutchbar.html,"STANFIELD, Clarkson",Dutch Barge and Merchantmen near Rotterdam,1856.0,19,English,landscape,Huile,400.0,272.0,1.4705882352941178,0.09333333333333349,data/raw/images/s/stanfiel/dutchbar.jpg
s__stanfiel__tilbury,images/s__stanfiel__tilbury.png,train,https://www.wga.hu/html/s/stanfiel/tilbury.html,"STANFIELD, Clarkson","Tilbury Fort, Wind against Tide",1853.0,19,English,landscape,Huile,400.0,262.0,1.5267175572519085,0.12666666666666682,data/raw/images/s/stanfiel/tilbury.jpg
s__steenwyc__susanna__lakenhal,images/s__steenwyc__susanna__lakenhal.png,train,https://www.wga.hu/html/s/steenwyc/susanna/lakenhal.html,"STEENWIJK, Susanna van",View of the Lakenhal,1642.0,17,Dutch,landscape,Huile,400.0,314.0,1.2738853503184713,0.04458598726114649,data/raw/images/s/steenwyc/susanna/lakenhal.jpg
s__steer__cowes,images/s__steer__cowes.png,train,https://www.wga.hu/html/s/steer/cowes.html,"STEER, Philip Wilson",Summer at Cowes,1888.0,19,English,landscape,Huile,400.0,329.0,1.21580547112462,0.08814589665653494,data/raw/images/s/steer/cowes.jpg
s__steer__girlsrun,images/s__steer__girlsrun.png,train,https://www.wga.hu/html/s/steer/girlsrun.html,"STEER, Philip Wilson","Girls Running, Walberswick Pier",1892.0,19,English,landscape,Huile,400.0,265.0,1.509433962264151,0.11666666666666681,data/raw/images/s/steer/girlsrun.jpg
s__stevens__valley,images/s__stevens__valley.png,train,https://www.wga.hu/html/s/stevens/valley.html,"STEVENS, Pieter",Mountain Valley with Inn and Castle,1593.0,17,Flemish,landscape,Huile,400.0,263.0,1.520912547528517,0.1233333333333333,data/raw/images/s/stevens/valley.jpg
s__stom_a__sanmarco,images/s__stom_a__sanmarco.png,train,https://www.wga.hu/html/s/stom_a/sanmarco.html,"STOM, Antonio",View of the Piazza San Marco from the Procuratie Vecchie,1720.0,18,Italian,landscape,Huile,400.0,340.0,1.1764705882352942,0.11764705882352933,data/raw/images/s/stom_a/sanmarco.jpg
s__stom_a__scenearc,images/s__stom_a__scenearc.png,train,https://www.wga.hu/html/s/stom_a/scenearc.html,"STOM, Antonio",Capriccio of a Port Scene with a Classical Arch,1724.5,18,Italian,landscape,Huile,400.0,272.0,1.4705882352941178,0.09333333333333349,data/raw/images/s/stom_a/scenearc.jpg
s__stoop__dirck__huntsmen,images/s__stoop__dirck__huntsmen.png,train,https://www.wga.hu/html/s/stoop/dirck/huntsmen.html,"STOOP, Dirck Willemsz.",Landscape with Huntsmen,1651.0,17,Dutch,landscape,Huile,400.0,312.0,1.2820512820512822,0.038461538461538325,data/raw/images/s/stoop/dirck/huntsmen.jpg
s__stoop__dirck__landhunt,images/s__stoop__dirck__landhunt.png,train,https://www.wga.hu/html/s/stoop/dirck/landhunt.html,"STOOP, Dirck Willemsz.",Landscape with Horsemen,1667.0,17,Dutch,landscape,Huile,400.0,291.0,1.3745704467353952,0.030000000000000027,data/raw/images/s/stoop/dirck/landhunt.jpg
s__stoop__dirck__resting,images/s__stoop__dirck__resting.png,train,https://www.wga.hu/html/s/stoop/dirck/resting.html,"STOOP, Dirck Willemsz.",Resting Hunters,,17,Dutch,landscape,Huile,400.0,330.0,1.2121212121212122,0.09090909090909083,data/raw/images/s/stoop/dirck/resting.jpg
s__storck__abraham__harbour,images/s__storck__abraham__harbour.png,train,https://www.wga.hu/html/s/storck/abraham/harbour.html,"STORCK, Abraham",View of a Harbour on the Zuiderzee,1684.5,17,Dutch,landscape,Huile,400.0,318.0,1.2578616352201257,0.05660377358490565,data/raw/images/s/storck/abraham/harbour.jpg
s__storck__abraham__italiana,images/s__storck__abraham__italiana.png,test,https://www.wga.hu/html/s/storck/abraham/italiana.html,"STORCK, Abraham",Italianate Park Landscape,1687.0,17,Dutch,landscape,Huile,400.0,334.0,1.1976047904191616,0.10179640718562877,data/raw/images/s/storck/abraham/italiana.jpg
s__storck__abraham__mediport,images/s__storck__abraham__mediport.png,test,https://www.wga.hu/html/s/storck/abraham/mediport.html,"STORCK, Abraham",Fortified Mediterranean Port,1676.0,17,Dutch,landscape,Huile,400.0,301.0,1.3289036544850499,0.0033222591362125353,data/raw/images/s/storck/abraham/mediport.jpg
s__storck__abraham__seascape,images/s__storck__abraham__seascape.png,train,https://www.wga.hu/html/s/storck/abraham/seascape.html,"STORCK, Abraham",Seascape with View of a Beach Animated by Figures,,17,Dutch,landscape,Huile,400.0,301.0,1.3289036544850499,0.0033222591362125353,data/raw/images/s/storck/abraham/seascape.jpg
s__storck__abraham__shipping,images/s__storck__abraham__shipping.png,test,https://www.wga.hu/html/s/storck/abraham/shipping.html,"STORCK, Abraham",Shipping,1694.5,17,Dutch,landscape,Huile,400.0,341.0,1.1730205278592376,0.12023460410557174,data/raw/images/s/storck/abraham/shipping.jpg
s__storck__jacobus__harbour,images/s__storck__jacobus__harbour.png,train,https://www.wga.hu/html/s/storck/jacobus/harbour.html,"STORCK, Jacobus",View of a Harbour,,17,Dutch,landscape,Huile,400.0,255.0,1.5686274509803921,0.15000000000000002,data/raw/images/s/storck/jacobus/harbour.jpg
s__storck__jacobus__imaginar,images/s__storck__jacobus__imaginar.png,train,https://www.wga.hu/html/s/storck/jacobus/imaginar.html,"STORCK, Jacobus",Capriccio View of Haarlem,,17,Dutch,landscape,Huile,400.0,280.0,1.4285714285714286,0.06666666666666676,data/raw/images/s/storck/jacobus/imaginar.jpg
s__storck__jacobus__river_la,images/s__storck__jacobus__river_la.png,train,https://www.wga.hu/html/s/storck/jacobus/river_la.html,"STORCK, Jacobus",River Landscape,,17,Dutch,landscape,Huile,400.0,268.0,1.492537313432836,0.1066666666666668,data/raw/images/s/storck/jacobus/river_la.jpg
s__storck__jacobus__riverlan,images/s__storck__jacobus__riverlan.png,train,https://www.wga.hu/html/s/storck/jacobus/riverlan.html,"STORCK, Jacobus",Riverlandscape with a Town in the Background,,17,Dutch,landscape,Huile,400.0,280.0,1.4285714285714286,0.06666666666666676,data/raw/images/s/storck/jacobus/riverlan.jpg
s__stranove__birds,images/s__stranove__birds.png,train,https://www.wga.hu/html/s/stranove/birds.html,"STRANOVER, Tobias",Birds in a Landscape,1728.0,18,Other,landscape,Huile,400.0,309.0,1.2944983818770226,0.029126213592232997,data/raw/images/s/stranove/birds.jpg
s__stranove__parkland,images/s__stranove__parkland.png,train,https://www.wga.hu/html/s/stranove/parkland.html,"STRANOVER, Tobias",Parkland Setting with Birds,,18,Other,landscape,Huile,400.0,243.0,1.646090534979424,0.19000000000000006,data/raw/images/s/stranove/parkland.jpg
s__strij__jacob__autumnla,images/s__strij__jacob__autumnla.png,test,https://www.wga.hu/html/s/strij/jacob/autumnla.html,"STRIJ, Jacob van",Autumn Landscape,,18,Dutch,landscape,Huile,400.0,364.0,1.098901098901099,0.17582417582417575,data/raw/images/s/strij/jacob/autumnla.jpg
s__strij__jacob__cattle,images/s__strij__jacob__cattle.png,train,https://www.wga.hu/html/s/strij/jacob/cattle.html,"STRIJ, Jacob van",Cattle and a Donkey in a Landscape,,18,Dutch,landscape,Huile,400.0,345.0,1.1594202898550725,0.13043478260869557,data/raw/images/s/strij/jacob/cattle.jpg
s__strij__jacob__landscap,images/s__strij__jacob__landscap.png,train,https://www.wga.hu/html/s/strij/jacob/landscap.html,"STRIJ, Jacob van",Wooded Landscape with Resting Cattle,,18,Dutch,landscape,Huile,400.0,312.0,1.2820512820512822,0.038461538461538325,data/raw/images/s/strij/jacob/landscap.jpg
s__strij__jacob__landscat,images/s__strij__jacob__landscat.png,train,https://www.wga.hu/html/s/strij/jacob/landscat.html,"STRIJ, Jacob van",Landscape with Cattle,,18,Dutch,landscape,Huile,400.0,294.0,1.3605442176870748,0.020000000000000018,data/raw/images/s/strij/jacob/landscat.jpg
s__strij__jacob__testamen,images/s__strij__jacob__testamen.png,train,https://www.wga.hu/html/s/strij/jacob/testamen.html,"STRIJ, Jacob van",Landscape with a Shepherd,1805.0,18,Dutch,landscape,Huile,400.0,294.0,1.3605442176870748,0.020000000000000018,data/raw/images/s/strij/jacob/testamen.jpg
s__strindbe__skerries,images/s__strindbe__skerries.png,train,https://www.wga.hu/html/s/strindbe/skerries.html,"STRINDBERG, August","Storm in the Skerries. ""The Flying Dutchman""",1892.0,19,Swedish,landscape,Autre,400.0,252.0,1.5873015873015872,0.16000000000000003,data/raw/images/s/strindbe/skerries.jpg
s__stubbs__darkbay,images/s__stubbs__darkbay.png,train,https://www.wga.hu/html/s/stubbs/darkbay.html,"STUBBS, George",A Dark Bay Thoroughbred in a Landscape,1765.0,18,English,landscape,Huile,400.0,316.0,1.2658227848101267,0.050632911392405,data/raw/images/s/stubbs/darkbay.jpg
s__stubbs__haymake,images/s__stubbs__haymake.png,train,https://www.wga.hu/html/s/stubbs/haymake.html,"STUBBS, George",Haymaking,1785.0,18,English,landscape,Huile,400.0,272.0,1.4705882352941178,0.09333333333333349,data/raw/images/s/stubbs/haymake.jpg
s__stuck__1wildhun,images/s__stuck__1wildhun.png,train,https://www.wga.hu/html/s/stuck/1wildhun.html,"STUCK, Franz von",Wild Hunt,1888.0,19,German,landscape,Huile,400.0,249.0,1.606425702811245,0.17000000000000004,data/raw/images/s/stuck/1wildhun.jpg
s__sustris__lambert__landscap,images/s__sustris__lambert__landscap.png,train,https://www.wga.hu/html/s/sustris/lambert/landscap.html,"SUSTRIS, Lambert",Landscape with Jupiter and Io,1560.0,16,Dutch,landscape,Huile,400.0,300.0,1.3333333333333333,0.0,data/raw/images/s/sustris/lambert/landscap.jpg
s__suzor__brittany,images/s__suzor__brittany.png,train,https://www.wga.hu/html/s/suzor/brittany.html,"SUZOR-COTÉ, Marc Aurèle de Foy",Port-Blanc in Brittany,1906.0,19,Other,landscape,Huile,400.0,315.0,1.2698412698412698,0.04761904761904767,data/raw/images/s/suzor/brittany.jpg
s__swaine__royalwil,images/s__swaine__royalwil.png,train,https://www.wga.hu/html/s/swaine/royalwil.html,"SWAINE, Francis",The Royal William (formerly the Prince),,18,English,landscape,Huile,400.0,311.0,1.2861736334405145,0.03536977491961413,data/raw/images/s/swaine/royalwil.jpg
s__swanevel__huntsman,images/s__swanevel__huntsman.png,train,https://www.wga.hu/html/s/swanevel/huntsman.html,"SWANEVELT, Herman van",Huntsman at Rest,,17,Dutch,landscape,Huile,400.0,305.0,1.3114754098360655,0.016393442622950838,data/raw/images/s/swanevel/huntsman.jpg
s__swanevel__italian,images/s__swanevel__italian.png,train,https://www.wga.hu/html/s/swanevel/italian.html,"SWANEVELT, Herman van",Italian Landscape with Bridge and Castle,1644.5,17,Dutch,landscape,Huile,400.0,327.0,1.2232415902140672,0.0825688073394496,data/raw/images/s/swanevel/italian.jpg
s__swanevel__italiana,images/s__swanevel__italiana.png,train,https://www.wga.hu/html/s/swanevel/italiana.html,"SWANEVELT, Herman van",Italianate Landscape,1644.5,17,Dutch,landscape,Huile,400.0,271.0,1.4760147601476015,0.09666666666666668,data/raw/images/s/swanevel/italiana.jpg
s__swanevel__italland,images/s__swanevel__italland.png,train,https://www.wga.hu/html/s/swanevel/italland.html,"SWANEVELT, Herman van",An Italianate Landscape,1649.0,17,Dutch,landscape,Huile,400.0,292.0,1.36986301369863,0.026666666666666616,data/raw/images/s/swanevel/italland.jpg
s__swanevel__landnymp,images/s__swanevel__landnymp.png,test,https://www.wga.hu/html/s/swanevel/landnymp.html,"SWANEVELT, Herman van",Landscape with Bathing Nymphs,,17,Dutch,landscape,Huile,400.0,295.0,1.3559322033898304,0.01666666666666672,data/raw/images/s/swanevel/landnymp.jpg
s__swanevel__landscap,images/s__swanevel__landscap.png,train,https://www.wga.hu/html/s/swanevel/landscap.html,"SWANEVELT, Herman van",Landscape with Tall Rocks,1643.0,17,Dutch,landscape,Huile,400.0,320.0,1.25,0.0625,data/raw/images/s/swanevel/landscap.jpg
s__szinyei__12szinye,images/s__szinyei__12szinye.png,train,https://www.wga.hu/html/s/szinyei/12szinye.html,"SZINYEI MERSE, Pál",A Field of Poppies,1896.0,19,Hungarian,landscape,Huile,400.0,237.0,1.6877637130801688,0.21000000000000008,data/raw/images/s/szinyei/12szinye.jpg
s__szinyei__13szinye,images/s__szinyei__13szinye.png,train,https://www.wga.hu/html/s/szinyei/13szinye.html,"SZINYEI MERSE, Pál",Blooming Apple Trees,1902.0,19,Hungarian,landscape,Huile,400.0,302.0,1.3245033112582782,0.0066225165562913135,data/raw/images/s/szinyei/13szinye.jpg
t__tassi__2coral_f,images/t__tassi__2coral_f.png,train,https://www.wga.hu/html/t/tassi/2coral_f.html,"TASSI, Agostino",The Coral Fishers,1622.0,17,Italian,landscape,Huile,400.0,285.0,1.4035087719298245,0.050000000000000044,data/raw/images/t/tassi/2coral_f.jpg
t__tassi__pair2,images/t__tassi__pair2.png,train,https://www.wga.hu/html/t/tassi/pair2.html,"TASSI, Agostino",A Shipyard,1639.0,17,Italian,landscape,Huile,400.0,300.0,1.3333333333333333,0.0,data/raw/images/t/tassi/pair2.jpg
t__telepy__diosgyor,images/t__telepy__diosgyor.png,train,https://www.wga.hu/html/t/telepy/diosgyor.html,"TELEPY, Károly",The Ruins of Diósgyõr Castle,1860.0,19,Hungarian,landscape,Huile,400.0,266.0,1.5037593984962405,0.11333333333333329,data/raw/images/t/telepy/diosgyor.jpg
t__telepy__tarn,images/t__telepy__tarn.png,train,https://www.wga.hu/html/t/telepy/tarn.html,"TELEPY, Károly",Tarn,1880.0,19,Hungarian,landscape,Huile,400.0,237.0,1.6877637130801688,0.21000000000000008,data/raw/images/t/telepy/tarn.jpg
t__teniers__jan2__1__hunting,images/t__teniers__jan2__1__hunting.png,train,https://www.wga.hu/html/t/teniers/jan2/1/hunting.html,"TENIERS, David the Younger",Heron Hunting with the Archduke Leopold Wilhelm,1654.0,17,Flemish,landscape,Huile,400.0,269.0,1.486988847583643,0.10333333333333328,data/raw/images/t/teniers/jan2/1/hunting.jpg
t__teniers__jan2__1__rainbow,images/t__teniers__jan2__1__rainbow.png,train,https://www.wga.hu/html/t/teniers/jan2/1/rainbow.html,"TENIERS, David the Younger",River Landscape with Rainbow,1644.5,17,Flemish,landscape,Huile,400.0,275.0,1.4545454545454546,0.08333333333333337,data/raw/images/t/teniers/jan2/1/rainbow.jpg
t__teniers__jan2__2__landsca,images/t__teniers__jan2__2__landsca.png,train,https://www.wga.hu/html/t/teniers/jan2/2/landsca.html,"TENIERS, David the Younger",Mountain Landscape with a Gypsy Fortune Teller,,17,Flemish,landscape,Huile,400.0,317.0,1.2618296529968454,0.05362776025236593,data/raw/images/t/teniers/jan2/2/landsca.jpg
t__teniers__jan2__2__landscap,images/t__teniers__jan2__2__landscap.png,train,https://www.wga.hu/html/t/teniers/jan2/2/landscap.html,"TENIERS, David the Younger",Landscape,1654.5,17,Flemish,landscape,Huile,400.0,247.0,1.6194331983805668,0.17666666666666664,data/raw/images/t/teniers/jan2/2/landscap.jpg
t__teniers__jan2__2__landscax,images/t__teniers__jan2__2__landscax.png,train,https://www.wga.hu/html/t/teniers/jan2/2/landscax.html,"TENIERS, David the Younger",Landscape with a Shepherd and a Shepherdess,1650.0,17,Flemish,landscape,Huile,400.0,287.0,1.3937282229965158,0.043333333333333446,data/raw/images/t/teniers/jan2/2/landscax.jpg
t__teniers__jan2__2__skittle,images/t__teniers__jan2__2__skittle.png,train,https://www.wga.hu/html/t/teniers/jan2/2/skittle.html,"TENIERS, David the Younger",Landscape with Figures Playing Skittles,1647.5,17,Flemish,landscape,Huile,400.0,289.0,1.3840830449826989,0.036666666666666625,data/raw/images/t/teniers/jan2/2/skittle.jpg
t__teniers__jan2__2__stercksh,images/t__teniers__jan2__2__stercksh.png,train,https://www.wga.hu/html/t/teniers/jan2/2/stercksh.html,"TENIERS, David the Younger",A View of Het Sterckshof near Antwerp,1646.0,17,Flemish,landscape,Huile,400.0,278.0,1.4388489208633093,0.07333333333333336,data/raw/images/t/teniers/jan2/2/stercksh.jpg
t__thaulow__night,images/t__thaulow__night.png,train,https://www.wga.hu/html/t/thaulow/night.html,"THAULOW, Fritz",Night,1884.5,19,Norwegian,landscape,Huile,400.0,307.0,1.3029315960912051,0.0228013029315961,data/raw/images/t/thaulow/night.jpg
t__thiele__viewdres,images/t__thiele__viewdres.png,train,https://www.wga.hu/html/t/thiele/viewdres.html,"THIELE, Johann Alexander",View of Dresden from the Loessnitz Heights,1751.0,18,German,landscape,Huile,400.0,262.0,1.5267175572519085,0.12666666666666682,data/raw/images/t/thiele/viewdres.jpg
t__thoma__thoma2,images/t__thoma__thoma2.png,test,https://www.wga.hu/html/t/thoma/thoma2.html,"THOMA, Hans",Summer,1872.0,19,German,landscape,Huile,400.0,281.0,1.4234875444839858,0.06333333333333346,data/raw/images/t/thoma/thoma2.jpg
t__tilleman__hunting,images/t__tilleman__hunting.png,train,https://www.wga.hu/html/t/tilleman/hunting.html,"TILLEMANS, Peter",A Hunting Piece,,18,English,landscape,Huile,400.0,276.0,1.4492753623188406,0.08000000000000007,data/raw/images/t/tilleman/hunting.jpg
t__tilleman__panorami,images/t__tilleman__panorami.png,train,https://www.wga.hu/html/t/tilleman/panorami.html,"TILLEMANS, Peter",A Panoramic View of Ashburnham Place,,18,English,landscape,Huile,400.0,242.0,1.6528925619834711,0.19333333333333336,data/raw/images/t/tilleman/panorami.jpg
t__tironi__ascensio,images/t__tironi__ascensio.png,train,https://www.wga.hu/html/t/tironi/ascensio.html,"TIRONI, Francesco","View of Sant'Elena and San Nicolò di Lido on Ascension Day, Venice",,18,Italian,landscape,Huile,400.0,266.0,1.5037593984962405,0.11333333333333329,data/raw/images/t/tironi/ascensio.jpg
t__tironi__piazza,images/t__tironi__piazza.png,train,https://www.wga.hu/html/t/tironi/piazza.html,"TIRONI, Francesco","View of Piazza San Marco, Venice",,18,Italian,landscape,Huile,400.0,304.0,1.3157894736842106,0.013157894736842035,data/raw/images/t/tironi/piazza.jpg
t__tironi__piazzett,images/t__tironi__piazzett.png,train,https://www.wga.hu/html/t/tironi/piazzett.html,"TIRONI, Francesco","View of the Piazzetta from the Bacino di San Marco, Venice",,18,Italian,landscape,Huile,400.0,304.0,1.3157894736842106,0.013157894736842035,data/raw/images/t/tironi/piazzett.jpg
t__tommasi__spring,images/t__tommasi__spring.png,train,https://www.wga.hu/html/t/tommasi/spring.html,"TOMMASI, Adolfo",Spring,1890.0,19,Italian,landscape,Huile,400.0,298.0,1.342281879194631,0.006666666666666821,data/raw/images/t/tommasi/spring.jpg
t__toorop__dunes,images/t__toorop__dunes.png,train,https://www.wga.hu/html/t/toorop/dunes.html,"TOOROP, Jan",The Dunes and the Sea at Zoutlande,1907.0,19,Dutch,landscape,Huile,400.0,287.0,1.3937282229965158,0.043333333333333446,data/raw/images/t/toorop/dunes.jpg
t__topffer__geneva,images/t__topffer__geneva.png,train,https://www.wga.hu/html/t/topffer/geneva.html,"TÖPFFER, Adam-Wolfgang","View near the Village of Gy, in the Geneva Region",,19,Swiss,landscape,Huile,400.0,284.0,1.408450704225352,0.053333333333333344,data/raw/images/t/topffer/geneva.jpg
t__topffer__riverlan,images/t__topffer__riverlan.png,train,https://www.wga.hu/html/t/topffer/riverlan.html,"TÖPFFER, Adam-Wolfgang",River Landscape,1824.5,19,Swiss,landscape,Huile,400.0,290.0,1.3793103448275863,0.03333333333333344,data/raw/images/t/topffer/riverlan.jpg
t__travi__coastal,images/t__travi__coastal.png,train,https://www.wga.hu/html/t/travi/coastal.html,"TRAVI, Antonio",Coastal Landscape with Fishermen,,17,Italian,landscape,Huile,400.0,246.0,1.6260162601626016,0.18000000000000005,data/raw/images/t/travi/coastal.jpg
t__travi__sea_view,images/t__travi__sea_view.png,train,https://www.wga.hu/html/t/travi/sea_view.html,"TRAVI, Antonio",Sea View with Fishermen and Tumbledown Tower,,17,Italian,landscape,Huile,400.0,285.0,1.4035087719298245,0.050000000000000044,data/raw/images/t/travi/sea_view.jpg
t__troyon__ford,images/t__troyon__ford.png,train,https://www.wga.hu/html/t/troyon/ford.html,"TROYON, Constant",The Ford,1852.0,19,French,landscape,Huile,400.0,269.0,1.486988847583643,0.10333333333333328,data/raw/images/t/troyon/ford.jpg
t__troyon__returnhe,images/t__troyon__returnhe.png,train,https://www.wga.hu/html/t/troyon/returnhe.html,"TROYON, Constant",Return of the Herd,1860.0,19,French,landscape,Huile,400.0,308.0,1.2987012987012987,0.025974025974025983,data/raw/images/t/troyon/returnhe.jpg
t__trubner__neuburg,images/t__trubner__neuburg.png,train,https://www.wga.hu/html/t/trubner/neuburg.html,"TRÜBNER, Wilhelm","Neuburg Gates, Heidelberg",1913.0,19,German,landscape,Huile,400.0,319.0,1.2539184952978057,0.059561128526645635,data/raw/images/t/trubner/neuburg.jpg
t__turner__1__100turne,images/t__turner__1__100turne.png,train,https://www.wga.hu/html/t/turner/1/100turne.html,"TURNER, Joseph Mallord William",Fishermen at Sea,1796.0,19,English,landscape,Huile,400.0,292.0,1.36986301369863,0.026666666666666616,data/raw/images/t/turner/1/100turne.jpg
t__turner__1__102turne,images/t__turner__1__102turne.png,train,https://www.wga.hu/html/t/turner/1/102turne.html,"TURNER, Joseph Mallord William",Dutch Boats in a Gale,1801.0,19,English,landscape,Huile,400.0,288.0,1.3888888888888888,0.040000000000000036,data/raw/images/t/turner/1/102turne.jpg
t__turner__1__103turne,images/t__turner__1__103turne.png,train,https://www.wga.hu/html/t/turner/1/103turne.html,"TURNER, Joseph Mallord William",The Shipwreck,1805.0,19,English,landscape,Huile,400.0,287.0,1.3937282229965158,0.043333333333333446,data/raw/images/t/turner/1/103turne.jpg
t__turner__1__104turne,images/t__turner__1__104turne.png,train,https://www.wga.hu/html/t/turner/1/104turne.html,"TURNER, Joseph Mallord William",The Fall of an Avalanche in the Grisons,1810.0,19,English,landscape,Huile,400.0,292.0,1.36986301369863,0.026666666666666616,data/raw/images/t/turner/1/104turne.jpg
t__turner__1__106turne,images/t__turner__1__106turne.png,train,https://www.wga.hu/html/t/turner/1/106turne.html,"TURNER, Joseph Mallord William",Frosty Morning,1813.0,19,English,landscape,Huile,400.0,254.0,1.5748031496062993,0.15333333333333343,data/raw/images/t/turner/1/106turne.jpg
t__turner__1__109turne,images/t__turner__1__109turne.png,train,https://www.wga.hu/html/t/turner/1/109turne.html,"TURNER, Joseph Mallord William","Quillebeuf, at the Mouth of Seine",1833.0,19,English,landscape,Huile,400.0,309.0,1.2944983818770226,0.029126213592232997,data/raw/images/t/turner/1/109turne.jpg
t__turner__1__110turne,images/t__turner__1__110turne.png,train,https://www.wga.hu/html/t/turner/1/110turne.html,"TURNER, Joseph Mallord William","The Grand Canal, Venice",1835.0,19,English,landscape,Huile,400.0,296.0,1.3513513513513513,0.013333333333333308,data/raw/images/t/turner/1/110turne.jpg
t__turner__1__111turne,images/t__turner__1__111turne.png,train,https://www.wga.hu/html/t/turner/1/111turne.html,"TURNER, Joseph Mallord William",Landscape with a River and a Bay in the Background,1837.5,19,English,landscape,Huile,400.0,302.0,1.3245033112582782,0.0066225165562913135,data/raw/images/t/turner/1/111turne.jpg
t__turner__2__200turne,images/t__turner__2__200turne.png,train,https://www.wga.hu/html/t/turner/2/200turne.html,"TURNER, Joseph Mallord William",View of Rome from Mount Aventine,1836.0,19,English,landscape,Huile,400.0,295.0,1.3559322033898304,0.01666666666666672,data/raw/images/t/turner/2/200turne.jpg
t__turner__2__201turne,images/t__turner__2__201turne.png,train,https://www.wga.hu/html/t/turner/2/201turne.html,"TURNER, Joseph Mallord William",The 'Fighting Temeraire' tugged to her Last Berth to be broken up,1838.5,19,English,landscape,Huile,400.0,291.0,1.3745704467353952,0.030000000000000027,data/raw/images/t/turner/2/201turne.jpg
t__turner__2__202turne,images/t__turner__2__202turne.png,train,https://www.wga.hu/html/t/turner/2/202turne.html,"TURNER, Joseph Mallord William",Peace - Burial at Sea,1842.0,19,English,landscape,Huile,400.0,396.0,1.0101010101010102,0.24242424242424232,data/raw/images/t/turner/2/202turne.jpg
t__turner__2__2040turn,images/t__turner__2__2040turn.png,train,https://www.wga.hu/html/t/turner/2/2040turn.html,"TURNER, Joseph Mallord William",Snow Storm: Steam-Boat off a Harbour's Mouth,1842.0,19,English,landscape,Huile,400.0,295.0,1.3559322033898304,0.01666666666666672,data/raw/images/t/turner/2/2040turn.jpg
t__turner__2__2041turn,images/t__turner__2__2041turn.png,train,https://www.wga.hu/html/t/turner/2/2041turn.html,"TURNER, Joseph Mallord William",Camposanto,1842.0,19,English,landscape,Huile,400.0,266.0,1.5037593984962405,0.11333333333333329,data/raw/images/t/turner/2/2041turn.jpg
t__turner__2__204turne,images/t__turner__2__204turne.png,train,https://www.wga.hu/html/t/turner/2/204turne.html,"TURNER, Joseph Mallord William",The Morning after the Deluge,1843.0,19,English,landscape,Huile,400.0,398.0,1.0050251256281406,0.24623115577889454,data/raw/images/t/turner/2/204turne.jpg
t__turner__2__205turne,images/t__turner__2__205turne.png,train,https://www.wga.hu/html/t/turner/2/205turne.html,"TURNER, Joseph Mallord William","Rain, Steam and Speed The Great Western Railway",1844.0,19,English,landscape,Huile,400.0,304.0,1.3157894736842106,0.013157894736842035,data/raw/images/t/turner/2/205turne.jpg
t__turner__2__206turne,images/t__turner__2__206turne.png,test,https://www.wga.hu/html/t/turner/2/206turne.html,"TURNER, Joseph Mallord William","Norham Castle, Sunrise",1845.0,19,English,landscape,Huile,400.0,302.0,1.3245033112582782,0.0066225165562913135,data/raw/images/t/turner/2/206turne.jpg
t__turpin__turpin2,images/t__turpin__turpin2.png,train,https://www.wga.hu/html/t/turpin/turpin2.html,"TURPIN DE CRISSÉ, Lancelot-Théodore",Temple of Antoninus and Faustina,1808.0,19,French,landscape,Huile,400.0,276.0,1.4492753623188406,0.08000000000000007,data/raw/images/t/turpin/turpin2.jpg
t__turpin__turpin3,images/t__turpin__turpin3.png,train,https://www.wga.hu/html/t/turpin/turpin3.html,"TURPIN DE CRISSÉ, Lancelot-Théodore",Bay of Naples,1840.0,19,French,landscape,Huile,400.0,263.0,1.520912547528517,0.1233333333333333,data/raw/images/t/turpin/turpin3.jpg
t__turpin__turpin4,images/t__turpin__turpin4.png,train,https://www.wga.hu/html/t/turpin/turpin4.html,"TURPIN DE CRISSÉ, Lancelot-Théodore",Erechteion on Acropolis,1805.0,19,French,landscape,Huile,400.0,271.0,1.4760147601476015,0.09666666666666668,data/raw/images/t/turpin/turpin4.jpg
t__turpin__turpin6,images/t__turpin__turpin6.png,test,https://www.wga.hu/html/t/turpin/turpin6.html,"TURPIN DE CRISSÉ, Lancelot-Théodore",Roman Forum,,19,French,landscape,Huile,400.0,266.0,1.5037593984962405,0.11333333333333329,data/raw/images/t/turpin/turpin6.jpg
t__twachtma__arques,images/t__twachtma__arques.png,train,https://www.wga.hu/html/t/twachtma/arques.html,"TWACHTMAN, John Henry",Arques-la-Bataille,1885.0,19,American,landscape,Huile,400.0,297.0,1.3468013468013469,0.01000000000000012,data/raw/images/t/twachtma/arques.jpg
t__twachtma__harmony,images/t__twachtma__harmony.png,train,https://www.wga.hu/html/t/twachtma/harmony.html,"TWACHTMAN, John Henry",Winter Harmony,1894.5,19,American,landscape,Huile,400.0,316.0,1.2658227848101267,0.050632911392405,data/raw/images/t/twachtma/harmony.jpg
u__uden__alpinela,images/u__uden__alpinela.png,train,https://www.wga.hu/html/u/uden/alpinela.html,"UDEN, Lucas van",Alpine Landscape,,17,Flemish,landscape,Huile,400.0,236.0,1.694915254237288,0.21333333333333337,data/raw/images/u/uden/alpinela.jpg
u__uden__coastal,images/u__uden__coastal.png,train,https://www.wga.hu/html/u/uden/coastal.html,"UDEN, Lucas van",Coastal Landscape with Storm,1635.0,17,Flemish,landscape,Huile,400.0,276.0,1.4492753623188406,0.08000000000000007,data/raw/images/u/uden/coastal.jpg
u__uden__duneland,images/u__uden__duneland.png,test,https://www.wga.hu/html/u/uden/duneland.html,"UDEN, Lucas van",Wooded Dune Landscape,,17,Flemish,landscape,Huile,400.0,265.0,1.509433962264151,0.11666666666666681,data/raw/images/u/uden/duneland.jpg
u__uden__extensiv,images/u__uden__extensiv.png,train,https://www.wga.hu/html/u/uden/extensiv.html,"UDEN, Lucas van",Extensive Landscape,,17,Flemish,landscape,Huile,400.0,290.0,1.3793103448275863,0.03333333333333344,data/raw/images/u/uden/extensiv.jpg
u__uden__landcart,images/u__uden__landcart.png,train,https://www.wga.hu/html/u/uden/landcart.html,"UDEN, Lucas van",Landscape with a Cart Crossing a River,,17,Flemish,landscape,Huile,400.0,272.0,1.4705882352941178,0.09333333333333349,data/raw/images/u/uden/landcart.jpg
u__uden__landflig,images/u__uden__landflig.png,train,https://www.wga.hu/html/u/uden/landflig.html,"UDEN, Lucas van",Landscape with the Flight into Egypt,1654.0,17,Flemish,landscape,Huile,400.0,250.0,1.6,0.16666666666666674,data/raw/images/u/uden/landflig.jpg
u__uden__landfort,images/u__uden__landfort.png,train,https://www.wga.hu/html/u/uden/landfort.html,"UDEN, Lucas van",Landscape with a Fortune-Teller,1644.5,17,Flemish,landscape,Huile,400.0,256.0,1.5625,0.14666666666666672,data/raw/images/u/uden/landfort.jpg
u__uden__landhunt,images/u__uden__landhunt.png,train,https://www.wga.hu/html/u/uden/landhunt.html,"UDEN, Lucas van",Landscape with Hunters,1644.5,17,Flemish,landscape,Huile,400.0,244.0,1.639344262295082,0.18666666666666676,data/raw/images/u/uden/landhunt.jpg
u__uden__landmuse,images/u__uden__landmuse.png,train,https://www.wga.hu/html/u/uden/landmuse.html,"UDEN, Lucas van",Landscape with the Contest between the Muses and the Pierides,,17,Flemish,landscape,Huile,400.0,270.0,1.4814814814814814,0.09999999999999998,data/raw/images/u/uden/landmuse.jpg
u__uden__lanfeast,images/u__uden__lanfeast.png,train,https://www.wga.hu/html/u/uden/lanfeast.html,"UDEN, Lucas van",Landscape with Village Feast in the Background,,17,Flemish,landscape,Huile,400.0,259.0,1.5444015444015444,0.13666666666666671,data/raw/images/u/uden/lanfeast.jpg
u__uden__panorami,images/u__uden__panorami.png,train,https://www.wga.hu/html/u/uden/panorami.html,"UDEN, Lucas van",Panoramic River Landscape,,17,Flemish,landscape,Huile,400.0,252.0,1.5873015873015872,0.16000000000000003,data/raw/images/u/uden/panorami.jpg
u__uden__river_la,images/u__uden__river_la.png,test,https://www.wga.hu/html/u/uden/river_la.html,"UDEN, Lucas van",River Landscape,,17,Flemish,landscape,Huile,400.0,264.0,1.5151515151515151,0.12,data/raw/images/u/uden/river_la.jpg
u__uden__summerla,images/u__uden__summerla.png,train,https://www.wga.hu/html/u/uden/summerla.html,"UDEN, Lucas van","Summer Landscape, Haying",,17,Flemish,landscape,Huile,400.0,292.0,1.36986301369863,0.026666666666666616,data/raw/images/u/uden/summerla.jpg
u__uden__winterla,images/u__uden__winterla.png,train,https://www.wga.hu/html/u/uden/winterla.html,"UDEN, Lucas van",Winter Landscape with Hunters,,17,Flemish,landscape,Huile,400.0,244.0,1.639344262295082,0.18666666666666676,data/raw/images/u/uden/winterla.jpg
u__uden__woodedla,images/u__uden__woodedla.png,train,https://www.wga.hu/html/u/uden/woodedla.html,"UDEN, Lucas van",Wooded Landscape,1648.0,17,Flemish,landscape,Huile,400.0,368.0,1.0869565217391304,0.18478260869565222,data/raw/images/u/uden/woodedla.jpg
u__ulft__antique,images/u__ulft__antique.png,train,https://www.wga.hu/html/u/ulft/antique.html,"ULFT, Jacob van der",Antique Forum with a Triumphal Procession,1674.5,17,Dutch,landscape,Huile,400.0,249.0,1.606425702811245,0.17000000000000004,data/raw/images/u/ulft/antique.jpg
m__master__xunk_it__xunk_it2__05castle,images/m__master__xunk_it__xunk_it2__05castle.png,train,https://www.wga.hu/html/m/master/xunk_it/xunk_it2/05castle.html,"UNKNOWN MASTER, Italian",Castle on a Hill,1312.5,14,Italian,landscape,Fresque,400.0,229.0,1.7467248908296944,0.2366666666666667,data/raw/images/m/master/xunk_it/xunk_it2/05castle.jpg
m__master__xunk_it__xunk_it5__firework,images/m__master__xunk_it__xunk_it5__firework.png,train,https://www.wga.hu/html/m/master/xunk_it/xunk_it5/firework.html,"UNKNOWN MASTER, Italian",View of the Piazza Signoria with Fireworks on St John's Day,1617.5,17,Italian,landscape,Fresque,400.0,341.0,1.1730205278592376,0.12023460410557174,data/raw/images/m/master/xunk_it/xunk_it5/firework.jpg
u__unterbex__venice,images/u__unterbex__venice.png,train,https://www.wga.hu/html/u/unterbex/venice.html,"UNTERBERGER, Franz-Richard","Grand Canal, Venice",,19,Austrian,landscape,Huile,400.0,241.0,1.6597510373443984,0.19666666666666677,data/raw/images/u/unterbex/venice.jpg
u__urbani__vendra04,images/u__urbani__vendra04.png,train,https://www.wga.hu/html/u/urbani/vendra04.html,"URBANI, Andrea",View of a Villa with a Pool,1766.0,18,Italian,landscape,Fresque,400.0,265.0,1.509433962264151,0.11666666666666681,data/raw/images/u/urbani/vendra04.jpg
u__urbani__vendra05,images/u__urbani__vendra05.png,train,https://www.wga.hu/html/u/urbani/vendra05.html,"URBANI, Andrea",Landscape with Waterfall,1766.0,18,Italian,landscape,Fresque,400.0,265.0,1.509433962264151,0.11666666666666681,data/raw/images/u/urbani/vendra05.jpg
u__utens__cafaggi,images/u__utens__cafaggi.png,train,https://www.wga.hu/html/u/utens/cafaggi.html,"UTENS, Giusto","Villa Medicea, Cafaggiolo",1599.0,17,Flemish,landscape,Fresque,400.0,240.0,1.6666666666666667,0.20000000000000007,data/raw/images/u/utens/cafaggi.jpg
u__utens__castello,images/u__utens__castello.png,test,https://www.wga.hu/html/u/utens/castello.html,"UTENS, Giusto",Villa Medicea di Castello,1599.0,17,Flemish,landscape,Fresque,400.0,251.0,1.593625498007968,0.16333333333333333,data/raw/images/u/utens/castello.jpg
u__utens__pitti,images/u__utens__pitti.png,train,https://www.wga.hu/html/u/utens/pitti.html,"UTENS, Giusto",Palazzo Pitti and the Forte Belvedere,1599.0,17,Flemish,landscape,Fresque,400.0,228.0,1.7543859649122806,0.24,data/raw/images/u/utens/pitti.jpg
u__uyttenbr__bacchant,images/u__uyttenbr__bacchant.png,train,https://www.wga.hu/html/u/uyttenbr/bacchant.html,"UYTTENBROECK, Moyses Matheusz van",Landscape with Dancing Bacchantes,,17,Dutch,landscape,Huile,400.0,268.0,1.492537313432836,0.1066666666666668,data/raw/images/u/uyttenbr/bacchant.jpg
u__uyttenbr__lanarcad,images/u__uyttenbr__lanarcad.png,train,https://www.wga.hu/html/u/uyttenbr/lanarcad.html,"UYTTENBROECK, Moyses Matheusz van",Landscape with Arcadian Scene,,17,Dutch,landscape,Huile,400.0,231.0,1.7316017316017316,0.22999999999999998,data/raw/images/u/uyttenbr/lanarcad.jpg
v__vadder__farmhous,images/v__vadder__farmhous.png,train,https://www.wga.hu/html/v/vadder/farmhous.html,"VADDER, Lodewijk de",Farmhouses on a Sandy Road near a Well,,17,Flemish,landscape,Huile,400.0,239.0,1.6736401673640167,0.20333333333333337,data/raw/images/v/vadder/farmhous.jpg
v__vadder__land_fig,images/v__vadder__land_fig.png,train,https://www.wga.hu/html/v/vadder/land_fig.html,"VADDER, Lodewijk de",Landscape with Figures and Animals,,17,Flemish,landscape,Huile,400.0,337.0,1.1869436201780414,0.10979228486646886,data/raw/images/v/vadder/land_fig.jpg
v__vadder__landscap,images/v__vadder__landscap.png,train,https://www.wga.hu/html/v/vadder/landscap.html,"VADDER, Lodewijk de",Landscape before the Rain,,17,Flemish,landscape,Huile,400.0,252.0,1.5873015873015872,0.16000000000000003,data/raw/images/v/vadder/landscap.jpg
v__vadder__soignes,images/v__vadder__soignes.png,train,https://www.wga.hu/html/v/vadder/soignes.html,"VADDER, Lodewijk de",The Soignes Forest,,17,Flemish,landscape,Huile,400.0,303.0,1.3201320132013201,0.00990099009900991,data/raw/images/v/vadder/soignes.jpg
v__vadder__wooddune,images/v__vadder__wooddune.png,test,https://www.wga.hu/html/v/vadder/wooddune.html,"VADDER, Lodewijk de",A Wooded Dune Landscape,,17,Flemish,landscape,Huile,400.0,275.0,1.4545454545454546,0.08333333333333337,data/raw/images/v/vadder/wooddune.jpg
v__vadder__woodedla,images/v__vadder__woodedla.png,train,https://www.wga.hu/html/v/vadder/woodedla.html,"VADDER, Lodewijk de",Wooded Landscape,,17,Flemish,landscape,Huile,400.0,294.0,1.3605442176870748,0.020000000000000018,data/raw/images/v/vadder/woodedla.jpg
v__valckenb__frederik__mountain,images/v__valckenb__frederik__mountain.png,train,https://www.wga.hu/html/v/valckenb/frederik/mountain.html,"VALCKENBORCH, Frederik van",Mountainous Landscape,1605.0,17,Flemish,landscape,Huile,400.0,306.0,1.3071895424836601,0.019607843137254832,data/raw/images/v/valckenb/frederik/mountain.jpg
v__valckenb__frederik__village,images/v__valckenb__frederik__village.png,test,https://www.wga.hu/html/v/valckenb/frederik/village.html,"VALCKENBORCH, Frederik van",Mountainous Village Landscape,1612.0,17,Flemish,landscape,Huile,400.0,314.0,1.2738853503184713,0.04458598726114649,data/raw/images/v/valckenb/frederik/village.jpg
v__valckenb__frederik__woodedla,images/v__valckenb__frederik__woodedla.png,train,https://www.wga.hu/html/v/valckenb/frederik/woodedla.html,"VALCKENBORCH, Frederik van",Wooded River Landscape,1618.0,17,Flemish,landscape,Huile,400.0,283.0,1.4134275618374559,0.056666666666666754,data/raw/images/v/valckenb/frederik/woodedla.jpg
v__valckenb__lucas__l_spring,images/v__valckenb__lucas__l_spring.png,train,https://www.wga.hu/html/v/valckenb/lucas/l_spring.html,"VALCKENBORCH, Lucas van",Landscape in Spring,1587.0,16,Flemish,landscape,Huile,400.0,229.0,1.7467248908296944,0.2366666666666667,data/raw/images/v/valckenb/lucas/l_spring.jpg
v__valckenb__lucas__l_summer,images/v__valckenb__lucas__l_summer.png,train,https://www.wga.hu/html/v/valckenb/lucas/l_summer.html,"VALCKENBORCH, Lucas van",Landscape in Summer,1585.0,16,Flemish,landscape,Huile,400.0,225.0,1.7777777777777777,0.25,data/raw/images/v/valckenb/lucas/l_summer.jpg
v__valckenb__lucas__mountain,images/v__valckenb__lucas__mountain.png,train,https://www.wga.hu/html/v/valckenb/lucas/mountain.html,"VALCKENBORCH, Lucas van",Mountainous Landscape,1582.0,16,Flemish,landscape,Huile,400.0,290.0,1.3793103448275863,0.03333333333333344,data/raw/images/v/valckenb/lucas/mountain.jpg
v__valckenb__lucas__rocky_la,images/v__valckenb__lucas__rocky_la.png,train,https://www.wga.hu/html/v/valckenb/lucas/rocky_la.html,"VALCKENBORCH, Lucas van",Rocky Landscape,1586.0,16,Flemish,landscape,Huile,400.0,280.0,1.4285714285714286,0.06666666666666676,data/raw/images/v/valckenb/lucas/rocky_la.jpg
v__valckenb__lucas__rockylan,images/v__valckenb__lucas__rockylan.png,train,https://www.wga.hu/html/v/valckenb/lucas/rockylan.html,"VALCKENBORCH, Lucas van",Rocky Landscape,1570.0,16,Flemish,landscape,Huile,400.0,306.0,1.3071895424836601,0.019607843137254832,data/raw/images/v/valckenb/lucas/rockylan.jpg
v__valckenb__lucas__view_ant,images/v__valckenb__lucas__view_ant.png,train,https://www.wga.hu/html/v/valckenb/lucas/view_ant.html,"VALCKENBORCH, Lucas van",View of Antwerp with the Frozen Schelde,1590.0,16,Flemish,landscape,Huile,400.0,264.0,1.5151515151515151,0.12,data/raw/images/v/valckenb/lucas/view_ant.jpg
v__valckenb__lucas__view_huy,images/v__valckenb__lucas__view_huy.png,train,https://www.wga.hu/html/v/valckenb/lucas/view_huy.html,"VALCKENBORCH, Lucas van",View of Huy from Ahin,,16,Flemish,landscape,Huile,400.0,293.0,1.3651877133105803,0.023333333333333428,data/raw/images/v/valckenb/lucas/view_huy.jpg
v__valckenb__marten1__extensiv,images/v__valckenb__marten1__extensiv.png,train,https://www.wga.hu/html/v/valckenb/marten1/extensiv.html,"VALCKENBORCH, Marten van I",Extensive Landscape with a River on the Valley,,16,Flemish,landscape,Huile,400.0,275.0,1.4545454545454546,0.08333333333333337,data/raw/images/v/valckenb/marten1/extensiv.jpg
v__valencie__agrigent,images/v__valencie__agrigent.png,train,https://www.wga.hu/html/v/valencie/agrigent.html,"VALENCIENNES, Pierre-Henri de",The Ancient City of Agrigento,1787.0,18,French,landscape,Huile,400.0,264.0,1.5151515151515151,0.12,data/raw/images/v/valencie/agrigent.jpg
v__valencie__arcadian,images/v__valencie__arcadian.png,train,https://www.wga.hu/html/v/valencie/arcadian.html,"VALENCIENNES, Pierre-Henri de",Arcadian Landscape,1794.0,18,French,landscape,Huile,400.0,296.0,1.3513513513513513,0.013333333333333308,data/raw/images/v/valencie/arcadian.jpg
v__valencie__classic1,images/v__valencie__classic1.png,train,https://www.wga.hu/html/v/valencie/classic1.html,"VALENCIENNES, Pierre-Henri de",Figures in a Classical Landscape,1788.0,18,French,landscape,Huile,400.0,268.0,1.492537313432836,0.1066666666666668,data/raw/images/v/valencie/classic1.jpg
v__valencie__classic2,images/v__valencie__classic2.png,train,https://www.wga.hu/html/v/valencie/classic2.html,"VALENCIENNES, Pierre-Henri de",Classical Greek Landscape,,18,French,landscape,Huile,400.0,264.0,1.5151515151515151,0.12,data/raw/images/v/valencie/classic2.jpg
v__valencie__classic3,images/v__valencie__classic3.png,train,https://www.wga.hu/html/v/valencie/classic3.html,"VALENCIENNES, Pierre-Henri de",Ideal Classical Landscape with Washerwomen around a Fountain,1807.0,18,French,landscape,Huile,400.0,284.0,1.408450704225352,0.053333333333333344,data/raw/images/v/valencie/classic3.jpg
v__valencie__farnese,images/v__valencie__farnese.png,train,https://www.wga.hu/html/v/valencie/farnese.html,"VALENCIENNES, Pierre-Henri de",Farm-buildings at the Villa Farnese: the Two Poplar Trees,1780.0,18,French,landscape,Huile,400.0,263.0,1.520912547528517,0.1233333333333333,data/raw/images/v/valencie/farnese.jpg
v__valencie__storm,images/v__valencie__storm.png,train,https://www.wga.hu/html/v/valencie/storm.html,"VALENCIENNES, Pierre-Henri de",Storm by a Lake,1780.0,18,French,landscape,Huile,400.0,302.0,1.3245033112582782,0.0066225165562913135,data/raw/images/v/valencie/storm.jpg
v__valencie__viewrome,images/v__valencie__viewrome.png,train,https://www.wga.hu/html/v/valencie/viewrome.html,"VALENCIENNES, Pierre-Henri de",View of Rome in the Morning,1783.0,18,French,landscape,Huile,400.0,279.0,1.4336917562724014,0.07000000000000006,data/raw/images/v/valencie/viewrome.jpg
v__vallayer__deadgame,images/v__vallayer__deadgame.png,train,https://www.wga.hu/html/v/vallayer/deadgame.html,"VALLAYER-COSTER, Anne",A Hound with Dead Game in a Landscape,1785.0,18,French,landscape,Huile,400.0,245.0,1.6326530612244898,0.18333333333333335,data/raw/images/v/vallayer/deadgame.jpg
v__velde__adriaen__amuseice,images/v__velde__adriaen__amuseice.png,train,https://www.wga.hu/html/v/velde/adriaen/amuseice.html,"VELDE, Adriaen van de",Amusement on the Ice,1669.0,17,Dutch,landscape,Huile,400.0,322.0,1.2422360248447204,0.06832298136645965,data/raw/images/v/velde/adriaen/amuseice.jpg
v__velde__adriaen__animals,images/v__velde__adriaen__animals.png,test,https://www.wga.hu/html/v/velde/adriaen/animals.html,"VELDE, Adriaen van de",Animals by the River,1664.0,17,Dutch,landscape,Huile,400.0,278.0,1.4388489208633093,0.07333333333333336,data/raw/images/v/velde/adriaen/animals.jpg
v__velde__adriaen__beachsch,images/v__velde__adriaen__beachsch.png,train,https://www.wga.hu/html/v/velde/adriaen/beachsch.html,"VELDE, Adriaen van de",The Beach at Scheveningen,1658.0,17,Dutch,landscape,Huile,400.0,284.0,1.408450704225352,0.053333333333333344,data/raw/images/v/velde/adriaen/beachsch.jpg
v__velde__adriaen__cattle,images/v__velde__adriaen__cattle.png,train,https://www.wga.hu/html/v/velde/adriaen/cattle.html,"VELDE, Adriaen van de",Cattle and Goats in a Meadow,1658.0,17,Dutch,landscape,Huile,400.0,305.0,1.3114754098360655,0.016393442622950838,data/raw/images/v/velde/adriaen/cattle.jpg
v__velde__adriaen__classlan,images/v__velde__adriaen__classlan.png,train,https://www.wga.hu/html/v/velde/adriaen/classlan.html,"VELDE, Adriaen van de",A Classical Landscape,1671.0,17,Dutch,landscape,Huile,400.0,295.0,1.3559322033898304,0.01666666666666672,data/raw/images/v/velde/adriaen/classlan.jpg
v__velde__adriaen__frozenca,images/v__velde__adriaen__frozenca.png,train,https://www.wga.hu/html/v/velde/adriaen/frozenca.html,"VELDE, Adriaen van de",Frozen Canal with Skaters and Hockey Players,1668.0,17,Dutch,landscape,Huile,400.0,305.0,1.3114754098360655,0.016393442622950838,data/raw/images/v/velde/adriaen/frozenca.jpg
v__velde__adriaen__the_farm,images/v__velde__adriaen__the_farm.png,train,https://www.wga.hu/html/v/velde/adriaen/the_farm.html,"VELDE, Adriaen van de",The Farm,1666.0,17,Dutch,landscape,Huile,400.0,315.0,1.2698412698412698,0.04761904761904767,data/raw/images/v/velde/adriaen/the_farm.jpg
v__velde2__esaias__bandits,images/v__velde2__esaias__bandits.png,train,https://www.wga.hu/html/v/velde2/esaias/bandits.html,"VELDE, Esaias van de",Bandits Attacking a Caravan of Travellers,1628.0,17,Dutch,landscape,Huile,400.0,230.0,1.7391304347826086,0.2333333333333334,data/raw/images/v/velde2/esaias/bandits.jpg
v__velde2__esaias__battlesc,images/v__velde2__esaias__battlesc.png,train,https://www.wga.hu/html/v/velde2/esaias/battlesc.html,"VELDE, Esaias van de",Battle Scene in an Open Landscape,1614.0,17,Dutch,landscape,Huile,400.0,247.0,1.6194331983805668,0.17666666666666664,data/raw/images/v/velde2/esaias/battlesc.jpg
v__velde2__esaias__landscap,images/v__velde2__esaias__landscap.png,train,https://www.wga.hu/html/v/velde2/esaias/landscap.html,"VELDE, Esaias van de",Landscape,1622.0,17,Dutch,landscape,Huile,400.0,335.0,1.1940298507462686,0.10447761194029859,data/raw/images/v/velde2/esaias/landscap.jpg
v__velde2__esaias__traveler,images/v__velde2__esaias__traveler.png,train,https://www.wga.hu/html/v/velde2/esaias/traveler.html,"VELDE, Esaias van de",Traveller and his Pack Horse,1629.0,17,Dutch,landscape,Huile,400.0,276.0,1.4492753623188406,0.08000000000000007,data/raw/images/v/velde2/esaias/traveler.jpg
v__velde2__esaias__winter_l,images/v__velde2__esaias__winter_l.png,train,https://www.wga.hu/html/v/velde2/esaias/winter_l.html,"VELDE, Esaias van de",Winter Landscape,1623.0,17,Dutch,landscape,Huile,400.0,339.0,1.1799410029498525,0.11504424778761058,data/raw/images/v/velde2/esaias/winter_l.jpg
v__velde2__esaias__winter_n,images/v__velde2__esaias__winter_n.png,train,https://www.wga.hu/html/v/velde2/esaias/winter_n.html,"VELDE, Esaias van de",Winter Landscape,1629.0,17,Dutch,landscape,Huile,400.0,294.0,1.3605442176870748,0.020000000000000018,data/raw/images/v/velde2/esaias/winter_n.jpg
v__velde2__esaias__zierikze,images/v__velde2__esaias__zierikze.png,train,https://www.wga.hu/html/v/velde2/esaias/zierikze.html,"VELDE, Esaias van de",View of Zierikzee,1618.0,17,Dutch,landscape,Huile,400.0,266.0,1.5037593984962405,0.11333333333333329,data/raw/images/v/velde2/esaias/zierikze.jpg
v__velde3__5bathhut,images/v__velde3__5bathhut.png,train,https://www.wga.hu/html/v/velde3/5bathhut.html,"VELDE, Henry van de",Bathing Huts at Blankenberge,1888.0,19,Belgian,landscape,Huile,400.0,306.0,1.3071895424836601,0.019607843137254832,data/raw/images/v/velde3/5bathhut.jpg
v__velde__peter__castle,images/v__velde__peter__castle.png,train,https://www.wga.hu/html/v/velde/peter/castle.html,"VELDE, Peter van den",Castle on a River Bank,1674.5,17,Flemish,landscape,Huile,400.0,260.0,1.5384615384615385,0.13333333333333341,data/raw/images/v/velde/peter/castle.jpg
v__velde__peter__harbour,images/v__velde__peter__harbour.png,train,https://www.wga.hu/html/v/velde/peter/harbour.html,"VELDE, Peter van den",Ships in Front of a Harbour Town,,17,Flemish,landscape,Huile,400.0,270.0,1.4814814814814814,0.09999999999999998,data/raw/images/v/velde/peter/harbour.jpg
v__velde__peter__souda,images/v__velde__peter__souda.png,train,https://www.wga.hu/html/v/velde/peter/souda.html,"VELDE, Peter van den",A View of Souda Island,,17,Flemish,landscape,Huile,400.0,330.0,1.2121212121212122,0.09090909090909083,data/raw/images/v/velde/peter/souda.jpg
v__velde__willem_e__harbour,images/v__velde__willem_e__harbour.png,train,https://www.wga.hu/html/v/velde/willem_e/harbour.html,"VELDE, Willem van de, the Elder",Dutch Harbour in Calm,1644.5,17,Dutch,landscape,Autre,400.0,289.0,1.3840830449826989,0.036666666666666625,data/raw/images/v/velde/willem_e/harbour.jpg
v__velde__willem__amstel,images/v__velde__willem__amstel.png,train,https://www.wga.hu/html/v/velde/willem/amstel.html,"VELDE, Willem van de, the Younger",Blockhouses on the Amstel outside Amsterdam,1655.0,17,Dutch,landscape,Huile,400.0,284.0,1.408450704225352,0.053333333333333344,data/raw/images/v/velde/willem/amstel.jpg
v__velde__willem__calm_dut,images/v__velde__willem__calm_dut.png,train,https://www.wga.hu/html/v/velde/willem/calm_dut.html,"VELDE, Willem van de, the Younger",Calm: Dutch Ships Coming to Anchor,1667.5,17,Dutch,landscape,Huile,400.0,277.0,1.444043321299639,0.07666666666666677,data/raw/images/v/velde/willem/calm_dut.jpg
v__velde__willem__calm_sea,images/v__velde__willem__calm_sea.png,train,https://www.wga.hu/html/v/velde/willem/calm_sea.html,"VELDE, Willem van de, the Younger",Calm Sea,,17,Dutch,landscape,Huile,400.0,361.0,1.10803324099723,0.1689750692520775,data/raw/images/v/velde/willem/calm_sea.jpg
v__velde__willem__calmdutch,images/v__velde__willem__calmdutch.png,train,https://www.wga.hu/html/v/velde/willem/calmdutch.html,"VELDE, Willem van de, the Younger",Calm - Dutch Smalschips and a Rowing Boat,1662.0,17,Dutch,landscape,Huile,400.0,354.0,1.1299435028248588,0.15254237288135586,data/raw/images/v/velde/willem/calmdutch.jpg
v__velde__willem__calmsea,images/v__velde__willem__calmsea.png,train,https://www.wga.hu/html/v/velde/willem/calmsea.html,"VELDE, Willem van de, the Younger",Ships in a Calm Sea,1653.0,17,Dutch,landscape,Huile,400.0,350.0,1.1428571428571428,0.1428571428571429,data/raw/images/v/velde/willem/calmsea.jpg
v__velde__willem__calmsea1,images/v__velde__willem__calmsea1.png,train,https://www.wga.hu/html/v/velde/willem/calmsea1.html,"VELDE, Willem van de, the Younger",Calm Sea,1670.0,17,Dutch,landscape,Huile,400.0,345.0,1.1594202898550725,0.13043478260869557,data/raw/images/v/velde/willem/calmsea1.jpg
v__velde__willem__calmsea2,images/v__velde__willem__calmsea2.png,train,https://www.wga.hu/html/v/velde/willem/calmsea2.html,"VELDE, Willem van de, the Younger",Calm Sea,1653.0,17,Dutch,landscape,Huile,400.0,302.0,1.3245033112582782,0.0066225165562913135,data/raw/images/v/velde/willem/calmsea2.jpg
v__velde__willem__cannonsx,images/v__velde__willem__cannonsx.png,test,https://www.wga.hu/html/v/velde/willem/cannonsx.html,"VELDE, Willem van de, the Younger",The Salute Shot,,17,Dutch,landscape,Huile,400.0,261.0,1.5325670498084292,0.13000000000000012,data/raw/images/v/velde/willem/cannonsx.jpg
v__velde__willem__dutchshi,images/v__velde__willem__dutchshi.png,train,https://www.wga.hu/html/v/velde/willem/dutchshi.html,"VELDE, Willem van de, the Younger",A Dutch Ship at Anchor,1660.0,17,Dutch,landscape,Huile,400.0,296.0,1.3513513513513513,0.013333333333333308,data/raw/images/v/velde/willem/dutchshi.jpg
v__velde__willem__entrance,images/v__velde__willem__entrance.png,test,https://www.wga.hu/html/v/velde/willem/entrance.html,"VELDE, Willem van de, the Younger",Entrance to a Dutch Port,1665.0,17,Dutch,landscape,Huile,400.0,332.0,1.2048192771084338,0.09638554216867457,data/raw/images/v/velde/willem/entrance.jpg
v__velde__willem__goeree,images/v__velde__willem__goeree.png,test,https://www.wga.hu/html/v/velde/willem/goeree.html,"VELDE, Willem van de, the Younger",The Dutch Fleet in the Goeree Straits (Guinea),1664.0,17,Dutch,landscape,Huile,400.0,287.0,1.3937282229965158,0.043333333333333446,data/raw/images/v/velde/willem/goeree.jpg
v__velde__willem__gouden_l,images/v__velde__willem__gouden_l.png,train,https://www.wga.hu/html/v/velde/willem/gouden_l.html,"VELDE, Willem van de, the Younger","The ""Gouden Leeuw"" before Amsterdam",1686.0,17,Dutch,landscape,Huile,400.0,230.0,1.7391304347826086,0.2333333333333334,data/raw/images/v/velde/willem/gouden_l.jpg
v__velde__willem__indiaman,images/v__velde__willem__indiaman.png,train,https://www.wga.hu/html/v/velde/willem/indiaman.html,"VELDE, Willem van de, the Younger",An Indiaman in a Gale off a Rocky Coast,,17,Dutch,landscape,Huile,400.0,311.0,1.2861736334405145,0.03536977491961413,data/raw/images/v/velde/willem/indiaman.jpg
v__velde__willem__kaagsmal,images/v__velde__willem__kaagsmal.png,train,https://www.wga.hu/html/v/velde/willem/kaagsmal.html,"VELDE, Willem van de, the Younger",A Kaag and a Smalschip at Anchor,1662.5,17,Dutch,landscape,Huile,400.0,275.0,1.4545454545454546,0.08333333333333337,data/raw/images/v/velde/willem/kaagsmal.jpg
v__velde__willem__lightair,images/v__velde__willem__lightair.png,train,https://www.wga.hu/html/v/velde/willem/lightair.html,"VELDE, Willem van de, the Younger",A States Yacht and Other Vessels in Light Air,,17,Dutch,landscape,Huile,400.0,282.0,1.4184397163120568,0.06000000000000005,data/raw/images/v/velde/willem/lightair.jpg
v__velde__willem__marine,images/v__velde__willem__marine.png,train,https://www.wga.hu/html/v/velde/willem/marine.html,"VELDE, Willem van de, the Younger",Marine Landscape,1653.0,17,Dutch,landscape,Huile,400.0,302.0,1.3245033112582782,0.0066225165562913135,data/raw/images/v/velde/willem/marine.jpg
v__velde__willem__ships,images/v__velde__willem__ships.png,train,https://www.wga.hu/html/v/velde/willem/ships.html,"VELDE, Willem van de, the Younger",Ships off the Coast,1672.0,17,Dutch,landscape,Huile,400.0,306.0,1.3071895424836601,0.019607843137254832,data/raw/images/v/velde/willem/ships.jpg
v__velde__willem__small1,images/v__velde__willem__small1.png,train,https://www.wga.hu/html/v/velde/willem/small1.html,"VELDE, Willem van de, the Younger",Small Craft in a Calm off the Dutch Coast,1664.5,17,Dutch,landscape,Huile,400.0,291.0,1.3745704467353952,0.030000000000000027,data/raw/images/v/velde/willem/small1.jpg
v__velde__willem__stormy_s,images/v__velde__willem__stormy_s.png,train,https://www.wga.hu/html/v/velde/willem/stormy_s.html,"VELDE, Willem van de, the Younger",Ships on a Stormy Sea,1672.0,17,Dutch,landscape,Huile,400.0,274.0,1.4598540145985401,0.08666666666666667,data/raw/images/v/velde/willem/stormy_s.jpg
v__velde__willem__warships,images/v__velde__willem__warships.png,train,https://www.wga.hu/html/v/velde/willem/warships.html,"VELDE, Willem van de, the Younger",Warships at Amsterdam,1658.0,17,Dutch,landscape,Huile,400.0,343.0,1.1661807580174928,0.12536443148688037,data/raw/images/v/velde/willem/warships.jpg
v__venne__landscap,images/v__venne__landscap.png,train,https://www.wga.hu/html/v/venne/landscap.html,"VENNE, Adriaen Pietersz. van de",Winter Landscape,1615.0,17,Dutch,landscape,Huile,400.0,251.0,1.593625498007968,0.16333333333333333,data/raw/images/v/venne/landscap.jpg
v__venne__seasons1,images/v__venne__seasons1.png,test,https://www.wga.hu/html/v/venne/seasons1.html,"VENNE, Adriaen Pietersz. van de",Summer,1614.0,17,Dutch,landscape,Huile,400.0,252.0,1.5873015873015872,0.16000000000000003,data/raw/images/v/venne/seasons1.jpg
v__venne__seasons2,images/v__venne__seasons2.png,train,https://www.wga.hu/html/v/venne/seasons2.html,"VENNE, Adriaen Pietersz. van de",Winter,1614.0,17,Dutch,landscape,Huile,400.0,251.0,1.593625498007968,0.16333333333333333,data/raw/images/v/venne/seasons2.jpg
v__verboeck__louis__harbour,images/v__verboeck__louis__harbour.png,test,https://www.wga.hu/html/v/verboeck/louis/harbour.html,"VERBOECKHOVEN, Louis-Charles",Harbour by Night,,19,Belgian,landscape,Huile,400.0,294.0,1.3605442176870748,0.020000000000000018,data/raw/images/v/verboeck/louis/harbour.jpg
v__verboom__woodedla,images/v__verboom__woodedla.png,train,https://www.wga.hu/html/v/verboom/woodedla.html,"VERBOOM, Adriaen Hendricksz.",Wooded Landscape,,17,Dutch,landscape,Huile,400.0,327.0,1.2232415902140672,0.0825688073394496,data/raw/images/v/verboom/woodedla.jpg
v__verburgh__rhinela1,images/v__verburgh__rhinela1.png,train,https://www.wga.hu/html/v/verburgh/rhinela1.html,"VERBURGH, Dionijs",Extensive Rhine Landscape,,17,Dutch,landscape,Huile,400.0,289.0,1.3840830449826989,0.036666666666666625,data/raw/images/v/verburgh/rhinela1.jpg
v__verburgh__rhinela2,images/v__verburgh__rhinela2.png,train,https://www.wga.hu/html/v/verburgh/rhinela2.html,"VERBURGH, Dionijs",Extensive Rhine Landscape,,17,Dutch,landscape,Huile,400.0,277.0,1.444043321299639,0.07666666666666677,data/raw/images/v/verburgh/rhinela2.jpg
v__verburgh__townhill,images/v__verburgh__townhill.png,train,https://www.wga.hu/html/v/verburgh/townhill.html,"VERBURGH, Dionijs",Town in a Hilly Landscape,,17,Dutch,landscape,Huile,400.0,333.0,1.2012012012012012,0.09909909909909909,data/raw/images/v/verburgh/townhill.jpg
v__vereshch__petr__talinn,images/v__vereshch__petr__talinn.png,train,https://www.wga.hu/html/v/vereshch/petr/talinn.html,"VERESHCHAGIN, Petr Petrovich","St. Olav's Church, Tallinn",1864.0,19,Russian,landscape,Huile,400.0,301.0,1.3289036544850499,0.0033222591362125353,data/raw/images/v/vereshch/petr/talinn.jpg
v__verhaech__mountlan,images/v__verhaech__mountlan.png,test,https://www.wga.hu/html/v/verhaech/mountlan.html,"VERHAECHT, Tobias",Mountainous Landscape,,17,Flemish,landscape,Huile,400.0,264.0,1.5151515151515151,0.12,data/raw/images/v/verhaech/mountlan.jpg
v__verhaech__patmos,images/v__verhaech__patmos.png,train,https://www.wga.hu/html/v/verhaech/patmos.html,"VERHAECHT, Tobias",Landscape with St John the Evangelist at Patmos,1598.0,17,Flemish,landscape,Huile,400.0,277.0,1.444043321299639,0.07666666666666677,data/raw/images/v/verhaech/patmos.jpg
v__verhaech__river_la,images/v__verhaech__river_la.png,train,https://www.wga.hu/html/v/verhaech/river_la.html,"VERHAECHT, Tobias",Mountainous River Landscape,,17,Flemish,landscape,Huile,400.0,272.0,1.4705882352941178,0.09333333333333349,data/raw/images/v/verhaech/river_la.jpg
v__verheyen__cathedra,images/v__verheyen__cathedra.png,train,https://www.wga.hu/html/v/verheyen/cathedra.html,"VERHEYEN, Jan Hendrik",View of the Choir and Tower of Utrecht Cathedral,1829.0,19,Dutch,landscape,Huile,400.0,316.0,1.2658227848101267,0.050632911392405,data/raw/images/v/verheyen/cathedra.jpg
v__verheyen__market,images/v__verheyen__market.png,train,https://www.wga.hu/html/v/verheyen/market.html,"VERHEYEN, Jan Hendrik",The Market Square and Cathedral in Utrecht,1820.0,19,Dutch,landscape,Huile,400.0,307.0,1.3029315960912051,0.0228013029315961,data/raw/images/v/verheyen/market.jpg
v__vermeerh__elder__viewhaar,images/v__vermeerh__elder__viewhaar.png,train,https://www.wga.hu/html/v/vermeerh/elder/viewhaar.html,"VERMEER VAN HAARLEM, Jan the Elder",View of Haarlem from the Dunes,1664.5,17,Dutch,landscape,Huile,400.0,304.0,1.3157894736842106,0.013157894736842035,data/raw/images/v/vermeerh/elder/viewhaar.jpg
v__vermeerh__younger__woodedla,images/v__vermeerh__younger__woodedla.png,train,https://www.wga.hu/html/v/vermeerh/younger/woodedla.html,"VERMEER VAN HAARLEM, Jan the Younger",Wooded Landscape,,17,Dutch,landscape,Huile,400.0,292.0,1.36986301369863,0.026666666666666616,data/raw/images/v/vermeerh/younger/woodedla.jpg
v__vermeer__02c__13view,images/v__vermeer__02c__13view.png,train,https://www.wga.hu/html/v/vermeer/02c/13view.html,"VERMEER, Johannes",View of Delft,1659.5,17,Dutch,landscape,Huile,400.0,330.0,1.2121212121212122,0.09090909090909083,data/raw/images/v/vermeer/02c/13view.jpg
v__vermeer__02c__13view0,images/v__vermeer__02c__13view0.png,train,https://www.wga.hu/html/v/vermeer/02c/13view0.html,"VERMEER, Johannes",View of Delft,1659.5,17,Dutch,landscape,Huile,400.0,332.0,1.2048192771084338,0.09638554216867457,data/raw/images/v/vermeer/02c/13view0.jpg
v__vermehre__shepherd,images/v__vermehre__shepherd.png,train,https://www.wga.hu/html/v/vermehre/shepherd.html,"VERMEHREN, Frederik",A Jutland Shepherd on the Moors,1855.0,19,Danish,landscape,Huile,400.0,297.0,1.3468013468013469,0.01000000000000012,data/raw/images/v/vermehre/shepherd.jpg
v__vermeule__sledskat,images/v__vermeule__sledskat.png,train,https://www.wga.hu/html/v/vermeule/sledskat.html,"VERMEULEN, Andries",Sled and Skaters on Ice,,18,Dutch,landscape,Huile,400.0,307.0,1.3029315960912051,0.0228013029315961,data/raw/images/v/vermeule/sledskat.jpg
v__vermeule__winter_s,images/v__vermeule__winter_s.png,train,https://www.wga.hu/html/v/vermeule/winter_s.html,"VERMEULEN, Andries",Winter Scene on Ice,1800.0,18,Dutch,landscape,Huile,400.0,324.0,1.2345679012345678,0.07407407407407407,data/raw/images/v/vermeule/winter_s.jpg
v__vermeule__winterla,images/v__vermeule__winterla.png,train,https://www.wga.hu/html/v/vermeule/winterla.html,"VERMEULEN, Andries",Winter Landscape with Skaters and a Tavern,,18,Dutch,landscape,Huile,400.0,276.0,1.4492753623188406,0.08000000000000007,data/raw/images/v/vermeule/winterla.jpg
v__vernet__carle__return,images/v__vernet__carle__return.png,train,https://www.wga.hu/html/v/vernet/carle/return.html,"VERNET, Carle",Return from the Hunt,1828.0,18,French,landscape,Huile,400.0,310.0,1.2903225806451613,0.032258064516129004,data/raw/images/v/vernet/carle/return.jpg
v__vernet__claude__capricci,images/v__vernet__claude__capricci.png,train,https://www.wga.hu/html/v/vernet/claude/capricci.html,"VERNET, Claude-Joseph",Capriccio view of Montferrat,1759.0,18,French,landscape,Huile,400.0,267.0,1.4981273408239701,0.1100000000000001,data/raw/images/v/vernet/claude/capricci.jpg
v__vernet__claude__cascade,images/v__vernet__claude__cascade.png,train,https://www.wga.hu/html/v/vernet/claude/cascade.html,"VERNET, Claude-Joseph",The Cascade,1783.0,18,French,landscape,Huile,400.0,261.0,1.5325670498084292,0.13000000000000012,data/raw/images/v/vernet/claude/cascade.jpg
v__vernet__claude__coastal,images/v__vernet__claude__coastal.png,train,https://www.wga.hu/html/v/vernet/claude/coastal.html,"VERNET, Claude-Joseph",Coastal Landscape,1747.0,18,French,landscape,Huile,400.0,252.0,1.5873015873015872,0.16000000000000003,data/raw/images/v/vernet/claude/coastal.jpg
v__vernet__claude__coastal1,images/v__vernet__claude__coastal1.png,train,https://www.wga.hu/html/v/vernet/claude/coastal1.html,"VERNET, Claude-Joseph",Coastal Scene,1781.0,18,French,landscape,Huile,400.0,298.0,1.342281879194631,0.006666666666666821,data/raw/images/v/vernet/claude/coastal1.jpg
v__vernet__claude__coastal2,images/v__vernet__claude__coastal2.png,train,https://www.wga.hu/html/v/vernet/claude/coastal2.html,"VERNET, Claude-Joseph",Mediterranean Coastal Scene,1765.0,18,French,landscape,Huile,400.0,269.0,1.486988847583643,0.10333333333333328,data/raw/images/v/vernet/claude/coastal2.jpg
v__vernet__claude__coastal3,images/v__vernet__claude__coastal3.png,train,https://www.wga.hu/html/v/vernet/claude/coastal3.html,"VERNET, Claude-Joseph",Coastal Landscape with Fishermen Hauling in their Nets,,18,French,landscape,Huile,400.0,264.0,1.5151515151515151,0.12,data/raw/images/v/vernet/claude/coastal3.jpg
v__vernet__claude__coastal4,images/v__vernet__claude__coastal4.png,train,https://www.wga.hu/html/v/vernet/claude/coastal4.html,"VERNET, Claude-Joseph",Coastal Scene in Moonlight,1769.0,18,French,landscape,Huile,400.0,247.0,1.6194331983805668,0.17666666666666664,data/raw/images/v/vernet/claude/coastal4.jpg
v__vernet__claude__harbour,images/v__vernet__claude__harbour.png,train,https://www.wga.hu/html/v/vernet/claude/harbour.html,"VERNET, Claude-Joseph",Mediterranean Harbour at Sunset,1788.0,18,French,landscape,Huile,400.0,302.0,1.3245033112582782,0.0066225165562913135,data/raw/images/v/vernet/claude/harbour.jpg
v__vernet__claude__islands,images/v__vernet__claude__islands.png,train,https://www.wga.hu/html/v/vernet/claude/islands.html,"VERNET, Claude-Joseph",The Islands of the Archipelago,1751.0,18,French,landscape,Huile,400.0,314.0,1.2738853503184713,0.04458598726114649,data/raw/images/v/vernet/claude/islands.jpg
v__vernet__claude__landbath,images/v__vernet__claude__landbath.png,train,https://www.wga.hu/html/v/vernet/claude/landbath.html,"VERNET, Claude-Joseph",Landscape with Bathers,1783.0,18,French,landscape,Huile,400.0,274.0,1.4598540145985401,0.08666666666666667,data/raw/images/v/vernet/claude/landbath.jpg
v__vernet__claude__ludovisi,images/v__vernet__claude__ludovisi.png,test,https://www.wga.hu/html/v/vernet/claude/ludovisi.html,"VERNET, Claude-Joseph",View in the Park of the Villa Ludovisi in Rome,1749.0,18,French,landscape,Huile,400.0,313.0,1.2779552715654952,0.04153354632587858,data/raw/images/v/vernet/claude/ludovisi.jpg
v__vernet__claude__night,images/v__vernet__claude__night.png,train,https://www.wga.hu/html/v/vernet/claude/night.html,"VERNET, Claude-Joseph",Night: Seaport by Moonlight,1771.0,18,French,landscape,Huile,400.0,232.0,1.7241379310344827,0.22666666666666668,data/raw/images/v/vernet/claude/night.jpg
v__vernet__claude__ponterot,images/v__vernet__claude__ponterot.png,train,https://www.wga.hu/html/v/vernet/claude/ponterot.html,"VERNET, Claude-Joseph","View of the Ponte Rotto, Rome",,18,French,landscape,Huile,400.0,291.0,1.3745704467353952,0.030000000000000027,data/raw/images/v/vernet/claude/ponterot.jpg
v__vernet__claude__portscen,images/v__vernet__claude__portscen.png,train,https://www.wga.hu/html/v/vernet/claude/portscen.html,"VERNET, Claude-Joseph",Mediterranean Port Scene,1771.0,18,French,landscape,Huile,400.0,269.0,1.486988847583643,0.10333333333333328,data/raw/images/v/vernet/claude/portscen.jpg
v__vernet__claude__rainbow,images/v__vernet__claude__rainbow.png,train,https://www.wga.hu/html/v/vernet/claude/rainbow.html,"VERNET, Claude-Joseph",Coastal View with a Rainbow,1749.0,18,French,landscape,Huile,400.0,278.0,1.4388489208633093,0.07333333333333336,data/raw/images/v/vernet/claude/rainbow.jpg
v__vernet__claude__river_la,images/v__vernet__claude__river_la.png,train,https://www.wga.hu/html/v/vernet/claude/river_la.html,"VERNET, Claude-Joseph",Mountainous River Landscape,1780.0,18,French,landscape,Huile,400.0,306.0,1.3071895424836601,0.019607843137254832,data/raw/images/v/vernet/claude/river_la.jpg
v__vernet__claude__riverlan,images/v__vernet__claude__riverlan.png,train,https://www.wga.hu/html/v/vernet/claude/riverlan.html,"VERNET, Claude-Joseph",Italianate River Landscape,1753.0,18,French,landscape,Huile,400.0,241.0,1.6597510373443984,0.19666666666666677,data/raw/images/v/vernet/claude/riverlan.jpg
v__vernet__claude__rockshor,images/v__vernet__claude__rockshor.png,train,https://www.wga.hu/html/v/vernet/claude/rockshor.html,"VERNET, Claude-Joseph",Rocks on a Seashore,1753.0,18,French,landscape,Huile,400.0,313.0,1.2779552715654952,0.04153354632587858,data/raw/images/v/vernet/claude/rockshor.jpg
v__vernet__claude__seashore,images/v__vernet__claude__seashore.png,train,https://www.wga.hu/html/v/vernet/claude/seashore.html,"VERNET, Claude-Joseph",A Seashore,1776.0,18,French,landscape,Huile,400.0,296.0,1.3513513513513513,0.013333333333333308,data/raw/images/v/vernet/claude/seashore.jpg
v__vernet__claude__seaside,images/v__vernet__claude__seaside.png,train,https://www.wga.hu/html/v/vernet/claude/seaside.html,"VERNET, Claude-Joseph",Girls Bathing at the Seaside,1761.0,18,French,landscape,Huile,400.0,264.0,1.5151515151515151,0.12,data/raw/images/v/vernet/claude/seaside.jpg
v__vernet__claude__seastorm,images/v__vernet__claude__seastorm.png,train,https://www.wga.hu/html/v/vernet/claude/seastorm.html,"VERNET, Claude-Joseph",Nocturnal Seastorm,1752.0,18,French,landscape,Huile,400.0,288.0,1.3888888888888888,0.040000000000000036,data/raw/images/v/vernet/claude/seastorm.jpg
v__vernet__claude__shipwrec,images/v__vernet__claude__shipwrec.png,test,https://www.wga.hu/html/v/vernet/claude/shipwrec.html,"VERNET, Claude-Joseph",Shipwreck,1759.0,18,French,landscape,Huile,400.0,296.0,1.3513513513513513,0.013333333333333308,data/raw/images/v/vernet/claude/shipwrec.jpg
v__vernet__claude__shipwrek,images/v__vernet__claude__shipwrek.png,test,https://www.wga.hu/html/v/vernet/claude/shipwrek.html,"VERNET, Claude-Joseph",Shipwreck,1763.0,18,French,landscape,Huile,400.0,318.0,1.2578616352201257,0.05660377358490565,data/raw/images/v/vernet/claude/shipwrek.jpg
v__vernet__claude__shipwrex,images/v__vernet__claude__shipwrex.png,train,https://www.wga.hu/html/v/vernet/claude/shipwrex.html,"VERNET, Claude-Joseph",The Shipwreck,1772.0,18,French,landscape,Huile,400.0,273.0,1.465201465201465,0.08999999999999997,data/raw/images/v/vernet/claude/shipwrex.jpg
v__vernet__claude__sunrise,images/v__vernet__claude__sunrise.png,test,https://www.wga.hu/html/v/vernet/claude/sunrise.html,"VERNET, Claude-Joseph",Sunrise: The Fishermen's Departure,1747.0,18,French,landscape,Huile,400.0,287.0,1.3937282229965158,0.043333333333333446,data/raw/images/v/vernet/claude/sunrise.jpg
v__vernet__claude__sunrise1,images/v__vernet__claude__sunrise1.png,train,https://www.wga.hu/html/v/vernet/claude/sunrise1.html,"VERNET, Claude-Joseph",Italian Harbour Scene,1747.0,18,French,landscape,Huile,400.0,282.0,1.4184397163120568,0.06000000000000005,data/raw/images/v/vernet/claude/sunrise1.jpg
v__vernet__claude__toulon,images/v__vernet__claude__toulon.png,train,https://www.wga.hu/html/v/vernet/claude/toulon.html,"VERNET, Claude-Joseph",The Town and Harbour of Toulon,1756.0,18,French,landscape,Huile,400.0,232.0,1.7241379310344827,0.22666666666666668,data/raw/images/v/vernet/claude/toulon.jpg
v__vernet__claude__view1,images/v__vernet__claude__view1.png,train,https://www.wga.hu/html/v/vernet/claude/view1.html,"VERNET, Claude-Joseph","""Le Soir""",1752.0,18,French,landscape,Huile,400.0,293.0,1.3651877133105803,0.023333333333333428,data/raw/images/v/vernet/claude/view1.jpg
v__vernet__claude__view2,images/v__vernet__claude__view2.png,train,https://www.wga.hu/html/v/vernet/claude/view2.html,"VERNET, Claude-Joseph","""Clair de Lune""",1752.0,18,French,landscape,Huile,400.0,296.0,1.3513513513513513,0.013333333333333308,data/raw/images/v/vernet/claude/view2.jpg
v__vernet__horace__hunting1,images/v__vernet__horace__hunting1.png,train,https://www.wga.hu/html/v/vernet/horace/hunting1.html,"VERNET, Horace",Hunting Scene,1835.0,19,French,landscape,Huile,400.0,316.0,1.2658227848101267,0.050632911392405,data/raw/images/v/vernet/horace/hunting1.jpg
v__verstapp__monaster,images/v__verstapp__monaster.png,train,https://www.wga.hu/html/v/verstapp/monaster.html,"VERSTAPPEN, Martin",View of a Monastery in the Roman Countryside,1819.0,19,Belgian,landscape,Huile,400.0,284.0,1.408450704225352,0.053333333333333344,data/raw/images/v/verstapp/monaster.jpg
v__verstrae__winter2,images/v__verstrae__winter2.png,train,https://www.wga.hu/html/v/verstrae/winter2.html,"VERSTRAELEN, Anthonie",Winter Landscape,1623.0,17,Dutch,landscape,Huile,400.0,243.0,1.646090534979424,0.19000000000000006,data/raw/images/v/verstrae/winter2.jpg
v__vervloet__istanbul,images/v__vervloet__istanbul.png,train,https://www.wga.hu/html/v/vervloet/istanbul.html,"VERVLOET, Frans",View of Istanbul,1863.0,19,Belgian,landscape,Huile,400.0,262.0,1.5267175572519085,0.12666666666666682,data/raw/images/v/vervloet/istanbul.jpg
v__vervloet__venice1,images/v__vervloet__venice1.png,train,https://www.wga.hu/html/v/vervloet/venice1.html,"VERVLOET, Frans","View of Piazza San Marco, Venice",1830.0,19,Belgian,landscape,Huile,400.0,302.0,1.3245033112582782,0.0066225165562913135,data/raw/images/v/vervloet/venice1.jpg
v__vervloet__venice2,images/v__vervloet__venice2.png,train,https://www.wga.hu/html/v/vervloet/venice2.html,"VERVLOET, Frans","View of the Palazzo Ducale and the Riva degli Schiavoni, Venice",1830.0,19,Belgian,landscape,Huile,400.0,278.0,1.4388489208633093,0.07333333333333336,data/raw/images/v/vervloet/venice2.jpg
v__verwer__justus__estuary,images/v__verwer__justus__estuary.png,train,https://www.wga.hu/html/v/verwer/justus/estuary.html,"VERWER, Justus de",River Estuary,,17,Dutch,landscape,Huile,400.0,250.0,1.6,0.16666666666666674,data/raw/images/v/verwer/justus/estuary.jpg
v__victors__ferry_bo,images/v__victors__ferry_bo.png,train,https://www.wga.hu/html/v/victors/ferry_bo.html,"VICTORS, Jan",Ferryboat,1664.5,17,Dutch,landscape,Huile,400.0,286.0,1.3986013986013985,0.046666666666666634,data/raw/images/v/victors/ferry_bo.jpg
v__victors__townfolk,images/v__victors__townfolk.png,test,https://www.wga.hu/html/v/victors/townfolk.html,"VICTORS, Jan",Town Folk Coming to the Country,,17,Dutch,landscape,Huile,400.0,248.0,1.6129032258064515,0.17333333333333334,data/raw/images/v/victors/townfolk.jpg
v__vignon_v__crossroa,images/v__vignon_v__crossroa.png,test,https://www.wga.hu/html/v/vignon_v/crossroa.html,"VIGNON, Victor Alfred Paul",The Crossroads,,19,French,landscape,Huile,400.0,275.0,1.4545454545454546,0.08333333333333337,data/raw/images/v/vignon_v/crossroa.jpg
v__vignon_v__thehills,images/v__vignon_v__thehills.png,train,https://www.wga.hu/html/v/vignon_v/thehills.html,"VIGNON, Victor Alfred Paul",The Hills at Triel,1881.0,19,French,landscape,Huile,400.0,325.0,1.2307692307692308,0.07692307692307687,data/raw/images/v/vignon_v/thehills.jpg
v__vinckboo__ambush,images/v__vinckboo__ambush.png,train,https://www.wga.hu/html/v/vinckboo/ambush.html,"VINCKBOONS, David",An Officer Preparing His Troops for an Ambush,1612.0,17,Flemish,landscape,Huile,400.0,286.0,1.3986013986013985,0.046666666666666634,data/raw/images/v/vinckboo/ambush.jpg
v__vinckboo__extensiv,images/v__vinckboo__extensiv.png,train,https://www.wga.hu/html/v/vinckboo/extensiv.html,"VINCKBOONS, David",Extensive Landscape,,17,Flemish,landscape,Huile,400.0,239.0,1.6736401673640167,0.20333333333333337,data/raw/images/v/vinckboo/extensiv.jpg
v__vinckboo__forest1,images/v__vinckboo__forest1.png,train,https://www.wga.hu/html/v/vinckboo/forest1.html,"VINCKBOONS, David",Forest Landscape with Two of Christ's Miracles,1605.0,17,Flemish,landscape,Huile,400.0,242.0,1.6528925619834711,0.19333333333333336,data/raw/images/v/vinckboo/forest1.jpg
v__vinckboo__forestsc,images/v__vinckboo__forestsc.png,train,https://www.wga.hu/html/v/vinckboo/forestsc.html,"VINCKBOONS, David",Forest Scene with Robbery,,17,Flemish,landscape,Huile,400.0,241.0,1.6597510373443984,0.19666666666666677,data/raw/images/v/vinckboo/forestsc.jpg
v__viola__landrive,images/v__viola__landrive.png,train,https://www.wga.hu/html/v/viola/landrive.html,"VIOLA, Giovan Battista",Landscape with a River,1604.5,17,Italian,landscape,Huile,400.0,302.0,1.3245033112582782,0.0066225165562913135,data/raw/images/v/viola/landrive.jpg
v__viola__landscap,images/v__viola__landscap.png,train,https://www.wga.hu/html/v/viola/landscap.html,"VIOLA, Giovan Battista",Landscape with a Devotional Image,1603.0,17,Italian,landscape,Huile,400.0,323.0,1.238390092879257,0.07120743034055721,data/raw/images/v/viola/landscap.jpg
v__visentin__w_women,images/v__visentin__w_women.png,train,https://www.wga.hu/html/v/visentin/w_women.html,"VISENTINI, Antonio",Washerwomen,1739.5,18,Italian,landscape,Huile,400.0,254.0,1.5748031496062993,0.15333333333333343,data/raw/images/v/visentin/w_women.jpg
v__vitringa__choppy,images/v__vitringa__choppy.png,train,https://www.wga.hu/html/v/vitringa/choppy.html,"VITRINGA, Wigerus",Ships in Choppy Seas,,17,Dutch,landscape,Huile,400.0,310.0,1.2903225806451613,0.032258064516129004,data/raw/images/v/vitringa/choppy.jpg
v__vitringa__dutch_ya,images/v__vitringa__dutch_ya.png,train,https://www.wga.hu/html/v/vitringa/dutch_ya.html,"VITRINGA, Wigerus",Dutch Yacht and Other Ships,,17,Dutch,landscape,Huile,400.0,280.0,1.4285714285714286,0.06666666666666676,data/raw/images/v/vitringa/dutch_ya.jpg
v__vlieger__beach_s,images/v__vlieger__beach_s.png,train,https://www.wga.hu/html/v/vlieger/beach_s.html,"VLIEGER, Simon de",Beach near Scheveningen with Fish-Sellers,1643.0,17,Dutch,landscape,Huile,400.0,258.0,1.550387596899225,0.14000000000000012,data/raw/images/v/vlieger/beach_s.jpg
v__vlieger__calm_sea,images/v__vlieger__calm_sea.png,train,https://www.wga.hu/html/v/vlieger/calm_sea.html,"VLIEGER, Simon de",Calm Sea,1647.5,17,Dutch,landscape,Huile,400.0,330.0,1.2121212121212122,0.09090909090909083,data/raw/images/v/vlieger/calm_sea.jpg
v__vlieger__coastals,images/v__vlieger__coastals.png,train,https://www.wga.hu/html/v/vlieger/coastals.html,"VLIEGER, Simon de",Coastal Scene,,17,Dutch,landscape,Huile,400.0,306.0,1.3071895424836601,0.019607843137254832,data/raw/images/v/vlieger/coastals.jpg
v__vlieger__estuary,images/v__vlieger__estuary.png,train,https://www.wga.hu/html/v/vlieger/estuary.html,"VLIEGER, Simon de",Estuary Scene,1624.5,17,Dutch,landscape,Huile,400.0,262.0,1.5267175572519085,0.12666666666666682,data/raw/images/v/vlieger/estuary.jpg
v__vlieger__estuary1,images/v__vlieger__estuary1.png,train,https://www.wga.hu/html/v/vlieger/estuary1.html,"VLIEGER, Simon de",An Estuary Scene,1643.0,17,Dutch,landscape,Huile,400.0,305.0,1.3114754098360655,0.016393442622950838,data/raw/images/v/vlieger/estuary1.jpg
v__vlieger__estuary2,images/v__vlieger__estuary2.png,train,https://www.wga.hu/html/v/vlieger/estuary2.html,"VLIEGER, Simon de",Calm Estuary at Dawn,1632.5,17,Dutch,landscape,Huile,400.0,260.0,1.5384615384615385,0.13333333333333341,data/raw/images/v/vlieger/estuary2.jpg
v__vlieger__manofwar,images/v__vlieger__manofwar.png,train,https://www.wga.hu/html/v/vlieger/manofwar.html,"VLIEGER, Simon de",A Dutch Man-of-War and Various Vessels in a Breeze,1642.0,17,Dutch,landscape,Huile,400.0,302.0,1.3245033112582782,0.0066225165562913135,data/raw/images/v/vlieger/manofwar.jpg
v__vlieger__seascape,images/v__vlieger__seascape.png,train,https://www.wga.hu/html/v/vlieger/seascape.html,"VLIEGER, Simon de",Seascape in the Morning,1642.5,17,Dutch,landscape,Huile,400.0,246.0,1.6260162601626016,0.18000000000000005,data/raw/images/v/vlieger/seascape.jpg
v__vlieger__seashore,images/v__vlieger__seashore.png,train,https://www.wga.hu/html/v/vlieger/seashore.html,"VLIEGER, Simon de",Seashore,1634.5,17,Dutch,landscape,Huile,400.0,385.0,1.0389610389610389,0.22077922077922085,data/raw/images/v/vlieger/seashore.jpg
v__vlieger__visit,images/v__vlieger__visit.png,test,https://www.wga.hu/html/v/vlieger/visit.html,"VLIEGER, Simon de",Visit of Frederick Hendriks II to Dordrecht in 1646,1649.0,17,Dutch,landscape,Huile,400.0,293.0,1.3651877133105803,0.023333333333333428,data/raw/images/v/vlieger/visit.jpg
v__vogler__porteden,images/v__vogler__porteden.png,train,https://www.wga.hu/html/v/vogler/porteden.html,"VOGLER, Paul",The Porte Saint-Denis,,19,French,landscape,Huile,400.0,280.0,1.4285714285714286,0.06666666666666676,data/raw/images/v/vogler/porteden.jpg
v__vois__river_la,images/v__vois__river_la.png,train,https://www.wga.hu/html/v/vois/river_la.html,"VOIS, Arie de",River Landscape,,17,Dutch,landscape,Huile,400.0,342.0,1.1695906432748537,0.1228070175438597,data/raw/images/v/vois/river_la.jpg
v__volaire__coastal,images/v__volaire__coastal.png,train,https://www.wga.hu/html/v/volaire/coastal.html,"VOLAIRE, Pierre-Jacques",Mediterranean Coastal Scene,1767.5,18,French,landscape,Huile,400.0,277.0,1.444043321299639,0.07666666666666677,data/raw/images/v/volaire/coastal.jpg
v__volaire__eruption,images/v__volaire__eruption.png,train,https://www.wga.hu/html/v/volaire/eruption.html,"VOLAIRE, Pierre-Jacques",View of the Eruption of Mount Vesuvius,1774.5,18,French,landscape,Huile,400.0,288.0,1.3888888888888888,0.040000000000000036,data/raw/images/v/volaire/eruption.jpg
v__volaire__moonlit,images/v__volaire__moonlit.png,train,https://www.wga.hu/html/v/volaire/moonlit.html,"VOLAIRE, Pierre-Jacques",Moonlit River Landscape,,18,French,landscape,Huile,400.0,295.0,1.3559322033898304,0.01666666666666672,data/raw/images/v/volaire/moonlit.jpg
v__volaire__seascap1,images/v__volaire__seascap1.png,train,https://www.wga.hu/html/v/volaire/seascap1.html,"VOLAIRE, Pierre-Jacques",Seascape with Fisherman on a Rocky Shore,1774.0,18,French,landscape,Techniques sur papier,400.0,335.0,1.1940298507462686,0.10447761194029859,data/raw/images/v/volaire/seascap1.jpg
v__volaire__seascap2,images/v__volaire__seascap2.png,test,https://www.wga.hu/html/v/volaire/seascap2.html,"VOLAIRE, Pierre-Jacques",Ship-Wreck,1774.0,18,French,landscape,Techniques sur papier,400.0,325.0,1.2307692307692308,0.07692307692307687,data/raw/images/v/volaire/seascap2.jpg
v__vollerdt__idealand,images/v__vollerdt__idealand.png,test,https://www.wga.hu/html/v/vollerdt/idealand.html,"VOLLERDT, Johann Christian",Ideal Italianate Landscape,1760.0,18,German,landscape,Huile,400.0,318.0,1.2578616352201257,0.05660377358490565,data/raw/images/v/vollerdt/idealand.jpg
v__vollerdt__winterla,images/v__vollerdt__winterla.png,train,https://www.wga.hu/html/v/vollerdt/winterla.html,"VOLLERDT, Johann Christian",Winter Landscape,1750.0,18,German,landscape,Huile,400.0,313.0,1.2779552715654952,0.04153354632587858,data/raw/images/v/vollerdt/winterla.jpg
v__vollon__vollon1,images/v__vollon__vollon1.png,train,https://www.wga.hu/html/v/vollon/vollon1.html,"VOLLON, Antoine",View of Rouen,,19,French,landscape,Huile,400.0,319.0,1.2539184952978057,0.059561128526645635,data/raw/images/v/vollon/vollon1.jpg
v__vollon__vollon3,images/v__vollon__vollon3.png,train,https://www.wga.hu/html/v/vollon/vollon3.html,"VOLLON, Antoine",Corner of Louvre,,19,French,landscape,Huile,400.0,321.0,1.2461059190031152,0.06542056074766356,data/raw/images/v/vollon/vollon3.jpg
v__vollon__vollon6,images/v__vollon__vollon6.png,train,https://www.wga.hu/html/v/vollon/vollon6.html,"VOLLON, Antoine",Meadows and Low Hills,1868.0,19,French,landscape,Huile,400.0,238.0,1.680672268907563,0.20666666666666678,data/raw/images/v/vollon/vollon6.jpg
v__vonnoh__poppies,images/v__vonnoh__poppies.png,train,https://www.wga.hu/html/v/vonnoh/poppies.html,"VONNOH, Robert William",Poppies,1888.0,19,American,landscape,Huile,400.0,289.0,1.3840830449826989,0.036666666666666625,data/raw/images/v/vonnoh/poppies.jpg
v__voogd__campagna,images/v__voogd__campagna.png,train,https://www.wga.hu/html/v/voogd/campagna.html,"VOOGD, Hendrik",View of the Roman Campagna,1814.0,18,Dutch,landscape,Huile,400.0,280.0,1.4285714285714286,0.06666666666666676,data/raw/images/v/voogd/campagna.jpg
v__vos__paul__bearhunt,images/v__vos__paul__bearhunt.png,train,https://www.wga.hu/html/v/vos/paul/bearhunt.html,"VOS, Paul de",Bear Hunt,1634.5,17,Flemish,landscape,Huile,400.0,235.0,1.702127659574468,0.21666666666666667,data/raw/images/v/vos/paul/bearhunt.jpg
v__vos__paul__leophunt,images/v__vos__paul__leophunt.png,train,https://www.wga.hu/html/v/vos/paul/leophunt.html,"VOS, Paul de",The Leopard Hunt,1634.5,17,Flemish,landscape,Huile,400.0,232.0,1.7241379310344827,0.22666666666666668,data/raw/images/v/vos/paul/leophunt.jpg
v__vosmaer__daniel__harbour,images/v__vosmaer__daniel__harbour.png,train,https://www.wga.hu/html/v/vosmaer/daniel/harbour.html,"VOSMAER, Daniel",The Harbour of Delft,1659.0,17,Dutch,landscape,Huile,400.0,344.0,1.1627906976744187,0.12790697674418594,data/raw/images/v/vosmaer/daniel/harbour.jpg
v__vosmaer__daniel__viewdel,images/v__vosmaer__daniel__viewdel.png,train,https://www.wga.hu/html/v/vosmaer/daniel/viewdel.html,"VOSMAER, Daniel",A View of Delft through an Imaginary Loggia,1663.0,17,Dutch,landscape,Huile,400.0,312.0,1.2820512820512822,0.038461538461538325,data/raw/images/v/vosmaer/daniel/viewdel.jpg
v__vrancx__ambush,images/v__vrancx__ambush.png,test,https://www.wga.hu/html/v/vrancx/ambush.html,"VRANCX, Sebastian",Ambush,1630.0,17,Flemish,landscape,Huile,400.0,275.0,1.4545454545454546,0.08333333333333337,data/raw/images/v/vrancx/ambush.jpg
v__vrancx__attack,images/v__vrancx__attack.png,test,https://www.wga.hu/html/v/vrancx/attack.html,"VRANCX, Sebastian",Attack of Robbers,1614.5,17,Flemish,landscape,Huile,400.0,231.0,1.7316017316017316,0.22999999999999998,data/raw/images/v/vrancx/attack.jpg
v__vrancx__deerhunt,images/v__vrancx__deerhunt.png,test,https://www.wga.hu/html/v/vrancx/deerhunt.html,"VRANCX, Sebastian",Landscape with a Deer Hunt,1595.0,17,Flemish,landscape,Huile,400.0,307.0,1.3029315960912051,0.0228013029315961,data/raw/images/v/vrancx/deerhunt.jpg
v__vrancx__harvest,images/v__vrancx__harvest.png,train,https://www.wga.hu/html/v/vrancx/harvest.html,"VRANCX, Sebastian",Harvest,,17,Flemish,landscape,Huile,400.0,290.0,1.3793103448275863,0.03333333333333344,data/raw/images/v/vrancx/harvest.jpg
v__vrancx__land_fig,images/v__vrancx__land_fig.png,train,https://www.wga.hu/html/v/vrancx/land_fig.html,"VRANCX, Sebastian",Landscape with Figures Duck Flighting,,17,Flemish,landscape,Huile,400.0,311.0,1.2861736334405145,0.03536977491961413,data/raw/images/v/vrancx/land_fig.jpg
v__vrancx__landconv,images/v__vrancx__landconv.png,train,https://www.wga.hu/html/v/vrancx/landconv.html,"VRANCX, Sebastian",Landscape with a Convoy,,17,Flemish,landscape,Huile,400.0,275.0,1.4545454545454546,0.08333333333333337,data/raw/images/v/vrancx/landconv.jpg
v__vrancx__landhors,images/v__vrancx__landhors.png,train,https://www.wga.hu/html/v/vrancx/landhors.html,"VRANCX, Sebastian",Landscape with Horsemen at Rest,,17,Flemish,landscape,Huile,400.0,285.0,1.4035087719298245,0.050000000000000044,data/raw/images/v/vrancx/landhors.jpg
v__vrancx__market,images/v__vrancx__market.png,train,https://www.wga.hu/html/v/vrancx/market.html,"VRANCX, Sebastian","Autumn, Market Scene in the Heart of a Village",1621.0,17,Flemish,landscape,Huile,400.0,313.0,1.2779552715654952,0.04153354632587858,data/raw/images/v/vrancx/market.jpg
v__vredeman__father__archland,images/v__vredeman__father__archland.png,test,https://www.wga.hu/html/v/vredeman/father/archland.html,"VREDEMAN DE VRIES, Hans",Architectural Landscape,,16,Dutch,landscape,Huile,400.0,327.0,1.2232415902140672,0.0825688073394496,data/raw/images/v/vredeman/father/archland.jpg
v__vredeman__father__palace2,images/v__vredeman__father__palace2.png,train,https://www.wga.hu/html/v/vredeman/father/palace2.html,"VREDEMAN DE VRIES, Hans",Architectural Caprice with Figures,1568.0,16,Dutch,landscape,Huile,400.0,286.0,1.3986013986013985,0.046666666666666634,data/raw/images/v/vredeman/father/palace2.jpg
v__vree__statue_p,images/v__vree__statue_p.png,train,https://www.wga.hu/html/v/vree/statue_p.html,"VREE, Nicolaes de",Statue in a Park,1677.0,17,Dutch,landscape,Huile,400.0,290.0,1.3793103448275863,0.03333333333333344,data/raw/images/v/vree/statue_p.jpg
v__vries_r__landsfig,images/v__vries_r__landsfig.png,train,https://www.wga.hu/html/v/vries_r/landsfig.html,"VRIES, Roelof van",Landscape with a Figure,,17,Dutch,landscape,Huile,400.0,257.0,1.556420233463035,0.14333333333333342,data/raw/images/v/vries_r/landsfig.jpg
v__vries_r__village,images/v__vries_r__village.png,train,https://www.wga.hu/html/v/vries_r/village.html,"VRIES, Roelof van",View of a Village,,17,Dutch,landscape,Huile,400.0,324.0,1.2345679012345678,0.07407407407407407,data/raw/images/v/vries_r/village.jpg
v__vroom__cornelis__drovers,images/v__vroom__cornelis__drovers.png,train,https://www.wga.hu/html/v/vroom/cornelis/drovers.html,"VROOM, Cornelis Hendricksz. the Younger",Drovers with their Animals,1646.0,17,Dutch,landscape,Huile,400.0,292.0,1.36986301369863,0.026666666666666616,data/raw/images/v/vroom/cornelis/drovers.jpg
v__vroom__cornelis__estuary,images/v__vroom__cornelis__estuary.png,train,https://www.wga.hu/html/v/vroom/cornelis/estuary.html,"VROOM, Cornelis Hendricksz. the Younger",Landscape with Estuary,1638.0,17,Dutch,landscape,Huile,400.0,279.0,1.4336917562724014,0.07000000000000006,data/raw/images/v/vroom/cornelis/estuary.jpg
v__vroom__cornelis__oak_wood,images/v__vroom__cornelis__oak_wood.png,train,https://www.wga.hu/html/v/vroom/cornelis/oak_wood.html,"VROOM, Cornelis Hendricksz. the Younger",Oak Wood with Stagnant Water,1651.0,17,Dutch,landscape,Huile,400.0,335.0,1.1940298507462686,0.10447761194029859,data/raw/images/v/vroom/cornelis/oak_wood.jpg
v__vroom__cornelis__pastoral,images/v__vroom__cornelis__pastoral.png,train,https://www.wga.hu/html/v/vroom/cornelis/pastoral.html,"VROOM, Cornelis Hendricksz. the Younger",Pastoral Landscape,1650.0,17,Dutch,landscape,Huile,400.0,320.0,1.25,0.0625,data/raw/images/v/vroom/cornelis/pastoral.jpg
v__vroom__hendrick__ramming,images/v__vroom__hendrick__ramming.png,test,https://www.wga.hu/html/v/vroom/hendrick/ramming.html,"VROOM, Hendrick Cornelisz.",Dutch Ships Ramming Spanish Galleys off the Flemish Coast in October 1602,1617.0,17,Dutch,landscape,Huile,400.0,311.0,1.2861736334405145,0.03536977491961413,data/raw/images/v/vroom/hendrick/ramming.jpg
w__wael__campruin,images/w__wael__campruin.png,train,https://www.wga.hu/html/w/wael/campruin.html,"WAEL, Cornelis de",A Camp by the Ruins,1644.5,17,Flemish,landscape,Huile,400.0,278.0,1.4388489208633093,0.07333333333333336,data/raw/images/w/wael/campruin.jpg
w__wael__ruins,images/w__wael__ruins.png,train,https://www.wga.hu/html/w/wael/ruins.html,"WAEL, Cornelis de",Bamboccianti Ruins,,17,Flemish,landscape,Huile,400.0,252.0,1.5873015873015872,0.16000000000000003,data/raw/images/w/wael/ruins.jpg
w__waldmull__wienerwa,images/w__waldmull__wienerwa.png,train,https://www.wga.hu/html/w/waldmull/wienerwa.html,"WALDMÜLLER, Fedinand Georg",Early Spring in the Wienerwald,1864.0,19,Austrian,landscape,Huile,400.0,314.0,1.2738853503184713,0.04458598726114649,data/raw/images/w/waldmull/wienerwa.jpg
w__wals__landherd,images/w__wals__landherd.png,train,https://www.wga.hu/html/w/wals/landherd.html,"WALS, Goffredo",Landscape with a Herdsman,,17,German,landscape,Huile,400.0,333.0,1.2012012012012012,0.09909909909909909,data/raw/images/w/wals/landherd.jpg
w__ward__gordale,images/w__ward__gordale.png,train,https://www.wga.hu/html/w/ward/gordale.html,"WARD, James",Gordale Scar,1812.0,19,English,landscape,Huile,400.0,316.0,1.2658227848101267,0.050632911392405,data/raw/images/w/ward/gordale.jpg
w__waterloo__farmstea,images/w__waterloo__farmstea.png,test,https://www.wga.hu/html/w/waterloo/farmstea.html,"WATERLOO, Anthonie",Farmstead on a Woodland Path,,17,Dutch,landscape,Huile,400.0,350.0,1.1428571428571428,0.1428571428571429,data/raw/images/w/waterloo/farmstea.jpg
w__watteau__antoine__1__03crozat,images/w__watteau__antoine__1__03crozat.png,train,https://www.wga.hu/html/w/watteau/antoine/1/03crozat.html,"WATTEAU, Jean-Antoine",La Perspective (View through the Trees in the Park of Pierre Crozat),1715.0,18,French,landscape,Huile,400.0,335.0,1.1940298507462686,0.10447761194029859,data/raw/images/w/watteau/antoine/1/03crozat.jpg
w__watteau__louis__thestorm,images/w__watteau__louis__thestorm.png,train,https://www.wga.hu/html/w/watteau/louis/thestorm.html,"WATTEAU, Louis-Joseph",The Storm,,18,French,landscape,Huile,400.0,279.0,1.4336917562724014,0.07000000000000006,data/raw/images/w/watteau/louis/thestorm.jpg
w__watts__riverlan,images/w__watts__riverlan.png,train,https://www.wga.hu/html/w/watts/riverlan.html,"WATTS, Frederick Waters",River Landscape,,19,English,landscape,Huile,400.0,283.0,1.4134275618374559,0.056666666666666754,data/raw/images/w/watts/riverlan.jpg
w__webb__cologne,images/w__webb__cologne.png,test,https://www.wga.hu/html/w/webb/cologne.html,"WEBB, James",Cologne Cathedral,1869.0,19,English,landscape,Huile,400.0,264.0,1.5151515151515151,0.12,data/raw/images/w/webb/cologne.jpg
w__webb__norfolk,images/w__webb__norfolk.png,train,https://www.wga.hu/html/w/webb/norfolk.html,"WEBB, James",A Barge in a Norfolk Landscape,1859.0,19,English,landscape,Huile,400.0,260.0,1.5384615384615385,0.13333333333333341,data/raw/images/w/webb/norfolk.jpg
w__webb__quieteve,images/w__webb__quieteve.png,train,https://www.wga.hu/html/w/webb/quieteve.html,"WEBB, James",A Quiet Evening,,19,English,landscape,Huile,400.0,270.0,1.4814814814814814,0.09999999999999998,data/raw/images/w/webb/quieteve.jpg
w__weber__scene,images/w__weber__scene.png,train,https://www.wga.hu/html/w/weber/scene.html,"WEBER, Henrik",Romantic Scene,1851.0,19,Hungarian,landscape,Huile,400.0,325.0,1.2307692307692308,0.07692307692307687,data/raw/images/w/weber/scene.jpg
w__weenix__jan_son__aseaport,images/w__weenix__jan_son__aseaport.png,train,https://www.wga.hu/html/w/weenix/jan_son/aseaport.html,"WEENIX, Jan",An Italian Seaport,1666.0,17,Dutch,landscape,Huile,400.0,284.0,1.408450704225352,0.053333333333333344,data/raw/images/w/weenix/jan_son/aseaport.jpg
w__weenix__jan_son__italland,images/w__weenix__jan_son__italland.png,train,https://www.wga.hu/html/w/weenix/jan_son/italland.html,"WEENIX, Jan",Italianate Landscape,1659.5,17,Dutch,landscape,Huile,400.0,288.0,1.3888888888888888,0.040000000000000036,data/raw/images/w/weenix/jan_son/italland.jpg
w__weenix__jan_fath__oriental,images/w__weenix__jan_fath__oriental.png,test,https://www.wga.hu/html/w/weenix/jan_fath/oriental.html,"WEENIX, Jan Baptist",Departure of an Oriental Entourage,1648.5,17,Dutch,landscape,Huile,400.0,273.0,1.465201465201465,0.08999999999999997,data/raw/images/w/weenix/jan_fath/oriental.jpg
w__weenix__jan_fath__the_ford,images/w__weenix__jan_fath__the_ford.png,train,https://www.wga.hu/html/w/weenix/jan_fath/the_ford.html,"WEENIX, Jan Baptist",The Ford in the River,1647.0,17,Dutch,landscape,Huile,400.0,298.0,1.342281879194631,0.006666666666666821,data/raw/images/w/weenix/jan_fath/the_ford.jpg
w__weir__bridge,images/w__weir__bridge.png,train,https://www.wga.hu/html/w/weir/bridge.html,"WEIR, Julian Alden",The Red Bridge,1895.0,19,American,landscape,Huile,400.0,283.0,1.4134275618374559,0.056666666666666754,data/raw/images/w/weir/bridge.jpg
w__weir__midday,images/w__weir__midday.png,train,https://www.wga.hu/html/w/weir/midday.html,"WEIR, Julian Alden",Midday Rest in New England,1897.0,19,American,landscape,Huile,400.0,314.0,1.2738853503184713,0.04458598726114649,data/raw/images/w/weir/midday.jpg
w__weissenb__haarlem,images/w__weissenb__haarlem.png,train,https://www.wga.hu/html/w/weissenb/haarlem.html,"WEISSENBRUCH, Jan Hendrik",View of Haarlem,,19,Dutch,landscape,Huile,400.0,281.0,1.4234875444839858,0.06333333333333346,data/raw/images/w/weissenb/haarlem.jpg
w__werenski__autumn,images/w__werenski__autumn.png,train,https://www.wga.hu/html/w/werenski/autumn.html,"WERENSKIOLD, Erik",Autumn,1891.0,19,Norwegian,landscape,Huile,400.0,315.0,1.2698412698412698,0.04761904761904767,data/raw/images/w/werenski/autumn.jpg
w__westerho__seine,images/w__westerho__seine.png,train,https://www.wga.hu/html/w/westerho/seine.html,"WESTERHOLM, Victor Axel",The Seine at Paris,1888.0,19,Finnish,landscape,Huile,400.0,292.0,1.36986301369863,0.026666666666666616,data/raw/images/w/westerho/seine.jpg
w__wet_j__furnace,images/w__wet_j__furnace.png,train,https://www.wga.hu/html/w/wet_j/furnace.html,"WET, Jacob Willemsz. de, the Elder",The Fiery Furnace,1650.0,17,Dutch,landscape,Huile,400.0,321.0,1.2461059190031152,0.06542056074766356,data/raw/images/w/wet_j/furnace.jpg
w__wheatley__viewglen,images/w__wheatley__viewglen.png,train,https://www.wga.hu/html/w/wheatley/viewglen.html,"WHEATLEY, Francis",A View of Glen Molaur,,18,English,landscape,Huile,400.0,281.0,1.4234875444839858,0.06333333333333346,data/raw/images/w/wheatley/viewglen.jpg
w__wieringe__warship,images/w__wieringe__warship.png,train,https://www.wga.hu/html/w/wieringe/warship.html,"WIERINGEN, Cornelis Claesz van",Coastal Landscape with a Warship at Anchor,,17,Dutch,landscape,Huile,400.0,234.0,1.7094017094017093,0.21999999999999997,data/raw/images/w/wieringe/warship.jpg
w__wyck__1thomas__harbour,images/w__wyck__1thomas__harbour.png,train,https://www.wga.hu/html/w/wyck/1thomas/harbour.html,"WIJCK, Thomas",Italianate Harbour Scene,1654.5,17,Dutch,landscape,Huile,400.0,318.0,1.2578616352201257,0.05660377358490565,data/raw/images/w/wyck/1thomas/harbour.jpg
w__wyck__1thomas__southern,images/w__wyck__1thomas__southern.png,train,https://www.wga.hu/html/w/wyck/1thomas/southern.html,"WIJCK, Thomas",Southern Landscape,,17,Dutch,landscape,Huile,400.0,273.0,1.465201465201465,0.08999999999999997,data/raw/images/w/wyck/1thomas/southern.jpg
w__wijntrac__twoducks,images/w__wijntrac__twoducks.png,train,https://www.wga.hu/html/w/wijntrac/twoducks.html,"WIJNTRACK, Dirck",A Buzzard Attacks Two Ducks,,17,Dutch,landscape,Huile,400.0,364.0,1.098901098901099,0.17582417582417575,data/raw/images/w/wijntrac/twoducks.jpg
w__wildens__landpeas,images/w__wildens__landpeas.png,train,https://www.wga.hu/html/w/wildens/landpeas.html,"WILDENS, Jan",Landscape with Peasants,,17,Flemish,landscape,Huile,400.0,303.0,1.3201320132013201,0.00990099009900991,data/raw/images/w/wildens/landpeas.jpg
w__wildens__landsc_s,images/w__wildens__landsc_s.png,train,https://www.wga.hu/html/w/wildens/landsc_s.html,"WILDENS, Jan",Landscape with Shepherds,1631.0,17,Flemish,landscape,Huile,400.0,264.0,1.5151515151515151,0.12,data/raw/images/w/wildens/landsc_s.jpg
w__wildens__landscap,images/w__wildens__landscap.png,train,https://www.wga.hu/html/w/wildens/landscap.html,"WILDENS, Jan",Landscape with Christ and his Disciples on the Road to Emmaus,1644.5,17,Flemish,landscape,Huile,400.0,290.0,1.3793103448275863,0.03333333333333344,data/raw/images/w/wildens/landscap.jpg
w__wildens__winter_l,images/w__wildens__winter_l.png,train,https://www.wga.hu/html/w/wildens/winter_l.html,"WILDENS, Jan",Winter Landscape with Hunter and Dogs,1624.0,17,Flemish,landscape,Huile,400.0,259.0,1.5444015444015444,0.13666666666666671,data/raw/images/w/wildens/winter_l.jpg
w__willaert__abraham__shiprock,images/w__willaert__abraham__shiprock.png,test,https://www.wga.hu/html/w/willaert/abraham/shiprock.html,"WILLAERTS, Abraham",Ships off Rocky Coast,1647.0,17,Dutch,landscape,Huile,400.0,270.0,1.4814814814814814,0.09999999999999998,data/raw/images/w/willaert/abraham/shiprock.jpg
w__willaert__abraham__ships,images/w__willaert__abraham__ships.png,train,https://www.wga.hu/html/w/willaert/abraham/ships.html,"WILLAERTS, Abraham",Ships Moored Off a Rocky Coastline,,17,Dutch,landscape,Huile,400.0,279.0,1.4336917562724014,0.07000000000000006,data/raw/images/w/willaert/abraham/ships.jpg
w__willaert__abraham__stormy,images/w__willaert__abraham__stormy.png,train,https://www.wga.hu/html/w/willaert/abraham/stormy.html,"WILLAERTS, Abraham",Stormy Sea,1626.0,17,Dutch,landscape,Huile,400.0,287.0,1.3937282229965158,0.043333333333333446,data/raw/images/w/willaert/abraham/stormy.jpg
w__willaert__abraham__warship,images/w__willaert__abraham__warship.png,test,https://www.wga.hu/html/w/willaert/abraham/warship.html,"WILLAERTS, Abraham",A Dutch Warship off a Harbour Firing a Salute,1640.0,17,Dutch,landscape,Huile,400.0,284.0,1.408450704225352,0.053333333333333344,data/raw/images/w/willaert/abraham/warship.jpg
w__willaert__adam__coastal,images/w__willaert__adam__coastal.png,train,https://www.wga.hu/html/w/willaert/adam/coastal.html,"WILLAERTS, Adam",Coastal Landscape with Ships,1616.0,17,Dutch,landscape,Huile,400.0,260.0,1.5384615384615385,0.13333333333333341,data/raw/images/w/willaert/adam/coastal.jpg
w__willaert__adam__coastal2,images/w__willaert__adam__coastal2.png,train,https://www.wga.hu/html/w/willaert/adam/coastal2.html,"WILLAERTS, Adam",Fortified Coastal Town,,17,Dutch,landscape,Huile,400.0,268.0,1.492537313432836,0.1066666666666668,data/raw/images/w/willaert/adam/coastal2.jpg
w__willaert__adam__shipwrec,images/w__willaert__adam__shipwrec.png,test,https://www.wga.hu/html/w/willaert/adam/shipwrec.html,"WILLAERTS, Adam",Shipwreck off a Rocky Coast,1614.0,17,Dutch,landscape,Autre,400.0,308.0,1.2987012987012987,0.025974025974025983,data/raw/images/w/willaert/adam/shipwrec.jpg
w__willaert__isaac__coastal,images/w__willaert__isaac__coastal.png,train,https://www.wga.hu/html/w/willaert/isaac/coastal.html,"WILLAERTS, Isaac",Coastal Landscape,1662.0,17,Dutch,landscape,Huile,400.0,250.0,1.6,0.16666666666666674,data/raw/images/w/willaert/isaac/coastal.jpg
w__william__edward__evening,images/w__william__edward__evening.png,train,https://www.wga.hu/html/w/william/edward/evening.html,"WILLIAMS, Edward Charles",A Summer Evening at Sonning,1859.0,19,English,landscape,Huile,400.0,264.0,1.5151515151515151,0.12,data/raw/images/w/william/edward/evening.jpg
w__william__edward__shadylan,images/w__william__edward__shadylan.png,test,https://www.wga.hu/html/w/william/edward/shadylan.html,"WILLIAMS, Edward Charles",A Shady Lane,1856.0,19,English,landscape,Huile,400.0,267.0,1.4981273408239701,0.1100000000000001,data/raw/images/w/william/edward/shadylan.jpg
w__william__george__pair1,images/w__william__george__pair1.png,train,https://www.wga.hu/html/w/william/george/pair1.html,"WILLIAMS, George Augustus",Fishermen in a Landscape,,19,English,landscape,Huile,400.0,265.0,1.509433962264151,0.11666666666666681,data/raw/images/w/william/george/pair1.jpg
w__william__george__pair2,images/w__william__george__pair2.png,train,https://www.wga.hu/html/w/william/george/pair2.html,"WILLIAMS, George Augustus",Woodcutters in a Landscape,,19,English,landscape,Huile,400.0,264.0,1.5151515151515151,0.12,data/raw/images/w/william/george/pair2.jpg
w__william__george__windsor,images/w__william__george__windsor.png,train,https://www.wga.hu/html/w/william/george/windsor.html,"WILLIAMS, George Augustus",Windsor Castle from the Thames,,19,English,landscape,Huile,400.0,260.0,1.5384615384615385,0.13333333333333341,data/raw/images/w/william/george/windsor.jpg
w__william__george__wooded,images/w__william__george__wooded.png,train,https://www.wga.hu/html/w/william/george/wooded.html,"WILLIAMS, George Augustus",Wooded Landscape,1874.5,19,English,landscape,Huile,400.0,248.0,1.6129032258064515,0.17333333333333334,data/raw/images/w/william/george/wooded.jpg
w__william__walter__cornfiel,images/w__william__walter__cornfiel.png,test,https://www.wga.hu/html/w/william/walter/cornfiel.html,"WILLIAMS, Walter",A Surrey Cornfield,1869.0,19,English,landscape,Huile,400.0,232.0,1.7241379310344827,0.22666666666666668,data/raw/images/w/william/walter/cornfiel.jpg
w__wilson__mawddach,images/w__wilson__mawddach.png,train,https://www.wga.hu/html/w/wilson/mawddach.html,"WILSON, Richard",The Mawddach Valley and Cader Idris,1774.0,18,English,landscape,Huile,400.0,333.0,1.2012012012012012,0.09909909909909909,data/raw/images/w/wilson/mawddach.jpg
w__wilson__snowdon,images/w__wilson__snowdon.png,train,https://www.wga.hu/html/w/wilson/snowdon.html,"WILSON, Richard",View of Snowdon from Llyn Nantlle,1766.0,18,English,landscape,Huile,400.0,322.0,1.2422360248447204,0.06832298136645965,data/raw/images/w/wilson/snowdon.jpg
w__wilson__viewtham,images/w__wilson__viewtham.png,train,https://www.wga.hu/html/w/wilson/viewtham.html,"WILSON, Richard",View of Syon House across the Thames near Kew Gardens,1760.0,18,English,landscape,Huile,400.0,291.0,1.3745704467353952,0.030000000000000027,data/raw/images/w/wilson/viewtham.jpg
w__wilson__w_monk,images/w__wilson__w_monk.png,train,https://www.wga.hu/html/w/wilson/w_monk.html,"WILSON, Richard",The White Monk,,18,English,landscape,Huile,400.0,311.0,1.2861736334405145,0.03536977491961413,data/raw/images/w/wilson/w_monk.jpg
w__withoos__capricci,images/w__withoos__capricci.png,train,https://www.wga.hu/html/w/withoos/capricci.html,"WITHOOS, Matthias",Architectural Capriccio,,17,Dutch,landscape,Huile,400.0,274.0,1.4598540145985401,0.08666666666666667,data/raw/images/w/withoos/capricci.jpg
w__withoos__graveyar,images/w__withoos__graveyar.png,train,https://www.wga.hu/html/w/withoos/graveyar.html,"WITHOOS, Matthias",Landscape with a Graveyard by Night,,17,Dutch,landscape,Huile,400.0,353.0,1.13314447592068,0.15014164305949007,data/raw/images/w/withoos/graveyar.jpg
w__witmont__wijdship,images/w__witmont__wijdship.png,train,https://www.wga.hu/html/w/witmont/wijdship.html,"WITMONT, Heerman",A Wijdschip Lowering Sail in a Choppy Sea,1650.0,17,Dutch,landscape,Autre,400.0,292.0,1.36986301369863,0.026666666666666616,data/raw/images/w/witmont/wijdship.jpg
w__wittel__2rome,images/w__wittel__2rome.png,test,https://www.wga.hu/html/w/wittel/2rome.html,"WITTEL, Caspar Andriaans van",Castel Sant'Angelo from the South,1694.5,17,Dutch,landscape,Huile,400.0,300.0,1.3333333333333333,0.0,data/raw/images/w/wittel/2rome.jpg
w__wittel__5rome,images/w__wittel__5rome.png,train,https://www.wga.hu/html/w/wittel/5rome.html,"WITTEL, Caspar Andriaans van",Rome: View of St Peter's and the Vatican Seen from Prati Di Castello,,17,Dutch,landscape,Huile,400.0,239.0,1.6736401673640167,0.20333333333333337,data/raw/images/w/wittel/5rome.jpg
w__wittel__6rome,images/w__wittel__6rome.png,train,https://www.wga.hu/html/w/wittel/6rome.html,"WITTEL, Caspar Andriaans van",Rome: View of the Arch of Titus,1714.5,17,Dutch,landscape,Huile,400.0,304.0,1.3157894736842106,0.013157894736842035,data/raw/images/w/wittel/6rome.jpg
w__wittel__7rome,images/w__wittel__7rome.png,train,https://www.wga.hu/html/w/wittel/7rome.html,"WITTEL, Caspar Andriaans van",Rome: A View of The Colosseum,,17,Dutch,landscape,Huile,400.0,298.0,1.342281879194631,0.006666666666666821,data/raw/images/w/wittel/7rome.jpg
w__wittel__8rome,images/w__wittel__8rome.png,train,https://www.wga.hu/html/w/wittel/8rome.html,"WITTEL, Caspar Andriaans van",Rome: The Villa Medici and Garden,1685.0,17,Dutch,landscape,Tempera,400.0,298.0,1.342281879194631,0.006666666666666821,data/raw/images/w/wittel/8rome.jpg
w__wittel__9rome,images/w__wittel__9rome.png,train,https://www.wga.hu/html/w/wittel/9rome.html,"WITTEL, Caspar Andriaans van",View of Rome with the Tiber and Castel Sant'Angelo,1685.0,17,Dutch,landscape,Tempera,400.0,289.0,1.3840830449826989,0.036666666666666625,data/raw/images/w/wittel/9rome.jpg
w__wittel__9rome3,images/w__wittel__9rome3.png,train,https://www.wga.hu/html/w/wittel/9rome3.html,"WITTEL, Caspar Andriaans van",Rome: A View of the Ponte Salario,,17,Dutch,landscape,Huile,400.0,254.0,1.5748031496062993,0.15333333333333343,data/raw/images/w/wittel/9rome3.jpg
w__wittel__florence,images/w__wittel__florence.png,train,https://www.wga.hu/html/w/wittel/florence.html,"WITTEL, Caspar Andriaans van",View of Florence from the Via Bolognese,1695.0,17,Dutch,landscape,Huile,400.0,237.0,1.6877637130801688,0.21000000000000008,data/raw/images/w/wittel/florence.jpg
w__wittel__venice,images/w__wittel__venice.png,train,https://www.wga.hu/html/w/wittel/venice.html,"WITTEL, Caspar Andriaans van",The Molo Seen from the Bacino di San Marco,1697.0,17,Dutch,landscape,Huile,400.0,229.0,1.7467248908296944,0.2366666666666667,data/raw/images/w/wittel/venice.jpg
w__wittel__venice1,images/w__wittel__venice1.png,train,https://www.wga.hu/html/w/wittel/venice1.html,"WITTEL, Caspar Andriaans van",The Piazzetta from the Bacino di San Marco,1700.0,17,Dutch,landscape,Huile,400.0,265.0,1.509433962264151,0.11666666666666681,data/raw/images/w/wittel/venice1.jpg
w__wittel__venice5,images/w__wittel__venice5.png,test,https://www.wga.hu/html/w/wittel/venice5.html,"WITTEL, Caspar Andriaans van","The Island of San Michele, Looking toward Murano",1704.5,17,Dutch,landscape,Huile,400.0,315.0,1.2698412698412698,0.04761904761904767,data/raw/images/w/wittel/venice5.jpg
w__wittel__verona,images/w__wittel__verona.png,train,https://www.wga.hu/html/w/wittel/verona.html,"WITTEL, Caspar Andriaans van",Verona: A View of the River Adige at San Giorgio in Braida,1714.5,17,Dutch,landscape,Huile,400.0,301.0,1.3289036544850499,0.0033222591362125353,data/raw/images/w/wittel/verona.jpg
w__wouters__dianares,images/w__wouters__dianares.png,train,https://www.wga.hu/html/w/wouters/dianares.html,"WOUTERS, Frans",Landscape with Diana Resting,1644.5,17,Flemish,landscape,Huile,400.0,373.0,1.0723860589812333,0.19571045576407498,data/raw/images/w/wouters/dianares.jpg
w__wouwerma__philips__cavalier,images/w__wouwerma__philips__cavalier.png,train,https://www.wga.hu/html/w/wouwerma/philips/cavalier.html,"WOUWERMAN, Philips",Cavalier Holding a Dappled Grey Horse,,17,Dutch,landscape,Huile,400.0,388.0,1.0309278350515463,0.2268041237113403,data/raw/images/w/wouwerma/philips/cavalier.jpg
w__wouwerma__philips__cavalry,images/w__wouwerma__philips__cavalry.png,train,https://www.wga.hu/html/w/wouwerma/philips/cavalry.html,"WOUWERMAN, Philips",Cavalry Battle in front of a Burning Mill,1664.5,17,Dutch,landscape,Huile,400.0,322.0,1.2422360248447204,0.06832298136645965,data/raw/images/w/wouwerma/philips/cavalry.jpg
w__wouwerma__philips__coastal,images/w__wouwerma__philips__coastal.png,train,https://www.wga.hu/html/w/wouwerma/philips/coastal.html,"WOUWERMAN, Philips",Coastal Landscape with the Dropping of Goods,,17,Dutch,landscape,Huile,400.0,279.0,1.4336917562724014,0.07000000000000006,data/raw/images/w/wouwerma/philips/coastal.jpg
w__wouwerma__philips__duneland,images/w__wouwerma__philips__duneland.png,train,https://www.wga.hu/html/w/wouwerma/philips/duneland.html,"WOUWERMAN, Philips",Dune Landscape with Figures,,17,Dutch,landscape,Huile,400.0,304.0,1.3157894736842106,0.013157894736842035,data/raw/images/w/wouwerma/philips/duneland.jpg
w__wouwerma__philips__dunes,images/w__wouwerma__philips__dunes.png,train,https://www.wga.hu/html/w/wouwerma/philips/dunes.html,"WOUWERMAN, Philips",Dune Landscape,1647.5,17,Dutch,landscape,Huile,400.0,293.0,1.3651877133105803,0.023333333333333428,data/raw/images/w/wouwerma/philips/dunes.jpg
w__wouwerma__philips__founderi,images/w__wouwerma__philips__founderi.png,train,https://www.wga.hu/html/w/wouwerma/philips/founderi.html,"WOUWERMAN, Philips",Ships Foundering in Stormy Seas,1654.5,17,Dutch,landscape,Huile,400.0,332.0,1.2048192771084338,0.09638554216867457,data/raw/images/w/wouwerma/philips/founderi.jpg
w__wouwerma__philips__haltcamp,images/w__wouwerma__philips__haltcamp.png,train,https://www.wga.hu/html/w/wouwerma/philips/haltcamp.html,"WOUWERMAN, Philips",The Halt at a Gypsy Camp,,17,Dutch,landscape,Huile,400.0,341.0,1.1730205278592376,0.12023460410557174,data/raw/images/w/wouwerma/philips/haltcamp.jpg
w__wouwerma__philips__hawking1,images/w__wouwerma__philips__hawking1.png,train,https://www.wga.hu/html/w/wouwerma/philips/hawking1.html,"WOUWERMAN, Philips",Landscape with a Hawking Party Stopped by a River,1650.0,17,Dutch,landscape,Huile,400.0,323.0,1.238390092879257,0.07120743034055721,data/raw/images/w/wouwerma/philips/hawking1.jpg
w__wouwerma__philips__horsefai,images/w__wouwerma__philips__horsefai.png,train,https://www.wga.hu/html/w/wouwerma/philips/horsefai.html,"WOUWERMAN, Philips",The Horse Fair,1665.0,17,Dutch,landscape,Huile,400.0,290.0,1.3793103448275863,0.03333333333333344,data/raw/images/w/wouwerma/philips/horsefai.jpg
w__wouwerma__philips__hunting,images/w__wouwerma__philips__hunting.png,train,https://www.wga.hu/html/w/wouwerma/philips/hunting.html,"WOUWERMAN, Philips",Halt of a Hunting Party,1665.0,17,Dutch,landscape,Huile,400.0,259.0,1.5444015444015444,0.13666666666666671,data/raw/images/w/wouwerma/philips/hunting.jpg
w__wouwerma__philips__huntsmen,images/w__wouwerma__philips__huntsmen.png,train,https://www.wga.hu/html/w/wouwerma/philips/huntsmen.html,"WOUWERMAN, Philips",Huntsmen Setting Out,,17,Dutch,landscape,Huile,400.0,275.0,1.4545454545454546,0.08333333333333337,data/raw/images/w/wouwerma/philips/huntsmen.jpg
w__wouwerma__philips__landpeas,images/w__wouwerma__philips__landpeas.png,train,https://www.wga.hu/html/w/wouwerma/philips/landpeas.html,"WOUWERMAN, Philips",Landscape with Peasants by a Cottage,1652.0,17,Dutch,landscape,Huile,400.0,313.0,1.2779552715654952,0.04153354632587858,data/raw/images/w/wouwerma/philips/landpeas.jpg
w__wouwerma__philips__landscap,images/w__wouwerma__philips__landscap.png,train,https://www.wga.hu/html/w/wouwerma/philips/landscap.html,"WOUWERMAN, Philips",Landscape with Bathers,1660.0,17,Dutch,landscape,Huile,400.0,277.0,1.444043321299639,0.07666666666666677,data/raw/images/w/wouwerma/philips/landscap.jpg
w__wouwerma__philips__manege,images/w__wouwerma__philips__manege.png,test,https://www.wga.hu/html/w/wouwerma/philips/manege.html,"WOUWERMAN, Philips",Manege Riding in the Open Air,1650.0,17,Dutch,landscape,Huile,400.0,316.0,1.2658227848101267,0.050632911392405,data/raw/images/w/wouwerma/philips/manege.jpg
w__wouwerma__philips__mountain,images/w__wouwerma__philips__mountain.png,train,https://www.wga.hu/html/w/wouwerma/philips/mountain.html,"WOUWERMAN, Philips",Mountainous Landscape with a Hut,1650.0,17,Dutch,landscape,Huile,400.0,282.0,1.4184397163120568,0.06000000000000005,data/raw/images/w/wouwerma/philips/mountain.jpg
w__wouwerma__philips__pathdune,images/w__wouwerma__philips__pathdune.png,train,https://www.wga.hu/html/w/wouwerma/philips/pathdune.html,"WOUWERMAN, Philips",Path through the Dunes,,17,Dutch,landscape,Huile,400.0,319.0,1.2539184952978057,0.059561128526645635,data/raw/images/w/wouwerma/philips/pathdune.jpg
w__wouwerma__philips__riding,images/w__wouwerma__philips__riding.png,train,https://www.wga.hu/html/w/wouwerma/philips/riding.html,"WOUWERMAN, Philips",Riding School,,17,Dutch,landscape,Huile,400.0,331.0,1.2084592145015105,0.09365558912386707,data/raw/images/w/wouwerma/philips/riding.jpg
w__wouwerma__philips__rocky,images/w__wouwerma__philips__rocky.png,train,https://www.wga.hu/html/w/wouwerma/philips/rocky.html,"WOUWERMAN, Philips",Rocky Landscape with Resting Travellers,1650.0,17,Dutch,landscape,Huile,400.0,286.0,1.3986013986013985,0.046666666666666634,data/raw/images/w/wouwerma/philips/rocky.jpg
w__wouwerma__philips__sceneroc,images/w__wouwerma__philips__sceneroc.png,train,https://www.wga.hu/html/w/wouwerma/philips/sceneroc.html,"WOUWERMAN, Philips",Scene on a Rocky Road,1648.5,17,Dutch,landscape,Huile,400.0,279.0,1.4336917562724014,0.07000000000000006,data/raw/images/w/wouwerma/philips/sceneroc.jpg
w__wouwerma__philips__set_hunt,images/w__wouwerma__philips__set_hunt.png,train,https://www.wga.hu/html/w/wouwerma/philips/set_hunt.html,"WOUWERMAN, Philips",Setting out on the Hunt,1662.5,17,Dutch,landscape,Huile,400.0,275.0,1.4545454545454546,0.08333333333333337,data/raw/images/w/wouwerma/philips/set_hunt.jpg
w__wouwerma__philips__staghunt,images/w__wouwerma__philips__staghunt.png,train,https://www.wga.hu/html/w/wouwerma/philips/staghunt.html,"WOUWERMAN, Philips",Stag Hunt in a River,1654.5,17,Dutch,landscape,Huile,400.0,265.0,1.509433962264151,0.11666666666666681,data/raw/images/w/wouwerma/philips/staghunt.jpg
w__wouwerma__philips__watering,images/w__wouwerma__philips__watering.png,test,https://www.wga.hu/html/w/wouwerma/philips/watering.html,"WOUWERMAN, Philips",The Watering Place,1657.5,17,Dutch,landscape,Huile,400.0,318.0,1.2578616352201257,0.05660377358490565,data/raw/images/w/wouwerma/philips/watering.jpg
w__wouwerma__philips__white_hx,images/w__wouwerma__philips__white_hx.png,train,https://www.wga.hu/html/w/wouwerma/philips/white_hx.html,"WOUWERMAN, Philips",White Horse in a Landscape with a Groom,,17,Dutch,landscape,Huile,400.0,390.0,1.0256410256410255,0.23076923076923084,data/raw/images/w/wouwerma/philips/white_hx.jpg
w__wouwerma__philips__winterla,images/w__wouwerma__philips__winterla.png,train,https://www.wga.hu/html/w/wouwerma/philips/winterla.html,"WOUWERMAN, Philips",Winter Landscape with Wooden Bridge,,17,Dutch,landscape,Huile,400.0,328.0,1.2195121951219512,0.08536585365853655,data/raw/images/w/wouwerma/philips/winterla.jpg
w__wright__cloister,images/w__wright__cloister.png,train,https://www.wga.hu/html/w/wright/cloister.html,"WRIGHT, Joseph",The Cloister of San Cosimato,1789.0,18,English,landscape,Huile,400.0,294.0,1.3605442176870748,0.020000000000000018,data/raw/images/w/wright/cloister.jpg
w__wright__earthsto,images/w__wright__earthsto.png,train,https://www.wga.hu/html/w/wright/earthsto.html,"WRIGHT, Joseph",Earthstopper at the Bank of Derwent,1773.0,18,English,landscape,Huile,400.0,317.0,1.2618296529968454,0.05362776025236593,data/raw/images/w/wright/earthsto.jpg
w__wright__lakenem,images/w__wright__lakenem.png,train,https://www.wga.hu/html/w/wright/lakenem.html,"WRIGHT, Joseph",View of Lake Nemi,1792.5,18,English,landscape,Huile,400.0,276.0,1.4492753623188406,0.08000000000000007,data/raw/images/w/wright/lakenem.jpg
w__wright__lakenemi,images/w__wright__lakenemi.png,train,https://www.wga.hu/html/w/wright/lakenemi.html,"WRIGHT, Joseph",View of the Lake of Nemi,1792.5,18,English,landscape,Huile,400.0,308.0,1.2987012987012987,0.025974025974025983,data/raw/images/w/wright/lakenemi.jpg
w__wright__rainbow,images/w__wright__rainbow.png,train,https://www.wga.hu/html/w/wright/rainbow.html,"WRIGHT, Joseph",Landscape with Rainbow,1795.0,18,English,landscape,Huile,400.0,308.0,1.2987012987012987,0.025974025974025983,data/raw/images/w/wright/rainbow.jpg
w__wright__vesuvius,images/w__wright__vesuvius.png,train,https://www.wga.hu/html/w/wright/vesuvius.html,"WRIGHT, Joseph",View of Vesuvius from Posilippo,,18,English,landscape,Huile,400.0,306.0,1.3071895424836601,0.019607843137254832,data/raw/images/w/wright/vesuvius.jpg
w__wright__view1,images/w__wright__view1.png,train,https://www.wga.hu/html/w/wright/view1.html,"WRIGHT, Joseph",A Grotto in the Gulf of Salerno,1780.0,18,English,landscape,Huile,400.0,286.0,1.3986013986013985,0.046666666666666634,data/raw/images/w/wright/view1.jpg
w__wright__view2,images/w__wright__view2.png,train,https://www.wga.hu/html/w/wright/view2.html,"WRIGHT, Joseph","View of San Felice Circeo, near Gaeta, Italy",1475.0,18,English,landscape,Huile,400.0,232.0,1.7241379310344827,0.22666666666666668,data/raw/images/w/wright/view2.jpg
w__wright__view3,images/w__wright__view3.png,train,https://www.wga.hu/html/w/wright/view3.html,"WRIGHT, Joseph","View of Florence and the Arno, Looking West",,18,English,landscape,Huile,400.0,309.0,1.2944983818770226,0.029126213592232997,data/raw/images/w/wright/view3.jpg
w__wutky__eruption,images/w__wutky__eruption.png,train,https://www.wga.hu/html/w/wutky/eruption.html,"WUTKY, Michael",The Summit of Vesuvius Erupting,,18,Austrian,landscape,Huile,400.0,254.0,1.5748031496062993,0.15333333333333343,data/raw/images/w/wutky/eruption.jpg
w__wutky__fumarole,images/w__wutky__fumarole.png,test,https://www.wga.hu/html/w/wutky/fumarole.html,"WUTKY, Michael",The Campi Phlegraei near Naples and the Bay of Baiae,,18,Austrian,landscape,Huile,400.0,308.0,1.2987012987012987,0.025974025974025983,data/raw/images/w/wutky/fumarole.jpg
w__wutky__moonlit,images/w__wutky__moonlit.png,train,https://www.wga.hu/html/w/wutky/moonlit.html,"WUTKY, Michael",Moonlit Scene on the Tiber near Rome,,18,Austrian,landscape,Huile,400.0,317.0,1.2618296529968454,0.05362776025236593,data/raw/images/w/wutky/moonlit.jpg
w__wutky__waterfal,images/w__wutky__waterfal.png,train,https://www.wga.hu/html/w/wutky/waterfal.html,"WUTKY, Michael",Italian Landscape with a Waterfall,,18,Austrian,landscape,Huile,400.0,317.0,1.2618296529968454,0.05362776025236593,data/raw/images/w/wutky/waterfal.jpg
w__wyck__2jan__boating,images/w__wyck__2jan__boating.png,train,https://www.wga.hu/html/w/wyck/2jan/boating.html,"WYCK, Jan",A Boating Scene,,17,Dutch,landscape,Huile,400.0,261.0,1.5325670498084292,0.13000000000000012,data/raw/images/w/wyck/2jan/boating.jpg
w__wyck__2jan__cavalry,images/w__wyck__2jan__cavalry.png,train,https://www.wga.hu/html/w/wyck/2jan/cavalry.html,"WYCK, Jan",A Cavalry Battle Scene,,17,Dutch,landscape,Huile,400.0,281.0,1.4234875444839858,0.06333333333333346,data/raw/images/w/wyck/2jan/cavalry.jpg
w__wyck__2jan__ext_land,images/w__wyck__2jan__ext_land.png,train,https://www.wga.hu/html/w/wyck/2jan/ext_land.html,"WYCK, Jan",Extensive Landscape,1694.0,17,Dutch,landscape,Huile,400.0,232.0,1.7241379310344827,0.22666666666666668,data/raw/images/w/wyck/2jan/ext_land.jpg
w__wynants__landdune,images/w__wynants__landdune.png,train,https://www.wga.hu/html/w/wynants/landdune.html,"WYNANTS, Jan",Landscape with Dune,,17,Dutch,landscape,Huile,400.0,281.0,1.4234875444839858,0.06333333333333346,data/raw/images/w/wynants/landdune.jpg
w__wynants__landdunf,images/w__wynants__landdunf.png,train,https://www.wga.hu/html/w/wynants/landdunf.html,"WYNANTS, Jan",Dune Landscape,,17,Dutch,landscape,Huile,400.0,308.0,1.2987012987012987,0.025974025974025983,data/raw/images/w/wynants/landdunf.jpg
w__wynants__road_fo,images/w__wynants__road_fo.png,train,https://www.wga.hu/html/w/wynants/road_fo.html,"WYNANTS, Jan",Wooded Landscape with a Dead Tree,1667.0,17,Dutch,landscape,Huile,400.0,288.0,1.3888888888888888,0.040000000000000036,data/raw/images/w/wynants/road_fo.jpg
w__wynants__ruined_a,images/w__wynants__ruined_a.png,train,https://www.wga.hu/html/w/wynants/ruined_a.html,"WYNANTS, Jan",Landscape with a Ruined Archway,,17,Dutch,landscape,Huile,400.0,321.0,1.2461059190031152,0.06542056074766356,data/raw/images/w/wynants/ruined_a.jpg
w__wynants__woodedla,images/w__wynants__woodedla.png,train,https://www.wga.hu/html/w/wynants/woodedla.html,"WYNANTS, Jan",Wooded Landscape,1674.5,17,Dutch,landscape,Huile,400.0,313.0,1.2779552715654952,0.04153354632587858,data/raw/images/w/wynants/woodedla.jpg
w__wynants__woodeve,images/w__wynants__woodeve.png,train,https://www.wga.hu/html/w/wynants/woodeve.html,"WYNANTS, Jan",Wooded Evening Landscape,,17,Dutch,landscape,Huile,400.0,318.0,1.2578616352201257,0.05660377358490565,data/raw/images/w/wynants/woodeve.jpg
z__zais__ancient,images/z__zais__ancient.png,train,https://www.wga.hu/html/z/zais/ancient.html,"ZAIS, Giuseppe",Ancient Ruins with a Great Arch and a Column,1737.5,18,Italian,landscape,Huile,400.0,264.0,1.5151515151515151,0.12,data/raw/images/z/zais/ancient.jpg
z__zais__landsc_a,images/z__zais__landsc_a.png,train,https://www.wga.hu/html/z/zais/landsc_a.html,"ZAIS, Giuseppe",Landscape with Ruins and Archway,1730.0,18,Italian,landscape,Huile,400.0,264.0,1.5151515151515151,0.12,data/raw/images/z/zais/landsc_a.jpg
z__zais__landsc_p,images/z__zais__landsc_p.png,train,https://www.wga.hu/html/z/zais/landsc_p.html,"ZAIS, Giuseppe",Landscape,,18,Italian,landscape,Huile,400.0,302.0,1.3245033112582782,0.0066225165562913135,data/raw/images/z/zais/landsc_p.jpg
z__zais__landsc_r,images/z__zais__landsc_r.png,train,https://www.wga.hu/html/z/zais/landsc_r.html,"ZAIS, Giuseppe",Landscape with River and Bridge,1740.0,18,Italian,landscape,Huile,400.0,266.0,1.5037593984962405,0.11333333333333329,data/raw/images/z/zais/landsc_r.jpg
z__zais__landsc_s,images/z__zais__landsc_s.png,train,https://www.wga.hu/html/z/zais/landsc_s.html,"ZAIS, Giuseppe",Landscape with Shepherds and Fishermen,,18,Italian,landscape,Huile,400.0,275.0,1.4545454545454546,0.08333333333333337,data/raw/images/z/zais/landsc_s.jpg
z__zais__landsca1,images/z__zais__landsca1.png,train,https://www.wga.hu/html/z/zais/landsca1.html,"ZAIS, Giuseppe",Italianate Landscape,,18,Italian,landscape,Huile,400.0,291.0,1.3745704467353952,0.030000000000000027,data/raw/images/z/zais/landsca1.jpg
z__zais__pastoral,images/z__zais__pastoral.png,train,https://www.wga.hu/html/z/zais/pastoral.html,"ZAIS, Giuseppe",Pastoral Landscape,,18,Italian,landscape,Huile,400.0,291.0,1.3745704467353952,0.030000000000000027,data/raw/images/z/zais/pastoral.jpg
z__zais__seaport,images/z__zais__seaport.png,train,https://www.wga.hu/html/z/zais/seaport.html,"ZAIS, Giuseppe",Southern Seaport,,18,Italian,landscape,Huile,400.0,295.0,1.3559322033898304,0.01666666666666672,data/raw/images/z/zais/seaport.jpg
z__zandomen__2federic__federi02,images/z__zandomen__2federic__federi02.png,train,https://www.wga.hu/html/z/zandomen/2federic/federi02.html,"ZANDOMENEGHI, Federico",Honeymoon (Fishing on the Seine),1877.0,19,Italian,landscape,Huile,400.0,228.0,1.7543859649122806,0.24,data/raw/images/z/zandomen/2federic/federi02.jpg
z__zandomen__2federic__federi06,images/z__zandomen__2federic__federi06.png,train,https://www.wga.hu/html/z/zandomen/2federic/federi06.html,"ZANDOMENEGHI, Federico","Place d'Anvers, Paris",1880.0,19,Italian,landscape,Huile,400.0,290.0,1.3793103448275863,0.03333333333333344,data/raw/images/z/zandomen/2federic/federi06.jpg
z__ziem__ziem1,images/z__ziem__ziem1.png,train,https://www.wga.hu/html/z/ziem/ziem1.html,"ZIEM, Félix","Riva degli Schiavoni, Venice",,19,French,landscape,Huile,400.0,289.0,1.3840830449826989,0.036666666666666625,data/raw/images/z/ziem/ziem1.jpg
z__ziem__ziem2,images/z__ziem__ziem2.png,train,https://www.wga.hu/html/z/ziem/ziem2.html,"ZIEM, Félix",Venetian Fishing Boat,,19,French,landscape,Techniques sur papier,400.0,282.0,1.4184397163120568,0.06000000000000005,data/raw/images/z/ziem/ziem2.jpg
z__ziem__ziem3,images/z__ziem__ziem3.png,train,https://www.wga.hu/html/z/ziem/ziem3.html,"ZIEM, Félix",Harbour at Constantinople,1885.0,19,French,landscape,Huile,400.0,227.0,1.7621145374449338,0.2433333333333333,data/raw/images/z/ziem/ziem3.jpg
z__ziem__ziem4,images/z__ziem__ziem4.png,train,https://www.wga.hu/html/z/ziem/ziem4.html,"ZIEM, Félix","Doge's Palace, Venice",1842.0,19,French,landscape,Huile,400.0,276.0,1.4492753623188406,0.08000000000000007,data/raw/images/z/ziem/ziem4.jpg
z__ziem__ziem5,images/z__ziem__ziem5.png,train,https://www.wga.hu/html/z/ziem/ziem5.html,"ZIEM, Félix","Golden Horn, Constantinople",,19,French,landscape,Huile,400.0,242.0,1.6528925619834711,0.19333333333333336,data/raw/images/z/ziem/ziem5.jpg
z__ziem__ziem6,images/z__ziem__ziem6.png,test,https://www.wga.hu/html/z/ziem/ziem6.html,"ZIEM, Félix","Riva degli Schiavone, Venice",1847.0,19,French,landscape,Huile,400.0,252.0,1.5873015873015872,0.16000000000000003,data/raw/images/z/ziem/ziem6.jpg
z__ziem__ziem7,images/z__ziem__ziem7.png,train,https://www.wga.hu/html/z/ziem/ziem7.html,"ZIEM, Félix","San Simeone Piccolo, Venice",1865.0,19,French,landscape,Huile,400.0,309.0,1.2944983818770226,0.029126213592232997,data/raw/images/z/ziem/ziem7.jpg
z__ziem__ziem8,images/z__ziem__ziem8.png,test,https://www.wga.hu/html/z/ziem/ziem8.html,"ZIEM, Félix","The Rialto Bridge, Venice",,19,French,landscape,Huile,400.0,308.0,1.2987012987012987,0.025974025974025983,data/raw/images/z/ziem/ziem8.jpg
z__ziem__ziem9,images/z__ziem__ziem9.png,train,https://www.wga.hu/html/z/ziem/ziem9.html,"ZIEM, Félix",A View of Venice,,19,French,landscape,Huile,400.0,297.0,1.3468013468013469,0.01000000000000012,data/raw/images/z/ziem/ziem9.jpg
z__ziem__ziem91,images/z__ziem__ziem91.png,train,https://www.wga.hu/html/z/ziem/ziem91.html,"ZIEM, Félix",Venice: Cannon Shot in the Basin,,19,French,landscape,Huile,400.0,245.0,1.6326530612244898,0.18333333333333335,data/raw/images/z/ziem/ziem91.jpg
z__zocchi__giuseppe__firenze1,images/z__zocchi__giuseppe__firenze1.png,train,https://www.wga.hu/html/z/zocchi/giuseppe/firenze1.html,"ZOCCHI, Giuseppe",The Piazza della Signoria in Florence,,18,Italian,landscape,Huile,400.0,255.0,1.5686274509803921,0.15000000000000002,data/raw/images/z/zocchi/giuseppe/firenze1.jpg
z__zocchi__giuseppe__firenze2,images/z__zocchi__giuseppe__firenze2.png,train,https://www.wga.hu/html/z/zocchi/giuseppe/firenze2.html,"ZOCCHI, Giuseppe",View af the Arno in Florence,,18,Italian,landscape,Huile,400.0,255.0,1.5686274509803921,0.15000000000000002,data/raw/images/z/zocchi/giuseppe/firenze2.jpg
z__zuccarel__bullhunt,images/z__zuccarel__bullhunt.png,train,https://www.wga.hu/html/z/zuccarel/bullhunt.html,"ZUCCARELLI, Francesco",Bull-Hunting,1736.0,18,Italian,landscape,Huile,400.0,299.0,1.3377926421404682,0.0033333333333334103,data/raw/images/z/zuccarel/bullhunt.jpg
z__zuccarel__fisherme,images/z__zuccarel__fisherme.png,train,https://www.wga.hu/html/z/zuccarel/fisherme.html,"ZUCCARELLI, Francesco",Fishermen and Other Figures beside a Flowing Stream,,18,Italian,landscape,Huile,400.0,279.0,1.4336917562724014,0.07000000000000006,data/raw/images/z/zuccarel/fisherme.jpg
z__zuccarel__land_cow,images/z__zuccarel__land_cow.png,train,https://www.wga.hu/html/z/zuccarel/land_cow.html,"ZUCCARELLI, Francesco",Landscape with a Woman Leading a Cow,1774.0,18,Italian,landscape,Huile,400.0,272.0,1.4705882352941178,0.09333333333333349,data/raw/images/z/zuccarel/land_cow.jpg
z__zuccarel__landbrid,images/z__zuccarel__landbrid.png,train,https://www.wga.hu/html/z/zuccarel/landbrid.html,"ZUCCARELLI, Francesco",Landscape with Bridge,1735.0,18,Italian,landscape,Huile,400.0,299.0,1.3377926421404682,0.0033333333333334103,data/raw/images/z/zuccarel/landbrid.jpg
z__zuccarel__landgirl,images/z__zuccarel__landgirl.png,train,https://www.wga.hu/html/z/zuccarel/landgirl.html,"ZUCCARELLI, Francesco",Landscape with Girls at the River,1764.5,18,Italian,landscape,Huile,400.0,348.0,1.1494252873563218,0.13793103448275867,data/raw/images/z/zuccarel/landgirl.jpg
z__zuccarel__p_landsc,images/z__zuccarel__p_landsc.png,train,https://www.wga.hu/html/z/zuccarel/p_landsc.html,"ZUCCARELLI, Francesco",Landscape,,18,Italian,landscape,Huile,400.0,341.0,1.1730205278592376,0.12023460410557174,data/raw/images/z/zuccarel/p_landsc.jpg
